-- phpMyAdmin SQL Dump
-- version 4.7.4
-- https://www.phpmyadmin.net/
--
-- Hôte : 127.0.0.1:3306
-- Généré le :  mer. 03 oct. 2018 à 04:27
-- Version du serveur :  5.7.19
-- Version de PHP :  5.6.31

SET SQL_MODE = "NO_AUTO_VALUE_ON_ZERO";
SET AUTOCOMMIT = 0;
START TRANSACTION;
SET time_zone = "+00:00";


/*!40101 SET @OLD_CHARACTER_SET_CLIENT=@@CHARACTER_SET_CLIENT */;
/*!40101 SET @OLD_CHARACTER_SET_RESULTS=@@CHARACTER_SET_RESULTS */;
/*!40101 SET @OLD_COLLATION_CONNECTION=@@COLLATION_CONNECTION */;
/*!40101 SET NAMES utf8mb4 */;

--
-- Base de données :  `db_msacademy`
--

-- --------------------------------------------------------

--
-- Structure de la table `agenda`
--

CREATE TABLE `agenda` (
  `id` int(11) NOT NULL,
  `title` varchar(255) CHARACTER SET latin1 NOT NULL,
  `content` text CHARACTER SET latin1 NOT NULL,
  `start_date` datetime NOT NULL,
  `end_date` datetime DEFAULT NULL,
  `all_day` enum('0','1') CHARACTER SET latin1 DEFAULT '0',
  `state` int(11) NOT NULL DEFAULT '1'
) ENGINE=InnoDB DEFAULT CHARSET=utf8 COLLATE=utf8_general_mysql500_ci;

--
-- Déchargement des données de la table `agenda`
--

INSERT INTO `agenda` (`id`, `title`, `content`, `start_date`, `end_date`, `all_day`, `state`) VALUES
(1, 'Nouvelles vagues de formation dans l\'informatique', '<p><strong>A compter du 1er Octobre 2017</strong> le centre de formation vous offre de nouvelles formations dans l&#39;informatique et la langue.</p>', '2017-10-01 08:00:00', '0000-00-00 00:00:00', '0', 1),
(2, 'Plateforme MOBISOFT bientôt disponible', '<p>Le centre de formation mettra &agrave; la disposition de ses utilisateurs une plateforme mobile pour la r&eacute;ception des notifications du centre</p>', '2017-09-30 00:00:00', '0000-00-00 00:00:00', '0', 1),
(3, 'pocket', '<p>azertyui <strong>zertyu </strong>ertyu <strong><em>ertyuikl </em></strong>ghbj</p>', '2017-09-04 00:00:00', '0000-00-00 00:00:00', '0', 1),
(4, 'news in', '<p>azerty</p>', '2017-09-04 00:00:00', NULL, '0', 1),
(5, 'laste', '<p>last</p>', '2017-09-04 13:00:00', NULL, '0', 1),
(6, 'Démarrage d\'une nouvelle vague d\'enseignement dans le Développement sites web et d\'applications', '<p>Les inscriptions pour l&#39;apprentissage du d&eacute;veloppement d&#39;application ont d&eacute;j&agrave; commenc&eacute;; venez apprendre &agrave; programmer ou a d&eacute;velopper (avec des outils) dans les langages tels que&nbsp;</p><ul><li>Visual Basic</li><li>WinDev</li><li>Java</li><li>HTML CSS</li><li>PHP</li><li>et bien d&#39;autres...</li></ul><p>Inscrivez-vous d&egrave;s maintenant pour garrantir votre place.</p>', '2017-11-12 09:00:00', '0000-00-00 00:00:00', '0', 1),
(7, 'Remise des Certificats de Formation aux apprenants', '<p>Les apprenants des vagues 17Z001 (Apprentissage des outils de Bureautique) et 17Z003 (Initiation &agrave; la Saisie et au traitement de Texte) sont invit&eacute;s &agrave; recup&eacute;rer leur Certificat de Fin de Formation le Mardi 14 Novembre 2017 &agrave; partir de 11H pr&eacute;cise.</p>', '2017-11-14 11:00:00', NULL, '0', 1);

-- --------------------------------------------------------

--
-- Structure de la table `availability`
--

CREATE TABLE `availability` (
  `id` int(11) NOT NULL,
  `user` int(11) NOT NULL,
  `day` enum('lundi','mardi','mercredi','jeudi','vendredi','samedi') COLLATE utf8_general_mysql500_ci NOT NULL,
  `available` enum('0','1') COLLATE utf8_general_mysql500_ci NOT NULL,
  `start_date` date NOT NULL,
  `period` int(11) NOT NULL
) ENGINE=InnoDB DEFAULT CHARSET=utf8 COLLATE=utf8_general_mysql500_ci;

--
-- Déchargement des données de la table `availability`
--

INSERT INTO `availability` (`id`, `user`, `day`, `available`, `start_date`, `period`) VALUES
(19, 39, 'lundi', '0', '2017-09-25', 1),
(20, 39, 'mardi', '1', '2017-09-25', 1),
(21, 39, 'mercredi', '0', '2017-09-25', 1),
(22, 39, 'jeudi', '1', '2017-09-25', 1),
(23, 39, 'vendredi', '1', '2017-09-25', 1),
(24, 39, 'samedi', '0', '2017-09-25', 1),
(25, 39, 'lundi', '0', '2017-09-25', 2),
(26, 39, 'mardi', '1', '2017-09-25', 2),
(27, 39, 'mercredi', '0', '2017-09-25', 2),
(28, 39, 'jeudi', '1', '2017-09-25', 2),
(29, 39, 'vendredi', '1', '2017-09-25', 2),
(30, 39, 'samedi', '0', '2017-09-25', 2),
(31, 39, 'lundi', '0', '2017-09-25', 3),
(32, 39, 'mardi', '1', '2017-09-25', 3),
(33, 39, 'mercredi', '0', '2017-09-25', 3),
(34, 39, 'jeudi', '1', '2017-09-25', 3),
(35, 39, 'vendredi', '1', '2017-09-25', 3),
(36, 39, 'samedi', '0', '2017-09-25', 3),
(37, 41, 'lundi', '1', '2017-10-02', 1),
(38, 41, 'mardi', '1', '2017-10-02', 1),
(39, 41, 'mercredi', '1', '2017-10-02', 1),
(40, 41, 'jeudi', '1', '2017-10-02', 1),
(41, 41, 'vendredi', '1', '2017-10-02', 1),
(42, 41, 'samedi', '0', '2017-10-02', 1),
(43, 41, 'lundi', '1', '2017-10-02', 2),
(44, 41, 'mardi', '1', '2017-10-02', 2),
(45, 41, 'mercredi', '1', '2017-10-02', 2),
(46, 41, 'jeudi', '1', '2017-10-02', 2),
(47, 41, 'vendredi', '1', '2017-10-02', 2),
(48, 41, 'samedi', '0', '2017-10-02', 2),
(49, 41, 'lundi', '1', '2017-10-02', 3),
(50, 41, 'mardi', '1', '2017-10-02', 3),
(51, 41, 'mercredi', '1', '2017-10-02', 3),
(52, 41, 'jeudi', '1', '2017-10-02', 3),
(53, 41, 'vendredi', '1', '2017-10-02', 3),
(54, 41, 'samedi', '0', '2017-10-02', 3),
(55, 45, 'lundi', '0', '2017-11-13', 1),
(56, 45, 'mardi', '0', '2017-11-13', 1),
(57, 45, 'mercredi', '0', '2017-11-13', 1),
(58, 45, 'jeudi', '0', '2017-11-13', 1),
(59, 45, 'vendredi', '0', '2017-11-13', 1),
(60, 45, 'samedi', '0', '2017-11-13', 1),
(61, 45, 'lundi', '0', '2017-11-13', 2),
(62, 45, 'mardi', '0', '2017-11-13', 2),
(63, 45, 'mercredi', '0', '2017-11-13', 2),
(64, 45, 'jeudi', '0', '2017-11-13', 2),
(65, 45, 'vendredi', '0', '2017-11-13', 2),
(66, 45, 'samedi', '0', '2017-11-13', 2),
(67, 45, 'lundi', '0', '2017-11-13', 3),
(68, 45, 'mardi', '0', '2017-11-13', 3),
(69, 45, 'mercredi', '0', '2017-11-13', 3),
(70, 45, 'jeudi', '0', '2017-11-13', 3),
(71, 45, 'vendredi', '0', '2017-11-13', 3),
(72, 45, 'samedi', '0', '2017-11-13', 3),
(73, 78, 'lundi', '0', '2018-08-20', 1),
(74, 78, 'mardi', '1', '2018-08-20', 1),
(75, 78, 'mercredi', '1', '2018-08-20', 1),
(76, 78, 'jeudi', '0', '2018-08-20', 1),
(77, 78, 'vendredi', '0', '2018-08-20', 1),
(78, 78, 'samedi', '1', '2018-08-20', 1),
(79, 78, 'lundi', '0', '2018-08-20', 2),
(80, 78, 'mardi', '0', '2018-08-20', 2),
(81, 78, 'mercredi', '0', '2018-08-20', 2),
(82, 78, 'jeudi', '1', '2018-08-20', 2),
(83, 78, 'vendredi', '0', '2018-08-20', 2),
(84, 78, 'samedi', '0', '2018-08-20', 2),
(85, 78, 'lundi', '1', '2018-08-20', 3),
(86, 78, 'mardi', '0', '2018-08-20', 3),
(87, 78, 'mercredi', '0', '2018-08-20', 3),
(88, 78, 'jeudi', '0', '2018-08-20', 3),
(89, 78, 'vendredi', '1', '2018-08-20', 3),
(90, 78, 'samedi', '0', '2018-08-20', 3);

-- --------------------------------------------------------

--
-- Structure de la table `category`
--

CREATE TABLE `category` (
  `id` int(11) NOT NULL,
  `name` varchar(128) COLLATE utf8_general_mysql500_ci NOT NULL,
  `forum` int(11) NOT NULL,
  `post_nbr` int(11) NOT NULL DEFAULT '0',
  `permalink` varchar(255) COLLATE utf8_general_mysql500_ci DEFAULT NULL
) ENGINE=InnoDB DEFAULT CHARSET=utf8 COLLATE=utf8_general_mysql500_ci;

--
-- Déchargement des données de la table `category`
--

INSERT INTO `category` (`id`, `name`, `forum`, `post_nbr`, `permalink`) VALUES
(1, 'COMPTABILITÉ INFORMATISÉE ET DE GESTION', 1, 2, 'comptabilite-informatisee-et-de-gestion'),
(2, 'MAINTENANCE INFORMATIQUE', 1, 0, 'maintenance-informatique'),
(3, 'RÉSEAUX INFORMATIQUES ET ADMINISTRATION', 1, 0, 'reseaux-informatiques-et-administration'),
(4, 'SECRÉTARIAT BUREAUTIQUE', 1, 0, 'secretariat-bureautique'),
(5, 'ALGORITHME ET PROGRAMMATION (C, C++, JAVA, PASCAL)', 1, 0, 'algorithme-et-programmation-c-c-java-pascal'),
(6, 'DÉVELOPPEMENT D’APPLICATION (WINDEV, VISUAL STUDIO,...)', 1, 1, 'developpement-dapplication-windev-visual-studio'),
(7, 'DÉVELOPPEMENT D’APPLICATIONS WEB', 1, 1, 'developpement-dapplications-web'),
(8, 'LANGUE ANGLAISE', 1, 0, 'langue-anglaise'),
(9, 'CONCEPTION ET RÉALISATION DES BASES DE DONNÉES RELATIONNELLES', 1, 0, 'conception-et-realisation-des-bases-de-donnees-relationnelles'),
(10, 'GRAPHISME ET PRODUCTION', 1, 0, 'graphisme-et-production'),
(11, 'ANALYSE DE DONNÉES AVEC SPSS', 1, 0, 'analyse-de-donnees-avec-spss'),
(12, 'CARTOGRAPHIE ASSISTÉE PAR ORDINATEUR', 1, 0, 'cartographie-assistee-par-ordinateur'),
(13, 'INITIATION À LA SAISIE ET AU TRAITEMENT DE TEXTE', 1, 0, 'initiation-a-la-saisie-et-au-traitement-de-texte'),
(14, 'INTERNET ET APPLICATIONS', 1, 0, 'internet-et-applications'),
(15, 'MAINTENANCE INFORMATIQUE AVANCÉE', 1, 0, 'maintenance-informatique-avancee'),
(16, 'MISE EN FORME / FINALISATION DES MÉMOIRES ET RAPPORTS ACADÉMIQUES', 1, 0, 'mise-en-forme-finalisation-des-memoires-et-rapports-academiques'),
(17, 'PRÉSENTATION ASSISTÉE PAR ORDINATEUR', 1, 1, 'presentation-assistee-par-ordinateur'),
(18, 'PROGRAMMATION EXCEL', 1, 0, 'programmation-excel'),
(19, 'COMPTABILITÉ ASSISTÉE PAR ORDINATEUR', 1, 0, 'comptabilite-assistee-par-ordinateur'),
(20, 'DESSINS INDUSTRIELS', 1, 0, 'dessins-industriels'),
(21, 'TIC FOR BEGINNERS', 1, 0, 'tic-for-beginners');

-- --------------------------------------------------------

--
-- Structure de la table `ci_sessions`
--

CREATE TABLE `ci_sessions` (
  `session_id` varchar(40) COLLATE utf8_general_mysql500_ci NOT NULL DEFAULT '0',
  `ip_address` varchar(16) COLLATE utf8_general_mysql500_ci NOT NULL DEFAULT '0',
  `user_agent` varchar(120) COLLATE utf8_general_mysql500_ci NOT NULL,
  `last_activity` int(10) UNSIGNED NOT NULL DEFAULT '0',
  `user_data` text COLLATE utf8_general_mysql500_ci NOT NULL
) ENGINE=InnoDB DEFAULT CHARSET=utf8 COLLATE=utf8_general_mysql500_ci;

-- --------------------------------------------------------

--
-- Structure de la table `comment`
--

CREATE TABLE `comment` (
  `id` int(11) NOT NULL,
  `content` text COLLATE utf8_general_mysql500_ci NOT NULL,
  `post_date` datetime NOT NULL,
  `user` int(11) NOT NULL,
  `visible` enum('0','1') COLLATE utf8_general_mysql500_ci DEFAULT '0',
  `post` int(11) NOT NULL
) ENGINE=InnoDB DEFAULT CHARSET=utf8 COLLATE=utf8_general_mysql500_ci;

--
-- Déchargement des données de la table `comment`
--

INSERT INTO `comment` (`id`, `content`, `post_date`, `user`, `visible`, `post`) VALUES
(1, '<p>et aussi en passant quelqu&#39;un aurait il le crack de ce logiciel?</p>', '2017-09-04 18:46:56', 1, '1', 1),
(2, '<p>en le t&eacute;l&eacute;hargent</p>', '2017-11-20 19:24:08', 21, '1', 4),
(3, '<p>Bonjour je peux te montrer comment faire. J &#39;ai les logiciels. contactes moi au 694 86 23 13</p>', '2017-12-04 14:48:44', 31, '1', 4),
(4, '<p>ceci est un forum, vous pourrez lui donner des d&eacute;tails plus pr&eacute;cis svp</p><p><strong>merci</strong></p>', '2017-12-24 05:33:28', 1, '1', 4);

-- --------------------------------------------------------

--
-- Structure de la table `document`
--

CREATE TABLE `document` (
  `id` int(11) NOT NULL,
  `name` varchar(256) COLLATE utf8_general_mysql500_ci NOT NULL,
  `path` varchar(256) COLLATE utf8_general_mysql500_ci NOT NULL,
  `user` int(11) NOT NULL,
  `post_date` datetime DEFAULT NULL,
  `download_nbr` int(10) UNSIGNED NOT NULL DEFAULT '0',
  `code` char(16) COLLATE utf8_general_mysql500_ci DEFAULT NULL,
  `last_publish_date` datetime NOT NULL
) ENGINE=InnoDB DEFAULT CHARSET=utf8 COLLATE=utf8_general_mysql500_ci;

--
-- Déchargement des données de la table `document`
--

INSERT INTO `document` (`id`, `name`, `path`, `user`, `post_date`, `download_nbr`, `code`, `last_publish_date`) VALUES
(2, 'travail à faire.pdf', 'assets/uploads/documents/travail_à_faire.pdf', 1, '2017-09-08 16:51:44', 0, 'DOC0809170000', '0000-00-00 00:00:00'),
(3, 'travail à faire.docx', 'assets/uploads/documents/travail_à_faire.docx', 1, '2017-09-08 16:51:44', 0, 'DOC0809170001', '0000-00-00 00:00:00'),
(4, 'Budget.docx', 'assets/uploads/documents/budgetdocx.docx', 1, '2017-09-11 10:05:04', 0, 'DOC1109170002', '0000-00-00 00:00:00'),
(5, 'Document testé.docx', 'assets/uploads/documents/document-testedocx.docx', 1, '2017-09-11 10:05:48', 0, 'DOC1109170003', '0000-00-00 00:00:00'),
(6, 'Document testé.docx', 'assets/uploads/documents/document-teste.docx', 1, '2017-09-11 10:17:00', 0, 'DOC1109170004', '0000-00-00 00:00:00'),
(7, 'S23-10-17.pdf', 'assets/uploads/documents/s23-10-17.pdf', 1, '2017-10-23 06:47:55', 0, 'DOC2310170005', '0000-00-00 00:00:00'),
(8, 'S06-11-17.pdf', 'assets/uploads/documents/s06-11-17.pdf', 1, '2017-11-10 08:24:10', 0, 'DOC1011170006', '0000-00-00 00:00:00'),
(9, 'S11-12-17.pdf', 'assets/uploads/documents/s11-12-17.pdf', 1, '2017-12-07 18:34:00', 0, 'DOC0712170007', '0000-00-00 00:00:00'),
(10, 'S18-12-17.docx', 'assets/uploads/documents/s18-12-17.docx', 1, '2017-12-18 20:30:38', 0, 'DOC1812170008', '0000-00-00 00:00:00'),
(11, 'S18-12-17.pdf', 'assets/uploads/documents/s18-12-17.pdf', 1, '2017-12-18 20:32:13', 0, 'DOC1812170009', '0000-00-00 00:00:00');

-- --------------------------------------------------------

--
-- Structure de la table `evaluation`
--

CREATE TABLE `evaluation` (
  `id` int(11) NOT NULL,
  `lesson` int(11) NOT NULL,
  `ev_percent` tinyint(3) UNSIGNED NOT NULL,
  `label` varchar(64) COLLATE utf8_general_mysql500_ci NOT NULL,
  `code` varchar(32) COLLATE utf8_general_mysql500_ci NOT NULL
) ENGINE=InnoDB DEFAULT CHARSET=utf8 COLLATE=utf8_general_mysql500_ci;

--
-- Déchargement des données de la table `evaluation`
--

INSERT INTO `evaluation` (`id`, `lesson`, `ev_percent`, `label`, `code`) VALUES
(1, 1, 10, 'Travail Personnel d’Initiation ', 'TPI'),
(2, 1, 40, 'Contrôle Continu 1 ', 'CC1'),
(3, 1, 50, 'Contrôle Continu 2', 'CC2'),
(4, 1, 20, 'Travail Personnel Avancé ', 'TPA'),
(5, 1, 30, 'Rapport de Bureautique ', 'RPB'),
(6, 1, 50, 'Examen de Spécialité', 'EXS'),
(7, 2, 10, 'Travail Personnel d’Initiation', 'TPI'),
(8, 2, 40, 'Contrôle Continu 1 ', 'CC1'),
(9, 2, 50, 'Contrôle Continu 2', 'CC2'),
(10, 2, 30, 'Travail Personnel Avancé', 'TPA'),
(11, 2, 70, 'Examen de Spécialité ', 'EXS'),
(12, 3, 10, 'Travail Personnel d’Initiation ', 'TPI'),
(13, 3, 40, 'Contrôle Continu 1', 'CC1'),
(14, 3, 50, 'Contrôle Continu 2', 'CC2'),
(15, 3, 20, 'Travail Personnel Avancé ', 'TPA'),
(17, 3, 40, 'Examen de Réseaux', 'EXR'),
(18, 4, 10, 'Contrôle Continu 1', 'CC1'),
(19, 4, 50, 'Contrôle Continu 2', 'CC2'),
(20, 4, 30, 'Travail Personnel Avancé ', 'TPA'),
(21, 4, 70, 'Examen de Spécialité ', 'EXS'),
(22, 5, 10, 'Travail Personnel d’Initiation ', 'TPI'),
(23, 5, 40, 'Contrôle Continu 1 ', 'CC1'),
(24, 5, 50, 'Contrôle Continu 2', 'CC2'),
(25, 5, 30, 'Travail Personnel Avancé', 'TPA'),
(26, 5, 70, 'Projet de Synthèse', 'PRS'),
(27, 6, 20, 'Travail Personnel d’Initiation ', 'TPI'),
(28, 6, 80, 'Projet d’initiation', 'PRI'),
(29, 6, 30, 'Travail Personnel Avancé ', 'TPA'),
(30, 6, 70, 'Projet de Synthèse', 'PRS'),
(31, 7, 20, 'Travail Personnel d’Initiation', 'TPI'),
(32, 7, 80, 'Projet d’initiation', 'PRI'),
(33, 7, 30, 'Travail Personnel Avancé ', 'TPA'),
(34, 7, 70, 'Projet de Synthèse', 'PRS'),
(35, 8, 20, 'Travail Personnel d’Initiation ', 'TPI'),
(36, 8, 40, 'Contrôle Continu 1 ', 'CC1'),
(37, 8, 50, 'Contrôle Continu 2', 'CC2'),
(38, 8, 30, 'Travail Personnel Avancé ', 'TPA'),
(39, 8, 70, 'Projet de Synthèse ', 'PRS'),
(40, 10, 20, 'Travail Personnel d’Initiation ', 'TPI'),
(41, 10, 80, 'Projet d’initiation ', 'PRI'),
(42, 10, 30, 'Travail Personnel Avancé', 'TPA'),
(43, 10, 70, 'Projet de Synthèse ', 'PRS'),
(44, 11, 30, 'Travail Personnel d’Initiation ', 'TPI'),
(45, 11, 70, 'Examen de Spécialité ', 'EXS'),
(46, 12, 30, 'Travail Personnel d’Initiation ', 'TPI'),
(47, 12, 70, 'Rapport de Bureautique ', 'RPB'),
(48, 13, 30, 'Travail Personnel d’Initiation', 'TPI'),
(49, 13, 70, 'Projet de Synthèse', 'PRS'),
(50, 14, 30, 'Travail Personnel d’Initiation ', 'TPI'),
(51, 14, 70, 'Examen de Spécialité ', 'EXS'),
(52, 15, 30, 'Travail Personnel d’Initiation ', 'TPI'),
(53, 15, 70, 'Examen de Spécialité ', 'EXS'),
(54, 16, 30, 'Travail Personnel d’Initiation ', 'TPI'),
(55, 16, 70, 'Projet de Synthèse ', 'PRS'),
(56, 17, 30, 'Travail Personnel d’Initiation ', 'TPI'),
(57, 17, 70, 'Examen de Spécialité ', 'EXS'),
(58, 18, 30, 'Travail Personnel d’Initiation ', 'TPI'),
(59, 18, 70, 'Projet de Synthèse ', 'PRS'),
(60, 19, 30, 'Travail Personnel d’Initiation ', 'TPI'),
(61, 19, 70, 'Examen de Spécialité ', 'EXS'),
(62, 20, 30, 'Travail Personnel d’Initiation ', 'TPI'),
(63, 20, 70, 'Projet de Synthèse ', 'PRS'),
(64, 21, 100, 'Examen de spécialité', 'EXS'),
(65, 4, 10, 'Travail Personnel d’Initiation ', 'TPI'),
(66, 22, 20, 'Travail Personnel d\'initiation', 'TPI'),
(67, 22, 30, 'Contrôle Continu ', 'CC'),
(68, 22, 50, 'Examen de Spécialité', 'EXS'),
(69, 23, 20, 'Travail Personnel d’Initiation ', 'TPI'),
(70, 23, 80, 'Projet d’initiation', 'PRI'),
(71, 23, 30, 'Travail Personnel Avancé ', 'TPA'),
(72, 23, 70, 'Projet de Synthèse', 'PRS');

-- --------------------------------------------------------

--
-- Structure de la table `evaluation_plannings`
--

CREATE TABLE `evaluation_plannings` (
  `id` int(11) NOT NULL,
  `week` date NOT NULL,
  `document` int(11) NOT NULL,
  `publish_date` datetime DEFAULT NULL
) ENGINE=MyISAM DEFAULT CHARSET=utf8 COLLATE=utf8_general_mysql500_ci;

--
-- Déchargement des données de la table `evaluation_plannings`
--

INSERT INTO `evaluation_plannings` (`id`, `week`, `document`, `publish_date`) VALUES
(14, '2017-10-23', 7, '2017-10-23 06:50:51'),
(15, '2017-11-10', 8, '2017-11-10 08:24:24'),
(16, '2017-12-11', 9, '2017-12-07 18:34:24'),
(17, '2017-12-18', 11, '2017-12-18 20:32:52');

-- --------------------------------------------------------

--
-- Structure de la table `evaluation_results`
--

CREATE TABLE `evaluation_results` (
  `id` int(11) NOT NULL,
  `promotion` int(10) UNSIGNED NOT NULL,
  `ready` int(11) NOT NULL DEFAULT '0',
  `published` int(11) NOT NULL DEFAULT '0',
  `date` datetime DEFAULT NULL,
  `evaluation` int(11) DEFAULT '0'
) ENGINE=MyISAM DEFAULT CHARSET=utf8 COLLATE=utf8_general_mysql500_ci;

--
-- Déchargement des données de la table `evaluation_results`
--

INSERT INTO `evaluation_results` (`id`, `promotion`, `ready`, `published`, `date`, `evaluation`) VALUES
(23, 10, 1, 1, '2017-12-30 09:43:20', 56),
(22, 2, 1, 1, '2017-11-10 13:49:08', 68),
(21, 2, 1, 1, '2017-11-07 11:12:59', 66),
(20, 2, 1, 1, '2017-11-07 11:13:02', 67),
(19, 3, 1, 1, '2017-11-07 12:11:02', 44),
(18, 3, 1, 1, '2017-11-07 12:11:09', 45),
(24, 10, 1, 1, '2017-12-30 09:43:20', 57),
(25, 7, 1, 0, NULL, 40),
(26, 8, 1, 0, NULL, 12),
(27, 8, 1, 0, NULL, 13),
(28, 6, 1, 1, '2018-03-31 11:48:30', 1),
(29, 5, 1, 0, NULL, 7),
(30, 5, 1, 0, NULL, 8),
(31, 9, 1, 1, '2018-03-09 08:21:43', 69),
(32, 9, 1, 1, '2018-03-09 08:21:43', 70),
(33, 9, 1, 1, '2018-03-09 08:21:43', 71),
(34, 4, 1, 1, '2018-02-08 11:53:18', 44),
(35, 4, 1, 1, '2018-02-08 11:53:18', 45),
(36, 15, 1, 1, '2018-02-06 14:13:13', 48),
(37, 15, 1, 1, '2018-02-06 14:13:13', 49),
(38, 6, 1, 1, '2018-03-31 11:48:30', 4),
(39, 12, 1, 1, '2018-03-31 11:46:48', 1),
(40, 6, 1, 1, '2018-03-31 11:48:30', 3),
(41, 13, 1, 1, '2018-03-31 11:48:01', 2),
(42, 7, 1, 0, NULL, 41),
(43, 12, 1, 1, '2018-03-31 11:46:48', 2),
(44, 11, 1, 0, NULL, 13),
(45, 16, 1, 1, '2018-03-31 11:46:31', 1),
(46, 9, 1, 1, '2018-03-09 08:21:43', 72),
(47, 13, 1, 1, '2018-03-31 11:48:01', 1),
(48, 16, 1, 1, '2018-03-31 11:46:31', 2),
(49, 12, 1, 1, '2018-03-31 11:46:48', 3),
(50, 6, 1, 1, '2018-03-31 11:48:30', 6),
(51, 6, 1, 1, '2018-03-31 11:48:30', 2),
(52, 13, 1, 1, '2018-03-31 11:48:01', 3),
(53, 11, 1, 0, NULL, 14),
(54, 11, 1, 0, NULL, 12),
(55, 13, 1, 1, '2018-03-31 11:48:01', 5),
(56, 13, 1, 1, '2018-03-31 11:48:01', 4),
(57, 12, 1, 1, '2018-03-31 11:46:48', 5),
(58, 16, 1, 1, '2018-03-31 11:46:31', 3),
(59, 16, 1, 1, '2018-03-31 11:46:31', 5),
(60, 16, 1, 1, '2018-03-31 11:46:31', 4),
(61, 12, 1, 1, '2018-03-31 11:46:48', 4),
(62, 6, 1, 1, '2018-03-31 11:48:30', 5),
(63, 12, 1, 1, '2018-03-31 11:46:48', 6),
(64, 16, 1, 1, '2018-03-31 11:46:31', 6),
(65, 13, 1, 1, '2018-03-31 11:48:01', 6),
(66, 19, 1, 1, '2018-05-07 10:10:46', 44),
(67, 19, 1, 1, '2018-05-07 10:10:46', 45),
(68, 11, 1, 0, NULL, 17),
(69, 11, 1, 0, NULL, 15),
(70, 18, 1, 0, NULL, 2),
(71, 18, 1, 0, NULL, 1),
(72, 18, 1, 0, NULL, 4),
(73, 7, 1, 0, NULL, 43),
(74, 7, 1, 0, NULL, 42),
(75, 17, 1, 0, NULL, 8),
(76, 18, 1, 0, NULL, 3),
(77, 20, 1, 0, NULL, 2),
(78, 20, 1, 0, NULL, 1);

-- --------------------------------------------------------

--
-- Structure de la table `e_answer`
--

CREATE TABLE `e_answer` (
  `id_aswr` int(11) NOT NULL,
  `proposition` varchar(202) CHARACTER SET latin1 NOT NULL,
  `id_qst` int(11) NOT NULL
) ENGINE=InnoDB DEFAULT CHARSET=utf8mb4 COLLATE=utf8mb4_unicode_ci;

--
-- Déchargement des données de la table `e_answer`
--

INSERT INTO `e_answer` (`id_aswr`, `proposition`, `id_qst`) VALUES
(1, 'Un progiciel de calculs', 27),
(2, 'Un logiciel de traitement de calculs complexes', 27),
(3, 'Un logiel de calculs complexes et divers', 27),
(4, 'Un progiciel multi-usage', 27),
(5, 'Accueil', 28),
(6, 'Affichage', 28),
(7, 'Aucun', 28),
(8, 'Insertion', 28),
(9, 'Depuis l\'onglet insertion', 29),
(10, 'Depuis le menu Transition', 29),
(11, 'Depuis le bouton Inserer un tableau', 29),
(12, 'Depuis le bouton Inserer un objet', 29),
(13, 'Question vague', 30),
(14, 'Présenter les reférences d\'un document', 30),
(15, '=A1+A2', 31),
(16, 'A1+A2', 31),
(17, '=SOMME(A1, A2)', 31),
(18, 'Aucune réponse', 31),
(19, 'En agrandissant la première lettre.', 26),
(20, 'En Réduisant la taille du texte', 26),
(21, 'En changeant de police sur les lettres', 26),
(22, 'En changent interligne des phrases et paragraphes', 26),
(23, 'Impossible', 25),
(24, 'Changer la police d\'écriture', 25),
(25, 'Changer la taille de la police', 25),
(26, 'Depuis l\'onglet affichage', 25),
(27, 'Créer la forme puis entrer du texte au clavier', 24),
(28, 'POURQUOI LE FAIRE ,', 24),
(29, 'AUCUNE R2PONSE N4EST JUSTE', 24),
(30, 'Tout est dans les onglets', 24),
(31, 'Insertion-pied de page', 23),
(32, 'Accueil-pied de page', 23),
(33, 'Affichage-pied de page', 23),
(34, 'Fichier-propriétés', 22),
(35, 'Fichier-documents', 22),
(36, 'Aucun des réponses !', 22),
(37, 'Cela dépend de plusieurs paramètres !', 22),
(38, 'Il faut récupérer le nom de l\'utilisateur sur la session de création.', 22),
(39, 'Block Note', 32),
(40, 'Note pad', 32),
(41, 'Code Blocks', 32),
(42, 'test media player', 32),
(43, 'C\'est une règle de saisie obligatoire', 33),
(44, 'Pour éviter tous accident de perte', 33),
(45, 'Pour mettre à jour le document', 33),
(46, 'Pour controller les faute d\'orthographe', 33);

-- --------------------------------------------------------

--
-- Structure de la table `e_build`
--

CREATE TABLE `e_build` (
  `id_bld` int(11) NOT NULL,
  `num_ex` int(11) DEFAULT NULL,
  `id_ex` int(11) NOT NULL,
  `id_test` int(11) NOT NULL
) ENGINE=InnoDB DEFAULT CHARSET=utf8mb4 COLLATE=utf8mb4_unicode_ci;

--
-- Déchargement des données de la table `e_build`
--

INSERT INTO `e_build` (`id_bld`, `num_ex`, `id_ex`, `id_test`) VALUES
(1, 1, 24, 1),
(2, 2, 25, 1),
(3, 3, 28, 1),
(4, 4, 29, 1),
(5, 1, 2, 2),
(6, 2, 3, 2),
(7, 1, 39, 8),
(8, 2, 40, 8),
(9, NULL, 34, 9),
(10, NULL, 36, 9),
(11, NULL, 37, 9),
(12, NULL, 39, 9);

-- --------------------------------------------------------

--
-- Structure de la table `e_chapter`
--

CREATE TABLE `e_chapter` (
  `id_chap` int(11) NOT NULL,
  `num_chap` int(11) NOT NULL,
  `title_chap` varchar(50) CHARACTER SET latin1 NOT NULL,
  `content` text CHARACTER SET latin1 NOT NULL COMMENT 'nouveau',
  `id_lesson` int(11) NOT NULL COMMENT 'nouveau id_mod Avant',
  `date` datetime NOT NULL COMMENT 'nouveau',
  `last_modify` datetime NOT NULL COMMENT 'nouveau',
  `id_user` int(11) NOT NULL COMMENT 'nouveau',
  `status` enum('0','1') CHARACTER SET latin1 NOT NULL DEFAULT '1',
  `id_mod` int(11) DEFAULT NULL,
  `duration_chap` time DEFAULT NULL
) ENGINE=InnoDB DEFAULT CHARSET=utf8mb4 COLLATE=utf8mb4_unicode_ci;

--
-- Déchargement des données de la table `e_chapter`
--

INSERT INTO `e_chapter` (`id_chap`, `num_chap`, `title_chap`, `content`, `id_lesson`, `date`, `last_modify`, `id_user`, `status`, `id_mod`, `duration_chap`) VALUES
(1, 1, 'Connaissances des outils de developpement modifier', 'Nous en distinguons plusieurs...\r\nNous nous intéresserons ici qu\'aux fondementaux qui sont ...', 6, '2018-07-11 03:15:10', '2018-07-11 03:22:19', 6, '0', 3, '00:00:01'),
(2, 2, 'PRISE DE CONNAISSANCES 2 (Prerequis)', 'Les objectifs sont les suivants....', 6, '2018-07-11 02:04:03', '2018-07-11 03:26:28', 6, '0', NULL, '00:00:01'),
(4, 2, 'PRISE DE CONNAISSANCES 2 (Prerequis)', 'Ceci est un test d\'execution\r\nCeci est un test d\'execution\r\nCeci est un test d\'execution\r\nCeci est un test d\'execution\r\nCeci est un test d\'execution\r\nCeci est un test d\'execution\r\nCeci est un test d\'execution \r\n....', 8, '2018-07-11 03:56:39', '2018-07-11 03:56:39', 6, '0', 2, '00:00:01'),
(5, 1, 'Encore un Chapitre', 'Ceci est un nouveau Chapitre pour cette lecon D\'Initiation a la saie et au Traitement de texte...\r\n', 11, '2018-07-27 03:11:33', '2018-07-27 03:11:33', 6, '0', NULL, '00:00:01'),
(7, 2, 'kccccccccccccccccccccccccccc', 'kjcccccccccccccccccccccccccccccccccccccccccccccvbbbbbbbbbbbbbbbbbbbbbbbbbbbbbbbbbbbbbbbbbbbbbbbbbbb\r\na', 1, '2018-07-27 04:24:22', '2018-08-01 12:03:57', 6, '1', NULL, '00:00:01'),
(8, 2, 'scs', 'csdcsc', 3, '2018-07-27 05:35:31', '2018-07-27 05:35:31', 6, '0', 67, '00:00:01'),
(9, 1, 'gewwwglp', 'Je ne suis pas un texte, je suis un chapitre :)\r\nerfnerkjvkrvnvejviejnrvjuiurnvuiernvsdfvvvvvvvvvvvvvvvvvvvvvvvvvvvvvv', 1, '2018-07-31 07:27:40', '2018-07-31 09:49:23', 6, '0', NULL, '00:00:01'),
(10, 1, 'cecwev', 'ccccccccccccccccccccccc', 1, '2018-07-31 10:47:40', '2018-07-31 10:47:40', 6, '0', NULL, '00:00:01'),
(11, 1, 'Intro à la saisie et au traitement de textes', '<br><b><div class=\"h4\"> Exemple de contenu de cours: <b><br><label style=\"color: greeb\"> Objectifs :</label> <br><ul><li>Comprendre la notion théorique de réseau informatique à travers les\r\nquestionnements tels : qu’est-ce qu’un réseau informatique ? pourquoi les\r\nréseaux ? comment fonctionnent-ils ? avec quoi ? comment ? quelles sont les\r\ndifférentes topologies (logiques et physiques) ? etc.</li>\r\n<li>Maîtriser l’adressage réseau : les adresses, les classes d’adresses, pourquoi\r\nl’adressage ? …</li>\r\n<li>L’organisation physique des réseaux ;</li>\r\n<li>L’exploitation des services classiques susceptibles d’être offerts par un\r\nréseau Windows: le partage des ressources matérielles (lecteurs, disques\r\ndurs, imprimantes, …) et logicielles (données, programmes, connexion\r\nInternet, …) ;</li>\r\n<li>La maîtrise des éléments physiques entrant la configuration des réseaux :\r\ncartes réseaux (installations et configurations, consultations de l’état\r\n(opérationnel ou non), Switchs, Routeurs, la connectique nécessaire, …</li>\r\n<li>Le montage physique des réseaux type Ethernet (100 Base-T) : préparation\r\ndes éléments d’interconnexion (sertissage des câbles, installation des\r\nSwitchs,…) ;</li></div><div class=\"h4\"><p style=\"text-align: center\">I- Définitions/Généralités sur les réseaux informatiques</p>\r\n<p style=\"text-align: center\">I-1 Définitions</p>\r\n<label style=\"margin-left:10px>\"Un réseau (Network)</label><p> <p style=\"text-align: center\">C\'est un ensemble d\'ordinateurs et périphériques\r\ninterconnectés. Il permet de faire circuler des données informatiques et ainsi\r\nd\'échanger du texte, des images, de la vidéo ou du son entre chaque équipement\r\nselon des règles et protocoles bien définis.\r\nEn d’autres termes, un réseau est une structure, un ensemble qui relie plusieurs\r\néléments entre eux selon une architecture physique ou topologie physique, afin\r\nqu\'ils communiquent, s\'échangent des informations, divisent intelligemment le\r\ntravail pour une meilleur efficacité.\r\n<p style=\"text-align: center\">I-2 Historique</p>\r\nDepuis l’antiquité, l’homme n’a pas cessé de chercher les différents moyens (parole, gestes de la\r\nmain, signaux de fumée, tam-tam, document écrit,...) pour faire véhiculer le message à son\r\ncorrespondant, et donc pour communiquer. Ainsi, l’être humain, à travers des époques\r\nsuccessives, a fournit ses efforts intellectuels aussi bien que physiques afin de découvrir des\r\nméthodes de communications adéquates.\r\nLe fruit de ces efforts a été couronné, pour la première fois dans l’histoire des\r\ntélécommunications, par l’invention de télégraphe optique (1er réseau de Télécommunications).\r\nEt, après la découverte de l’électricité, ce télégraphe optique s’est évolué vers le télégraphe\r\nélectrique. Et en 1965, une nouvelle technologie voit le jour c’est le téléphone proposé par\r\nF.Bourseul.\r\nEn 1870, le britannique J.Maxwell va mener vers de très importants progrès lors de ces études\r\ndes ondes électromagnétiques et a démontré que ces ondes voyagent aussi bien dans le vide que\r\ndans la matière, à la vitesse de la lumière. Cela a permet de réaliser les premières expériences de\r\nla radio (transmission sans fil) en 1895, par le physicien Marconi.</p></div></div>', 1, '2018-08-02 05:08:18', '2018-08-09 04:20:35', 78, '1', 1, '02:30:00'),
(12, 2, 'Techiniques de mise en forme', '<br><b><div class=\"h4\"> Exemple de contenu de cours: <b><br><label style=\"color: greeb\"> Objectifs :</label> <br><ul><li>Comprendre la notion théorique de réseau informatique à travers les\r\nquestionnements tels : qu’est-ce qu’un réseau informatique ? pourquoi les\r\nréseaux ? comment fonctionnent-ils ? avec quoi ? comment ? quelles sont les\r\ndifférentes topologies (logiques et physiques) ? etc.</li>\r\n<li>Maîtriser l’adressage réseau : les adresses, les classes d’adresses, pourquoi\r\nl’adressage ? …</li>\r\n<li>L’organisation physique des réseaux ;</li>\r\n<li>L’exploitation des services classiques susceptibles d’être offerts par un\r\nréseau Windows: le partage des ressources matérielles (lecteurs, disques\r\ndurs, imprimantes, …) et logicielles (données, programmes, connexion\r\nInternet, …) ;</li>\r\n<li>La maîtrise des éléments physiques entrant la configuration des réseaux :\r\ncartes réseaux (installations et configurations, consultations de l’état\r\n(opérationnel ou non), Switchs, Routeurs, la connectique nécessaire, …</li>\r\n<li>Le montage physique des réseaux type Ethernet (100 Base-T) : préparation\r\ndes éléments d’interconnexion (sertissage des câbles, installation des\r\nSwitchs,…) ;</li></div><div class=\"h4\"><p style=\"text-align: center\">I- Définitions/Généralités sur les réseaux informatiques</p>\r\n<p style=\"text-align: center\">I-1 Définitions</p>\r\n<label style=\"margin-left:10px>\"Un réseau (Network)</label><p> <p style=\"text-align: center\">C\'est un ensemble d\'ordinateurs et périphériques\r\ninterconnectés. Il permet de faire circuler des données informatiques et ainsi\r\nd\'échanger du texte, des images, de la vidéo ou du son entre chaque équipement\r\nselon des règles et protocoles bien définis.\r\nEn d’autres termes, un réseau est une structure, un ensemble qui relie plusieurs\r\néléments entre eux selon une architecture physique ou topologie physique, afin\r\nqu\'ils communiquent, s\'échangent des informations, divisent intelligemment le\r\ntravail pour une meilleur efficacité.\r\n<p style=\"text-align: center\">I-2 Historique</p>\r\nDepuis l’antiquité, l’homme n’a pas cessé de chercher les différents moyens (parole, gestes de la\r\nmain, signaux de fumée, tam-tam, document écrit,...) pour faire véhiculer le message à son\r\ncorrespondant, et donc pour communiquer. Ainsi, l’être humain, à travers des époques\r\nsuccessives, a fournit ses efforts intellectuels aussi bien que physiques afin de découvrir des\r\nméthodes de communications adéquates.\r\nLe fruit de ces efforts a été couronné, pour la première fois dans l’histoire des\r\ntélécommunications, par l’invention de télégraphe optique (1er réseau de Télécommunications).\r\nEt, après la découverte de l’électricité, ce télégraphe optique s’est évolué vers le télégraphe\r\nélectrique. Et en 1965, une nouvelle technologie voit le jour c’est le téléphone proposé par\r\nF.Bourseul.\r\nEn 1870, le britannique J.Maxwell va mener vers de très importants progrès lors de ces études\r\ndes ondes électromagnétiques et a démontré que ces ondes voyagent aussi bien dans le vide que\r\ndans la matière, à la vitesse de la lumière. Cela a permet de réaliser les premières expériences de\r\nla radio (transmission sans fil) en 1895, par le physicien Marconi.</p></div></div>', 1, '2018-08-23 04:25:16', '2018-08-31 07:27:15', 78, '1', 1, '03:00:00'),
(13, 1, 'Liens hyper-texts et Messagerie (http, gmail, ...)', 'Objectifs<ul><li>Comprendre la notion théorique de réseau informatique à travers les questionnements tels : qu’est-ce qu’un réseau informatique ? pourquoi les réseaux ? comment fonctionnent-ils ? avec quoi ? comment ? quelles sont les différentes topologies (logiques et physiques) ? etc. </li><li>Maîtriser l’adressage réseau : les adresses, les classes d’adresses, pourquoi l’adressage ? … </li><li>L’organisation physique des réseaux ;</li><li> L’exploitation des services classiques susceptibles d’être offerts par un réseau Windows: le partage des ressources matérielles (lecteurs, disques durs, imprimantes, …) et logicielles (données, programmes, connexion Internet, …) ;</li><li> La maîtrise des éléments physiques entrant la configuration des réseaux : cartes réseaux (installations et configurations, consultations de l’état (opérationnel ou non), Switchs, Routeurs, la connectique nécessaire, … </li><li>Le montage physique des réseaux type Ethernet (100 Base-T) : préparation des éléments d’interconnexion (sertissage des câbles, installation des Switchs,…) ;', 21, '2018-08-12 00:00:00', '2018-08-12 00:00:00', 78, '1', 67, '04:30:00');

-- --------------------------------------------------------

--
-- Structure de la table `e_communication`
--

CREATE TABLE `e_communication` (
  `id_com` int(11) NOT NULL,
  `message` varchar(202) CHARACTER SET latin1 NOT NULL,
  `time_send` datetime NOT NULL,
  `type_com` enum('E-mail','Classe Virtuelle','Info Flash') CHARACTER SET latin1 NOT NULL DEFAULT 'Classe Virtuelle',
  `id_user` int(11) NOT NULL,
  `id_sess` int(11) NOT NULL,
  `id_wav` int(11) NOT NULL
) ENGINE=InnoDB DEFAULT CHARSET=utf8mb4 COLLATE=utf8mb4_unicode_ci COMMENT='Communication = {E_mail, C_V} et session séance de cours';

--
-- Déchargement des données de la table `e_communication`
--

INSERT INTO `e_communication` (`id_com`, `message`, `time_send`, `type_com`, `id_user`, `id_sess`, `id_wav`) VALUES
(1, '', '2018-09-21 17:00:38', 'Classe Virtuelle', 78, 1, 0),
(2, 'Envoi', '2018-09-21 17:01:56', 'Classe Virtuelle', 78, 0, 12),
(3, 'Tous les apprenants de la vague 1 de SEBU sont informés', '2018-09-21 17:04:21', 'Info Flash', 65, 0, 1),
(4, '', '2018-09-21 17:08:56', 'Classe Virtuelle', 78, 0, 12),
(5, '', '2018-09-21 17:14:30', 'Classe Virtuelle', 78, 0, 12),
(6, 'dsfjjdfks', '2018-09-21 17:14:51', 'Classe Virtuelle', 78, 0, 12),
(7, 'sfdkjdsfjfjk', '2018-09-21 17:15:31', 'Classe Virtuelle', 78, 0, 0),
(8, '', '2018-09-21 17:15:50', 'Classe Virtuelle', 78, 0, 12),
(9, 'xckjldckj', '2018-09-21 17:16:22', 'Classe Virtuelle', 78, 0, 12),
(10, 'sdkjskised', '2018-09-21 17:20:20', 'Classe Virtuelle', 78, 0, 12),
(11, 'vxckjcvkjdv', '2018-09-21 17:33:19', 'Classe Virtuelle', 78, 0, 1),
(12, 'kjgviku', '2018-09-22 03:53:40', 'Classe Virtuelle', 78, 0, 1),
(13, 'fkjfgjkgf', '2018-09-23 12:30:44', 'Classe Virtuelle', 78, 0, 3),
(14, 'fkjfgjkgf', '2018-09-23 12:30:49', 'Classe Virtuelle', 78, 0, 3),
(15, 'fkjfgjkgf', '2018-09-23 12:30:51', 'Classe Virtuelle', 78, 0, 3),
(16, 'djucxjd', '2018-09-23 12:39:00', 'Classe Virtuelle', 78, 0, 3),
(17, 'dgfkjdkj', '2018-09-23 13:25:26', 'Classe Virtuelle', 78, 0, 1),
(18, 'Bonjour &agrave; tout le monde', '2018-09-24 03:46:01', 'Classe Virtuelle', 78, 0, 3),
(19, 'dshbsdjh', '2018-09-25 15:28:19', 'Classe Virtuelle', 78, 0, 1),
(22, 'Bienvenue a tous,<br>\r\n                            Nouvelle vague/promotion, code:<b>15SPSS</b><br>\r\n                            Cours de : <b>ANALYSE DE DONNéES AVEC SPSS</b><br>', '2018-09-29 12:20:16', 'Info Flash', 1, 0, 2),
(24, 'Ceci est un flash', '2018-09-30 00:00:00', 'Info Flash', 65, 1, 1),
(25, '', '2018-09-30 01:38:35', 'Info Flash', 1, 0, 16),
(26, 'Bonjour &agrave; tout le monde ! Pourquoi ?', '2018-09-30 16:24:33', 'Classe Virtuelle', 78, 0, 2),
(27, 'djdjd', '2018-09-30 16:24:49', 'Classe Virtuelle', 78, 0, 2),
(28, 'comment le cours', '2018-09-30 16:25:03', 'Classe Virtuelle', 78, 0, 0),
(29, 'Une conversation tr&egrave;s simple', '2018-09-30 20:23:23', 'Classe Virtuelle', 78, 0, 16),
(30, 'comment allez vous aujourd\'hui ?', '2018-09-30 21:53:28', 'Classe Virtuelle', 78, 0, 3),
(31, 'Veuillez vous pr&eacute;senter les gars', '2018-10-02 08:24:09', 'Classe Virtuelle', 78, 0, 1),
(32, 'Information', '2018-10-02 09:09:50', 'Classe Virtuelle', 78, 0, 2);

-- --------------------------------------------------------

--
-- Structure de la table `e_composed`
--

CREATE TABLE `e_composed` (
  `id_cmps` int(11) NOT NULL,
  `num_cmps` int(11) DEFAULT NULL,
  `nb_hours` int(11) DEFAULT NULL,
  `prerequisite` varchar(202) DEFAULT NULL,
  `id_mod` int(11) NOT NULL,
  `id_lesson` int(11) NOT NULL
) ENGINE=InnoDB DEFAULT CHARSET=latin1;

--
-- Déchargement des données de la table `e_composed`
--

INSERT INTO `e_composed` (`id_cmps`, `num_cmps`, `nb_hours`, `prerequisite`, `id_mod`, `id_lesson`) VALUES
(1, NULL, NULL, NULL, 1, 1),
(2, NULL, NULL, NULL, 2, 1),
(3, NULL, NULL, NULL, 3, 1),
(4, NULL, NULL, NULL, 4, 1),
(5, NULL, NULL, NULL, 5, 2),
(6, NULL, NULL, NULL, 6, 2),
(7, NULL, NULL, NULL, 7, 2),
(8, NULL, NULL, NULL, 8, 2),
(9, NULL, NULL, NULL, 9, 3),
(10, NULL, NULL, NULL, 10, 3),
(11, NULL, NULL, NULL, 11, 3),
(12, NULL, NULL, NULL, 12, 3),
(14, NULL, 7, NULL, 63, 20),
(15, NULL, 7, '', 64, 20),
(16, NULL, 6, NULL, 65, 20),
(17, NULL, 5, NULL, 66, 20);

-- --------------------------------------------------------

--
-- Structure de la table `e_composition`
--

CREATE TABLE `e_composition` (
  `id_compo` int(11) NOT NULL,
  `id_wave` int(11) NOT NULL,
  `id_test` int(11) NOT NULL,
  `programming_date` datetime NOT NULL,
  `date` datetime NOT NULL DEFAULT CURRENT_TIMESTAMP,
  `status` int(11) NOT NULL DEFAULT '0'
) ENGINE=InnoDB DEFAULT CHARSET=latin1;

--
-- Déchargement des données de la table `e_composition`
--

INSERT INTO `e_composition` (`id_compo`, `id_wave`, `id_test`, `programming_date`, `date`, `status`) VALUES
(1, 12, 1, '2018-08-15 10:30:00', '2018-08-24 08:03:46', 0),
(2, 3, 2, '2018-08-21 06:16:20', '2018-08-24 08:03:46', 0),
(3, 4, 2, '2018-08-21 06:16:20', '2018-08-24 08:03:46', 0),
(4, 1, 8, '2018-09-15 19:30:00', '2018-09-07 19:54:28', 1),
(5, 1, 9, '2018-09-25 08:05:00', '2018-09-25 08:03:21', 0);

-- --------------------------------------------------------

--
-- Structure de la table `e_content`
--

CREATE TABLE `e_content` (
  `id_cnt` int(11) NOT NULL,
  `availability` varchar(202) NOT NULL,
  `id_wv` int(11) DEFAULT NULL,
  `id_user` int(11) NOT NULL,
  `status` int(11) NOT NULL DEFAULT '1',
  `limit_date` datetime DEFAULT NULL,
  `date` datetime NOT NULL,
  `last_modify` datetime NOT NULL,
  `id_last_paid` int(11) NOT NULL
) ENGINE=InnoDB DEFAULT CHARSET=latin1;

--
-- Déchargement des données de la table `e_content`
--

INSERT INTO `e_content` (`id_cnt`, `availability`, `id_wv`, `id_user`, `status`, `limit_date`, `date`, `last_modify`, `id_last_paid`) VALUES
(4, '(1,1)(2,2)(2,3)(3,1)(3,4)(3,5)(4,2)(4,6)(5,1)(5,4)(6,3)(6,5)(8,1)(8,2)(8,3)(8,6)(9,5)(10,1)(10,3)(10,6)', 3, 78, 1, NULL, '2018-08-06 00:00:00', '2018-08-08 00:00:00', 8),
(10, '(1,1)(2,2)(2,3)(3,1)(3,4)(3,5)(4,2)(4,6)(5,1)(5,4)(6,3)(6,5)(8,1)(8,2)(8,3)(8,6)(9,5)(10,1)(10,3)(10,6)', 2, 78, 1, '2018-08-30 00:00:00', '2018-08-08 00:00:00', '2018-08-08 00:00:00', 4),
(13, '', 1, 78, 1, '2018-08-04 00:00:00', '2018-09-24 00:00:00', '2018-09-29 06:13:26', 7);

-- --------------------------------------------------------

--
-- Structure de la table `e_course_session`
--

CREATE TABLE `e_course_session` (
  `id_sess` int(11) NOT NULL,
  `id_wv` int(11) NOT NULL,
  `date_bgn` datetime NOT NULL,
  `date_end` datetime NOT NULL,
  `id_user` int(11) NOT NULL,
  `id_mod` int(11) NOT NULL,
  `status_sess` int(11) NOT NULL DEFAULT '0'
) ENGINE=InnoDB DEFAULT CHARSET=utf8mb4 COLLATE=utf8mb4_unicode_ci;

--
-- Déchargement des données de la table `e_course_session`
--

INSERT INTO `e_course_session` (`id_sess`, `id_wv`, `date_bgn`, `date_end`, `id_user`, `id_mod`, `status_sess`) VALUES
(1, 1, '2018-08-10 13:30:00', '2018-08-10 15:00:00', 78, 1, 1),
(2, 3, '2018-08-11 09:30:00', '2018-08-10 10:00:00', 77, 9, 1),
(3, 2, '2018-08-05 11:30:00', '2018-08-05 00:00:00', 65, 2, 1);

-- --------------------------------------------------------

--
-- Structure de la table `e_delay`
--

CREATE TABLE `e_delay` (
  `id_delay` int(11) NOT NULL,
  `id_wave` int(11) NOT NULL,
  `delay_2_2` datetime NOT NULL,
  `delay_3_2` datetime NOT NULL,
  `delay_3_3` datetime NOT NULL
) ENGINE=InnoDB DEFAULT CHARSET=utf8mb4 COLLATE=utf8mb4_unicode_ci;

--
-- Déchargement des données de la table `e_delay`
--

INSERT INTO `e_delay` (`id_delay`, `id_wave`, `delay_2_2`, `delay_3_2`, `delay_3_3`) VALUES
(1, 1, '2018-08-08 00:00:00', '2018-08-14 00:00:00', '2018-08-21 00:00:00'),
(2, 2, '2018-08-09 00:00:00', '2018-08-16 00:00:00', '2018-08-24 00:00:00'),
(3, 3, '2018-08-23 00:00:00', '2018-08-17 00:00:00', '2018-08-31 00:00:00'),
(4, 12, '2018-08-26 00:00:00', '2018-08-27 00:00:00', '2018-08-28 00:00:00'),
(5, 13, '2018-09-29 11:37:49', '2018-09-29 11:37:49', '2018-09-29 11:37:49'),
(6, 14, '2018-10-04 11:51:44', '2018-10-15 11:51:44', '2018-10-22 11:51:44'),
(7, 15, '2018-09-29 12:19:48', '2018-09-29 12:19:48', '2018-09-29 12:19:48'),
(8, 16, '2018-10-17 13:36:20', '2018-10-30 14:36:20', '2018-10-30 22:36:20');

-- --------------------------------------------------------

--
-- Structure de la table `e_exercise`
--

CREATE TABLE `e_exercise` (
  `id_exercise` int(11) NOT NULL,
  `id_test` int(11) DEFAULT NULL,
  `ex_label` varchar(50) DEFAULT NULL,
  `number_question` int(11) NOT NULL,
  `ex_type` enum('QRO','QRU','THEME') NOT NULL DEFAULT 'QRO',
  `ex_point` int(11) NOT NULL,
  `id_chap` int(11) DEFAULT NULL,
  `id_user` int(11) DEFAULT NULL,
  `path_correction` varchar(200) DEFAULT NULL,
  `point_if_felt` float DEFAULT NULL,
  `date` datetime NOT NULL,
  `date_modify` datetime NOT NULL,
  `status` int(11) NOT NULL DEFAULT '0',
  `modification_status` enum('1','-1') NOT NULL DEFAULT '1' COMMENT '1-pour modifiable   -1-pour lecture seule',
  `id_lesson` int(11) NOT NULL
) ENGINE=InnoDB DEFAULT CHARSET=latin1;

--
-- Déchargement des données de la table `e_exercise`
--

INSERT INTO `e_exercise` (`id_exercise`, `id_test`, `ex_label`, `number_question`, `ex_type`, `ex_point`, `id_chap`, `id_user`, `path_correction`, `point_if_felt`, `date`, `date_modify`, `status`, `modification_status`, `id_lesson`) VALUES
(19, NULL, 'edf', 4, 'QRO', 10, 4, 40, NULL, 0, '2018-07-30 04:54:12', '2018-07-30 05:29:22', 1, '1', 0),
(20, 5, 'exercise name', 5, 'QRO', 14, 1, 60, NULL, 0, '2018-07-30 06:41:34', '2018-08-10 03:19:39', 1, '-1', 0),
(21, NULL, 'exercise name', 1, 'QRO', 2, 0, 62, NULL, 0, '2018-07-30 07:07:20', '2018-07-30 07:07:20', 1, '1', 0),
(22, NULL, 'stafyu', 0, 'QRO', 0, NULL, 19, NULL, 0, '2018-08-08 01:35:26', '2018-08-16 06:49:40', 1, '-1', 0),
(23, 5, 'stafi', 1, 'QRO', 2, 0, 80, NULL, 0, '2018-08-08 01:53:52', '2018-08-10 03:19:39', 2, '-1', 0),
(24, 5, 'simo', 1, 'QRO', 1, NULL, 61, NULL, 0, '2018-08-08 02:14:20', '2018-08-10 05:01:27', 1, '-1', 0),
(25, 5, ' name', 1, 'QRO', 1, NULL, 65, NULL, 0, '2018-08-08 02:22:04', '2018-08-10 03:19:39', 1, '1', 1),
(26, 5, ' name', 3, 'QRO', 11, NULL, 77, NULL, 0, '2018-08-08 03:04:01', '2018-08-10 03:19:39', 2, '1', 0),
(28, NULL, 'stafyu', 1, 'QRO', 4, NULL, 45, NULL, 0, '2018-08-11 02:17:14', '2018-08-11 02:17:14', 1, '1', 0),
(29, NULL, 'stafyu 400', 2, 'QRO', 9, NULL, 26, NULL, 0, '2018-08-11 05:19:54', '2018-08-17 08:35:35', 1, '-1', 0),
(30, NULL, 'simo', 1, 'QRO', 1, NULL, 36, NULL, 0, '2018-08-11 05:19:54', '2018-08-11 05:19:54', 1, '1', 0),
(31, NULL, 'stafyu', 1, 'QRO', 4, NULL, 76, NULL, 0, '2018-08-11 05:22:03', '2018-08-11 05:22:03', 1, '1', 0),
(32, NULL, 'simo 400', 2, 'QRO', 6, NULL, 80, NULL, 0, '2018-08-11 05:22:03', '2018-08-17 08:35:35', 1, '-1', 0),
(33, NULL, 'exercise name', 3, 'QRO', 9, 0, 1, NULL, 0, '2018-08-16 08:47:57', '2018-08-16 08:48:13', 2, '1', 0),
(34, NULL, 'new exercise', 3, 'QRU', 9, 7, 1, NULL, 1, '2018-08-17 02:44:34', '2018-08-17 02:44:34', 1, '1', 0),
(35, NULL, 'new exercise', 3, 'QRU', 9, 1, NULL, NULL, 1, '2018-08-17 02:50:45', '2018-08-17 02:50:45', 1, '1', 0),
(36, NULL, 'new exercise', 3, 'QRU', 9, 7, NULL, NULL, 1, '2018-08-17 02:52:23', '2018-08-17 02:52:23', 1, '1', 0),
(37, NULL, 'new stafy', 4, 'QRU', 17, 9, 1, NULL, 0.5, '2018-08-17 02:55:46', '2018-08-17 06:32:46', 1, '1', 0),
(38, NULL, 'Un thème', 0, 'THEME', 20, 1, 72, 'Ceci est un titre de theme', NULL, '2018-08-30 00:00:00', '2018-08-23 00:00:00', 0, '1', 1),
(39, 1, 'Un exercice sur MS WORD', 3, 'QRU', 10, 11, 72, NULL, 0.5, '2018-08-29 00:00:00', '2018-08-29 00:00:00', 1, '1', 1),
(40, NULL, NULL, 1, 'QRU', 1, 1, 77, NULL, 0.25, '2018-08-13 00:00:00', '2018-08-14 00:00:00', 0, '1', 1),
(41, NULL, 'Un autre thème particulier', 0, 'THEME', 20, 13, 65, 'Un autre thème: Présentez les périphériques d\'un ordinateur tous en donnant l\'importance de chacun.', NULL, '2018-09-04 00:00:00', '2018-09-05 00:00:00', 1, '1', 21),
(42, NULL, 'Techniques de saisie et de mise en forme', 1, 'THEME', 20, 2, 77, 'Dans la années 80, le monde fait face à une peigne-rie : Révolution technologie (Faite un rapport bien présenté sur vos acquis et sur ce fait historique). ', NULL, '2018-09-20 00:00:00', '2018-09-17 00:00:00', 1, '1', 1),
(43, NULL, 'La comptabilité au service de l\'entreprise', 1, 'THEME', 20, NULL, 77, 'Faite un rapport détaillé et bien  présenté sur la formation que vous suivez et sur la avantage pour une entreprise d\'avoir une comptabilité bien tenue.', 0, '2018-09-12 00:00:00', '2018-09-13 00:00:00', -1, '1', 2),
(44, 4, 'Réseaux informatique : cables RJ-45 et et RJ-11', 1, 'THEME', 20, NULL, 65, 'Parlez des normes informatiques et leurs évolutions jusqu\'à nos jours : Document bien soigné et dans les moindres détails, faite un rapport sur votre suivie pour le compte de votre formation ', 0.25, '2018-09-23 00:00:00', '2018-09-24 00:00:00', -1, '1', 3),
(45, NULL, 'Le WIFI et les types de réseaux.', 1, 'THEME', 20, NULL, 65, 'Faite un rapport détaillé sur les types de réseaux connus en informatiques : En présentant vos acquis de la formation, vous insisterez sur l\'importance du  réseaux WIFI. ', 5, '2018-09-17 00:00:00', '2018-09-17 10:26:20', 1, '1', 3),
(46, NULL, 'Excel dans ces bases', 1, 'QRU', 20, 11, 65, NULL, 0.25, '2018-10-02 08:24:27', '2018-10-02 08:24:27', 1, '1', 1),
(47, NULL, 'Les bases pour devenir expert', 20, 'QRU', 19, 2, 65, NULL, 0.5, '2018-10-02 12:24:32', '2018-10-02 12:24:32', 1, '1', 1);

-- --------------------------------------------------------

--
-- Structure de la table `e_manage`
--

CREATE TABLE `e_manage` (
  `id_mng` int(11) NOT NULL,
  `date_begin` datetime NOT NULL,
  `date_end` datetime NOT NULL,
  `id_wv` int(11) NOT NULL,
  `id_user` int(11) NOT NULL
) ENGINE=InnoDB DEFAULT CHARSET=latin1;

-- --------------------------------------------------------

--
-- Structure de la table `e_module_teach`
--

CREATE TABLE `e_module_teach` (
  `id_mod` int(11) NOT NULL,
  `label_mod` varchar(202) NOT NULL,
  `code_mod` varchar(8) NOT NULL,
  `number_ex` int(11) DEFAULT NULL,
  `summary` varchar(202) NOT NULL,
  `statue_mod` enum('-1','0','1') NOT NULL,
  `path_img_mod` varchar(202) NOT NULL,
  `duration_mod` varchar(202) NOT NULL,
  `refernece_mod` text
) ENGINE=InnoDB DEFAULT CHARSET=latin1;

--
-- Déchargement des données de la table `e_module_teach`
--

INSERT INTO `e_module_teach` (`id_mod`, `label_mod`, `code_mod`, `number_ex`, `summary`, `statue_mod`, `path_img_mod`, `duration_mod`, `refernece_mod`) VALUES
(1, 'Intro à MS WORD', 'IWRD', NULL, '', '1', '', '13', '<br>Vous pouvez consulter les sites web suivants :<br> <a href:\"\" style=\"color:blue\">http://microsoft_word_excell_access.com</a><br><a href:\"\" style=\"color:blue\">http://webburomasters.com</a>'),
(2, 'Intro MS EXCEL', 'IEXL', NULL, '', '1', '', '13', '<br>Vous pouvez consulter les sites web suivants :<br> <a href:\"\" style=\"color:blue\">http://microsoft_word_excell_access.com</a><br><a href:\"\" style=\"color:blue\">http://webburomasters.com</a>'),
(3, 'Intro MS POWER POINT', 'IPWP', NULL, '', '1', '', '10', '<br>Vous pouvez consulter les sites web suivants :<br> <a href:\"\" style=\"color:blue\">http://microsoft_word_excell_access.com</a><br><a href:\"\" style=\"color:blue\">http://webburomasters.com</a>'),
(4, 'Maintenance Informatique pour débutant', 'MIFB', NULL, '', '1', '', '14', NULL),
(5, 'MS EXCEL Avancé', 'EXL+', NULL, '', '1', '', '11', '<br>Ce module de cours est le résultat de la synthèse des revues suivants :<br><a href=\"\" style=\"color: blue\">Les RJ-45 dans le futur</a>de Martin assono<br><a href=\"\" style=\"color: blue\">La naissance des besoins de télécommunication</a>de Jean Mecquein Tinchiro'),
(6, 'Gestion Comptable', 'GECP', NULL, '', '1', '', '15', '<br>Ce module de cours est le résultat de la synthèse des revues suivants :<br><a href=\"\" style=\"color: blue\">Les RJ-45 dans le futur</a>de Martin assono<br><a href=\"\" style=\"color: blue\">La naissance des besoins de télécommunication</a>de Jean Mecquein Tinchiro'),
(7, 'Gestion Commerciale', 'GECM', NULL, '', '1', '', '14', '<br>Ce module de cours est le résultat de la synthèse des revues suivants :<br><a href=\"\" style=\"color: blue\">Les RJ-45 dans le futur</a>de Martin assono<br><a href=\"\" style=\"color: blue\">La naissance des besoins de télécommunication</a>de Jean Mecquein Tinchiro'),
(8, 'Pratique SAGE SAARI', 'PSSR', NULL, '', '1', '', '20', '<br>Ce module de cours est le résultat de la synthèse des revues suivants :<br><a href=\"\" style=\"color: blue\">Les RJ-45 dans le futur</a>de Martin assono<br><a href=\"\" style=\"color: blue\">La naissance des besoins de télécommunication</a>de Jean Mecquein Tinchiro'),
(9, 'Réseaux Informatiques', 'REIN', NULL, '', '1', '', '17', '<br>Ce module de cours est le résultat de la synthèse des revues suivants :<br><a href=\"\" style=\"color: blue\">Les RJ-45 dans le futur</a>de Martin assono<br><a href=\"\" style=\"color: blue\">La naissance des besoins de télécommunication</a>de Jean Mecquein Tinchiro'),
(10, 'Administration Réseaux', 'ADRX', NULL, '', '1', '', '13', '<br>Ce module de cours est le résultat de la synthèse des ducuments suivants :<br><a href=\"\" style=\"color: blue\">Les bruits sur le réseaux : Méthodes de perturbation des communication par lers Pirates</a>de Martinese Vlesconito<br><a href=\"\" style=\"color: blue\">Les dangers issus des mauvaises gestion des adresse IP et MAC</a>de Tackeudom Jean pièrre.'),
(11, 'Maintenance Hard-Ware', 'MH-W', NULL, '', '1', '', '15', '<br>Ce module de cours est le résultat de la synthèse des ducuments suivants :<br><a href=\"\" style=\"color: blue\">Les bruits sur le réseaux : Méthodes de perturbation des communication par lers Pirates</a>de Martinese Vlesconito<br><a href=\"\" style=\"color: blue\">Les dangers issus des mauvaises gestion des adresse IP et MAC</a>de Tackeudom Jean pièrre.'),
(12, 'Maintenance Soft-Ware', 'MS-W', NULL, '', '1', '', '15', '<br>Ce module de cours est le résultat de la synthèse des ducuments suivants :<br><a href=\"\" style=\"color: blue\">Les bruits sur le réseaux : Méthodes de perturbation des communication par lers Pirates</a>de Martinese Vlesconito<br><a href=\"\" style=\"color: blue\">Les dangers issus des mauvaises gestion des adresse IP et MAC</a>de Tackeudom Jean pièrre.'),
(13, 'Intro Infographie', 'IIFG', NULL, '', '1', '', '', NULL),
(14, 'Desing de Graphismes Professionnels', 'DGPR', NULL, '', '1', '', '', NULL),
(15, 'Intro au CSS', 'ICSS', NULL, '', '1', '', '', NULL),
(16, 'intro au HTML', 'IHTM', NULL, '', '1', '', '', NULL),
(17, 'Intro PHP', 'IPHP', NULL, '', '1', '', '', NULL),
(18, 'Language SQL', 'LSQL', NULL, '', '1', '', '', NULL),
(19, 'Méthode UML', 'MUML', NULL, '', '1', '', '', NULL),
(20, 'WINDEV', 'WNDV', NULL, '', '1', '', '', NULL),
(21, 'Visual Studio', 'VSDO', NULL, '', '1', '', '', NULL),
(22, 'Visual C++', 'VC++', NULL, '', '1', '', '', NULL),
(23, 'Langage SQL', 'LSQL', NULL, '', '1', '', '', NULL),
(24, 'Méthode UML', 'MUML', NULL, '', '1', '', '', NULL),
(25, 'Architechture des Ordinateurs', 'AROR', NULL, '', '1', '', '', NULL),
(26, 'Langage SQL', 'LSQL', NULL, '', '1', '', '', NULL),
(27, 'Méthode UML', 'MUML', NULL, '', '1', '', '', NULL),
(28, 'Architechture des Ordinateurs', 'AROR', NULL, '', '1', '', '', NULL),
(29, 'MS ACCESS Avancé', 'ACS+', NULL, '', '1', '', '', NULL),
(30, 'Langage SQL', 'LSQL', NULL, '', '1', '', '', NULL),
(31, 'Méthode UML', 'MUML', NULL, '', '1', '', '', NULL),
(32, 'Architechture des Ordinateurs', 'AROR', NULL, '', '1', '', '', NULL),
(33, 'MS ACCESS Avancé', 'ACS+', NULL, '', '1', '', '', NULL),
(34, 'Langage SQL', 'LSQL', NULL, '', '1', '', '', NULL),
(35, 'Méthode UML', 'MUML', NULL, '', '1', '', '', NULL),
(36, 'Architechture des Ordinateurs', 'AROR', NULL, '', '1', '', '', NULL),
(37, 'MS ACCESS Avancé', 'ACS+', NULL, '', '1', '', '', NULL),
(38, 'Langage SQL', 'LSQL', NULL, '', '1', '', '', NULL),
(39, 'Méthode UML', 'MUML', NULL, '', '1', '', '', NULL),
(40, 'Architechture des Ordinateurs', 'AROR', NULL, '', '1', '', '', NULL),
(41, 'MS ACCESS Avancé', 'ACS+', NULL, '', '1', '', '', NULL),
(42, 'Conception des Bases de Données Relationnelles', 'CBDR', NULL, '', '1', '', '', NULL),
(43, 'Système d\'Informations', 'SYIN', NULL, '', '1', '', '', NULL),
(44, 'Vocabulary', 'LAN1', NULL, '', '1', '', '', NULL),
(45, 'Grammar', 'LAN2', NULL, '', '1', '', '', NULL),
(46, 'Phonetic and Prononciation', 'LAN3', NULL, '', '1', '', '', NULL),
(47, 'Programmation en C', 'PRGC', NULL, '', '1', '', '', NULL),
(48, 'Programmation en C++', 'PC++', NULL, '', '1', '', '', NULL),
(49, 'Programmation en JAVA', '', NULL, '', '1', '', '', NULL),
(50, 'Programmation en Pascal', 'PPCL', NULL, '', '1', '', '', NULL),
(51, 'Conceptes de SAISIE', 'COSS', NULL, '', '1', '', '', NULL),
(52, 'Traitement de Texte', 'TRXT', NULL, '', '1', '', '', NULL),
(53, 'Méthodologie de la rédaction des Mémoires et des Ropports Académiques', 'MRMR', NULL, '', '1', '', '', NULL),
(54, 'Visual Basiv pour MS EXCEL', 'VBA(E)', NULL, '', '1', '', '', NULL),
(55, 'Les MOTEURS de RECHERCHE', 'MORE', NULL, '', '1', '', '', NULL),
(56, 'Réseaux pour Débutants', 'RXDB', NULL, '', '1', '', '', NULL),
(57, 'Maintenance Logicielle Avancée', 'MSW+', NULL, '', '1', '', '', NULL),
(58, 'Maintenance Matérielle Avancée', 'MHW+', NULL, '', '1', '', '', NULL),
(59, 'Manipulation de BLENDER', 'MBLD', NULL, '', '1', '', '', NULL),
(60, 'Plans Techinques', 'PTECH', NULL, '', '1', '', '', NULL),
(61, 'Maintenance Matérielle Avancée', 'MHW+', NULL, '', '1', '', '', NULL),
(62, 'Manipulation de BLENDER', 'MBLD', NULL, '', '1', '', '', NULL),
(63, 'Plans Techinques', 'PTECH', NULL, '', '1', '', '7', NULL),
(64, 'Manipulation de PhotoShop', 'MPSP', NULL, '', '1', '', '6', NULL),
(65, 'Projet de fin de Formation', '', NULL, '', '1', '', '5', NULL),
(66, 'Pratique de l\'analyse avec SPSS', 'SPSS', NULL, '', '1', '', '6', NULL),
(67, 'Internet et Mobile', 'INMO', NULL, '', '1', '', '', NULL);

-- --------------------------------------------------------

--
-- Structure de la table `e_operator`
--

CREATE TABLE `e_operator` (
  `id_op` int(11) NOT NULL,
  `name_op` varchar(31) NOT NULL,
  `numbers_used` varchar(53) NOT NULL,
  `statue_op` enum('0','1') NOT NULL,
  `image_op` int(11) NOT NULL,
  `type_op` enum('Banquaire','Téléphonique') NOT NULL
) ENGINE=InnoDB DEFAULT CHARSET=latin1;

--
-- Déchargement des données de la table `e_operator`
--

INSERT INTO `e_operator` (`id_op`, `name_op`, `numbers_used`, `statue_op`, `image_op`, `type_op`) VALUES
(1, 'Orange Money', '6 98 20 42 89', '1', 1, 'Téléphonique'),
(3, 'MTN Mobile Money', '6 80 70 60 40', '1', 2, 'Téléphonique'),
(5, 'NexTell Money', '6 60 70 80 90', '1', 3, 'Téléphonique');

-- --------------------------------------------------------

--
-- Structure de la table `e_paid`
--

CREATE TABLE `e_paid` (
  `id_paid` int(11) NOT NULL,
  `id_op` int(11) NOT NULL,
  `remaining_amount` int(31) NOT NULL,
  `next_amount` int(11) NOT NULL,
  `reference` varchar(202) NOT NULL,
  `id_lesson` int(11) NOT NULL,
  `id_user` int(11) NOT NULL,
  `date_paid` datetime NOT NULL,
  `validation_state` int(1) NOT NULL DEFAULT '0',
  `total_slice` int(11) NOT NULL,
  `num_slice` int(11) NOT NULL,
  `formation_type` enum('lng','crt','prm') NOT NULL,
  `id_wave` int(11) DEFAULT NULL
) ENGINE=InnoDB DEFAULT CHARSET=latin1;

--
-- Déchargement des données de la table `e_paid`
--

INSERT INTO `e_paid` (`id_paid`, `id_op`, `remaining_amount`, `next_amount`, `reference`, `id_lesson`, `id_user`, `date_paid`, `validation_state`, `total_slice`, `num_slice`, `formation_type`, `id_wave`) VALUES
(4, 3, 0, 0, 'fdkjxfjkjkf', 3, 78, '2018-09-11 10:49:08', 1, 3, 3, 'lng', 3),
(7, 5, 0, 0, 'fsxkjkjdfkjdfkj', 2, 78, '2018-09-07 00:11:51', 1, 2, 2, 'lng', 2),
(8, 3, 15000, 20000, 'mhdrefmhk12avi', 1, 78, '2018-09-25 11:37:45', 0, 2, 2, 'lng', 1);

-- --------------------------------------------------------

--
-- Structure de la table `e_presence`
--

CREATE TABLE `e_presence` (
  `id_prsc` int(11) NOT NULL,
  `id_user` int(11) NOT NULL,
  `id_sess` int(11) NOT NULL,
  `minutes` int(11) NOT NULL,
  `last_time` datetime DEFAULT NULL
) ENGINE=InnoDB DEFAULT CHARSET=utf8mb4 COLLATE=utf8mb4_unicode_ci COMMENT='table des présences pour apprenants par session de cours';

--
-- Déchargement des données de la table `e_presence`
--

INSERT INTO `e_presence` (`id_prsc`, `id_user`, `id_sess`, `minutes`, `last_time`) VALUES
(1, 78, 2, 1400, '2018-10-01 16:04:58'),
(2, 78, 3, 750, '2018-10-02 06:24:58'),
(3, 78, 1, 2900, '2018-10-01 06:05:59');

-- --------------------------------------------------------

--
-- Structure de la table `e_product`
--

CREATE TABLE `e_product` (
  `id_prd` int(11) NOT NULL,
  `label_prd` varchar(202) COLLATE utf8mb4_unicode_ci NOT NULL,
  `date_registration` datetime NOT NULL,
  `admit` int(11) NOT NULL,
  `status` int(11) NOT NULL,
  `id_state` int(11) NOT NULL
) ENGINE=MyISAM DEFAULT CHARSET=utf8mb4 COLLATE=utf8mb4_unicode_ci;

-- --------------------------------------------------------

--
-- Structure de la table `e_provided`
--

CREATE TABLE `e_provided` (
  `id_pvd` int(11) NOT NULL,
  `day_begin` datetime DEFAULT NULL,
  `day_end` datetime DEFAULT NULL,
  `id_mod` int(11) NOT NULL,
  `price_session` int(13) NOT NULL,
  `id_user` int(11) NOT NULL,
  `program` varchar(255) NOT NULL,
  `id_wv` int(11) NOT NULL,
  `week_bgn` date DEFAULT NULL,
  `week_end` date DEFAULT NULL
) ENGINE=InnoDB DEFAULT CHARSET=latin1;

--
-- Déchargement des données de la table `e_provided`
--

INSERT INTO `e_provided` (`id_pvd`, `day_begin`, `day_end`, `id_mod`, `price_session`, `id_user`, `program`, `id_wv`, `week_bgn`, `week_end`) VALUES
(4, '2018-09-24 00:00:00', '2018-09-30 00:00:00', 1, 1000, 77, '(1,1,2)(2,2;1)(2,3;4)(3,1,3)(3,4,1)(3,5,1)(4,2,2)(4,6,3)(5,1,2)(5,4,4)(6,3,4)(6,5,3)(8,1,4)(8,2,3)(8,3,2)(8,6,3)(9,5,3)(10,1,2)(10,3)(10,6,1)', 1, '2018-10-01', '2018-10-06');

-- --------------------------------------------------------

--
-- Structure de la table `e_question`
--

CREATE TABLE `e_question` (
  `id_question` int(11) NOT NULL,
  `question` varchar(50) NOT NULL,
  `answer` varchar(50) NOT NULL,
  `prop1` varchar(50) DEFAULT NULL,
  `prop2` varchar(50) DEFAULT NULL,
  `prop3` varchar(50) DEFAULT NULL,
  `point` int(11) NOT NULL DEFAULT '5',
  `id_exercise` int(11) NOT NULL,
  `type_question` enum('QRO','QRU') NOT NULL,
  `num_qst` int(11) NOT NULL
) ENGINE=InnoDB DEFAULT CHARSET=latin1;

--
-- Déchargement des données de la table `e_question`
--

INSERT INTO `e_question` (`id_question`, `question`, `answer`, `prop1`, `prop2`, `prop3`, `point`, `id_exercise`, `type_question`, `num_qst`) VALUES
(13, 'sfgsdf', 'rgarafw', NULL, NULL, NULL, 5, 19, 'QRO', 0),
(15, 'fyufygu', 'uyguygjh', NULL, NULL, NULL, 3, 19, 'QRO', 0),
(16, 'asdfs', 'sdav', NULL, NULL, NULL, 1, 19, 'QRO', 0),
(17, 'cewc', 'wecr', NULL, NULL, NULL, 1, 19, 'QRO', 0),
(18, 'cwes', 'cawe', NULL, NULL, NULL, 4, 20, 'QRO', 0),
(19, 'vdf', 'dfgnbdyrnt', NULL, NULL, NULL, 1, 20, 'QRO', 0),
(20, 'rgege', 'verdcw', NULL, NULL, NULL, 2, 21, 'QRO', 0),
(21, 'cwes', 'casss', NULL, NULL, NULL, 1, 20, 'QRO', 0),
(22, 'Comment savoir : qui est l\'auteur d\'un document ?', 'Fichier-propriétés', 'Fichier-documents', 'Aucun des réponses !', 'Cela dépend de plusieurs paramètres !', 3, 20, 'QRO', 0),
(23, 'Comment faire un pied de page ?', 'Insertion-pied de page', 'Accueil-pied de page', 'Affichage-pied de page', 'Aucune réponse', 1, 40, 'QRU', 1),
(24, 'Comment écrire sur une forme ?', 'Créer la forme puis entrer du texte au clavier', 'POURQUOI LE FAIRE ,', 'aUCUNE R2PONSE N4EST JUSTE', 'Tout est dans les onglets', 4, 40, 'QRU', 2),
(25, 'Comment sommer un texte ?', 'Impossible', 'Changer la police d\'écriture', 'Changer la taille de la police', 'Depuis l\'onglet affichage', 5, 40, 'QRU', 3),
(26, 'Comment faire une lettrine ?', 'En agrandissant la première lettre. ', 'En Réduisant la taille du texte', 'En changeant de police sur les lettres', 'En changent interligne des phrases et paragraphes', 1, 39, 'QRU', 1),
(27, 'Qu\'est-ce que Excel ?', 'Un progiciel de calculs', 'Un logiciel de traitement de calculs complexes', 'Un logiel de calculs complexes et divers', 'Un progiciel multi-usage', 2, 46, 'QRU', 1),
(28, 'Dans quel menu d\'Excel, on trouve \"Traduire\" ?', 'Accueil', 'Insertion', 'Affichage', 'Aucun', 1, 46, 'QRU', 2),
(29, 'Comment créer un tableau croisé ?', 'Depuis l\'onglet insertion', 'Depuis le menu Transition', 'Depuis le bouton Inserer un tableau', 'Depuis le bouton Inserer un objet', 3, 46, 'QRU', 3),
(30, 'A quoi sert une macro', 'Question vague', 'Présenter les reférences d\'un document', NULL, NULL, 5, 46, 'QRU', 4),
(31, 'Commentprogrammer une addition automatique ? ', '=A1+A2', 'A1+A2', '=SOMME(A1, A2)', 'Aucune réponse', 2, 46, 'QRU', 5),
(32, 'Editeur de texte', 'Block Note', 'Note pad', 'Code Blocks', 'test media player', 1, 39, 'QRU', 2),
(33, 'Pourquoi toujour enregistrer un document ?', 'C\'est une règle de saisie obligatoire', 'Pour éviter tous accident de perte', 'Pour mettre à jour le document ', 'Pour controller les faute d\'orthographe', 2, 39, 'QRU', 3);

-- --------------------------------------------------------

--
-- Structure de la table `e_report`
--

CREATE TABLE `e_report` (
  `id_rpt` int(11) NOT NULL,
  `theme_rpt` varchar(202) NOT NULL,
  `note_rpt` float NOT NULL,
  `id_user` int(11) NOT NULL,
  `id_lesson` int(11) NOT NULL,
  `date_deposit` datetime NOT NULL,
  `date_correction` datetime NOT NULL,
  `path_report` varchar(202) NOT NULL
) ENGINE=InnoDB DEFAULT CHARSET=latin1;

--
-- Déchargement des données de la table `e_report`
--

INSERT INTO `e_report` (`id_rpt`, `theme_rpt`, `note_rpt`, `id_user`, `id_lesson`, `date_deposit`, `date_correction`, `path_report`) VALUES
(1, 'CIGE__MBOUCHE BOMDA__dfkjxf', 0, 78, 3, '2018-08-01 10:06:39', '0000-00-00 00:00:00', './assets/uploads/e_documents/Reports/CIGE__MBOUCHE BOMDA__dfkjxf'),
(2, 'CIGE__MBOUCHE BOMDA__dflkjfdl', 0, 78, 3, '2018-08-01 10:08:55', '0000-00-00 00:00:00', './assets/uploads/e_documents/Reports/CIGE__MBOUCHE BOMDA__dflkjfdl'),
(3, 'RICA__MBOUCHE BOMDA__xclnkj', 0, 78, 3, '2018-08-01 15:34:06', '0000-00-00 00:00:00', './assets/uploads/e_documents/Reports/RICA__MBOUCHE BOMDA__xclnkj'),
(4, 'SEBU__MBOUCHE BOMDA__Enonc maths ensp 2000', 0, 78, 3, '2018-08-07 04:14:27', '0000-00-00 00:00:00', './assets/uploads/e_documents/Reports/SEBU__MBOUCHE BOMDA__Enonc maths ensp 2000'),
(5, 'CIGE__MBOUCHE BOMDA__SDLKISDIKLO', 0, 78, 3, '2018-08-07 04:20:51', '0000-00-00 00:00:00', './assets/uploads/e_documents/Reports/CIGE__MBOUCHE BOMDA__SDLKISDIKLO'),
(6, 'CIGE__MBOUCHE BOMDA__kljgikj', 0, 78, 2, '2018-08-07 04:58:54', '0000-00-00 00:00:00', './assets/uploads/e_documents/Reports/CIGE__MBOUCHE BOMDA__kljgikj'),
(9, 'SEBU__MBOUCHE BOMDA__Titre du rapport', 0, 78, 1, '2018-08-24 07:43:37', '0000-00-00 00:00:00', './assets/uploads/e_documents/Reports/SEBU__MBOUCHE BOMDA__Titre du rapport'),
(10, 'RICA__MBOUCHE BOMDA__dfgopkftoipfty', 0, 78, 3, '2018-08-25 10:36:33', '0000-00-00 00:00:00', './assets/uploads/e_documents/Reports/RICA__MBOUCHE BOMDA__dfgopkftoipfty'),
(11, 'CIGE__MBOUCHE BOMDA__fdlkfgklfglkfg', 0, 78, 2, '2018-08-28 20:22:16', '0000-00-00 00:00:00', './assets/uploads/e_documents/Reports/CIGE__MBOUCHE BOMDA__fdlkfgklfglkfg'),
(12, 'CIGE_MBOUCHE BOMDA_xfgbdfgdfg', 0, 78, 2, '2018-09-11 09:23:21', '0000-00-00 00:00:00', './assets/uploads/e_documents/Reports/CIGE_MBOUCHE BOMDA_xfgbdfgdfg'),
(13, 'CIGE_MBOUCHE BOMDA_xfgbdfgdfg', 0, 78, 2, '2018-09-11 09:23:22', '0000-00-00 00:00:00', './assets/uploads/e_documents/Reports/CIGE_MBOUCHE BOMDA_xfgbdfgdfg');

-- --------------------------------------------------------

--
-- Structure de la table `e_request`
--

CREATE TABLE `e_request` (
  `id_rqst` int(11) NOT NULL,
  `reason` varchar(202) NOT NULL,
  `justification` varchar(202) NOT NULL,
  `date_rqst` datetime NOT NULL,
  `date_answer` datetime NOT NULL,
  `id_user` int(11) NOT NULL,
  `id_lesson` int(11) NOT NULL,
  `num_rqst` int(11) NOT NULL,
  `answer_rqst` text,
  `decision` enum('En attente','Refusée','Accepté') NOT NULL DEFAULT 'En attente',
  `role_resp` int(11) NOT NULL
) ENGINE=InnoDB DEFAULT CHARSET=latin1;

--
-- Déchargement des données de la table `e_request`
--

INSERT INTO `e_request` (`id_rqst`, `reason`, `justification`, `date_rqst`, `date_answer`, `id_user`, `id_lesson`, `num_rqst`, `answer_rqst`, `decision`, `role_resp`) VALUES
(2, 'fgtjfg', '&lt;p&gt;gfkjvh&lt;/p&gt;', '2018-09-16 17:42:15', '0000-00-00 00:00:00', 78, 1, 1, NULL, 'En attente', 0),
(3, 'Demande d\'absence &agrave; une s&eacute;ance de cours', '&lt;p&gt;A cause d&amp;#39;un probl&amp;egrave;me familier, &amp;agrave; l&amp;#39;heure de cours je serais donc, bien vouloir me comprendre.&lt;/p&gt;', '2018-10-02 18:15:08', '0000-00-00 00:00:00', 78, 3, 2, 'Vous avez notre permission et sachez que nous compatissons à votre problème.', 'Accepté', 3),
(4, 'Mise en pause de ma formation', '&lt;p&gt;Je doit m&amp;#39;absenter pour des raisons personnelles aux s&amp;eacute;naces &amp;agrave; venir sur une p&amp;eacute;riode de 2 semaines.&lt;/p&gt;&lt;p&gt;Veuillez prendre &amp;agrave; comp', '2018-10-02 18:22:27', '0000-00-00 00:00:00', 78, 2, 3, 'Ne nous pouvons accéder à cette requête car vous n’êtes pas très explicite', 'Refusée', 6);

-- --------------------------------------------------------

--
-- Structure de la table `e_slices`
--

CREATE TABLE `e_slices` (
  `id_slc` int(11) NOT NULL,
  `id_lesson` int(11) NOT NULL,
  `mtn1` int(11) DEFAULT NULL,
  `mtn21` int(11) DEFAULT NULL,
  `mtn22` int(11) DEFAULT NULL,
  `mtn31` int(11) DEFAULT NULL,
  `mtn32` int(11) DEFAULT NULL,
  `mtn33` int(11) DEFAULT NULL
) ENGINE=InnoDB DEFAULT CHARSET=latin1;

--
-- Déchargement des données de la table `e_slices`
--

INSERT INTO `e_slices` (`id_slc`, `id_lesson`, `mtn1`, `mtn21`, `mtn22`, `mtn31`, `mtn32`, `mtn33`) VALUES
(1, 1, 60000, 40000, 20000, 25000, 20000, 15000),
(2, 2, 76000, 45000, 31000, 35000, 25000, 16000),
(3, 3, 94000, 50000, 44000, 44000, 31000, 19000),
(4, 21, 20000, 15000, 5000, NULL, NULL, NULL),
(5, 11, 20000, 15000, 5000, NULL, NULL, NULL),
(6, 20, 30000, 20000, 10000, 15000, 10000, 5000);

-- --------------------------------------------------------

--
-- Structure de la table `e_statement`
--

CREATE TABLE `e_statement` (
  `id_state` int(11) NOT NULL COMMENT 'L''id des relevés de note',
  `appression` enum('Null','Médiocre','Insuffisant','Passable','Assez Bien','Bien','Très Bien','Très Bien (Avec Félicitation)','Excellante','Parfaite') NOT NULL DEFAULT 'Assez Bien',
  `content` varchar(202) NOT NULL,
  `note` float NOT NULL,
  `registration_date` datetime NOT NULL,
  `id_compo` int(11) NOT NULL,
  `id_user` int(11) NOT NULL
) ENGINE=InnoDB DEFAULT CHARSET=latin1 COMMENT='Tous les relevés de note et ''average''=moyenne';

--
-- Déchargement des données de la table `e_statement`
--

INSERT INTO `e_statement` (`id_state`, `appression`, `content`, `note`, `registration_date`, `id_compo`, `id_user`) VALUES
(4, '', '', 0, '2018-09-30 10:18:57', 5, 78);

-- --------------------------------------------------------

--
-- Structure de la table `e_test`
--

CREATE TABLE `e_test` (
  `id_test` int(11) NOT NULL,
  `label_test` varchar(202) COLLATE utf8mb4_unicode_ci DEFAULT NULL,
  `duration` time NOT NULL,
  `nb_point` int(11) NOT NULL,
  `status` int(1) NOT NULL,
  `id_type_test` int(11) NOT NULL,
  `id_user` int(11) NOT NULL,
  `id_wave` int(11) NOT NULL,
  `date` datetime NOT NULL,
  `last_modify` datetime NOT NULL
) ENGINE=InnoDB DEFAULT CHARSET=utf8mb4 COLLATE=utf8mb4_unicode_ci;

--
-- Déchargement des données de la table `e_test`
--

INSERT INTO `e_test` (`id_test`, `label_test`, `duration`, `nb_point`, `status`, `id_type_test`, `id_user`, `id_wave`, `date`, `last_modify`) VALUES
(8, 'No label', '00:50:00', 11, -1, 6, 24, 1, '2018-08-08 00:00:00', '2018-08-23 00:00:00'),
(9, 'Label test ddedee', '00:10:00', 12, 1, 6, 1, 1, '2018-09-25 07:01:00', '2018-09-25 07:01:00');

-- --------------------------------------------------------

--
-- Structure de la table `e_training`
--

CREATE TABLE `e_training` (
  `id_trng` int(11) NOT NULL,
  `arrival_date` datetime DEFAULT NULL,
  `appreciation` varchar(202) DEFAULT NULL,
  `id_user` int(11) NOT NULL,
  `id_lesson` int(11) NOT NULL
) ENGINE=InnoDB DEFAULT CHARSET=latin1 COMMENT='Table suivre entre apprenant et formation';

--
-- Déchargement des données de la table `e_training`
--

INSERT INTO `e_training` (`id_trng`, `arrival_date`, `appreciation`, `id_user`, `id_lesson`) VALUES
(9, NULL, NULL, 78, 2),
(10, NULL, NULL, 78, 1),
(29, NULL, 'Cette formation était vraiment géniale car, Le formateur est très explicite dans ses explications. Et les références des cours détails l’essentiel à retenir !', 78, 3);

-- --------------------------------------------------------

--
-- Structure de la table `e_type_test`
--

CREATE TABLE `e_type_test` (
  `id_type_test` int(11) NOT NULL,
  `label_type` varchar(202) NOT NULL,
  `percentage` float NOT NULL,
  `code_type` varchar(13) NOT NULL
) ENGINE=InnoDB DEFAULT CHARSET=latin1;

--
-- Déchargement des données de la table `e_type_test`
--

INSERT INTO `e_type_test` (`id_type_test`, `label_type`, `percentage`, `code_type`) VALUES
(1, 'Travail Personnel Initiation', 10, 'TPI'),
(2, 'Contrôle Continu numéro 1', 15, 'CC1'),
(3, 'Contrôle Continu numéro 2', 20, 'CC2'),
(4, 'Travail personnel de l\'apprenant', 25, 'TPA'),
(5, 'Examen de synthèse', 30, 'EXF'),
(6, 'Examen de test', 0, 'EXT'),
(7, 'Rattrapage', 30, 'RAT');

-- --------------------------------------------------------

--
-- Structure de la table `e_wave`
--

CREATE TABLE `e_wave` (
  `id_wave` int(11) NOT NULL,
  `code_wave` varchar(13) CHARACTER SET latin1 NOT NULL,
  `number_learners` int(11) NOT NULL,
  `id_lesson` int(11) NOT NULL,
  `date_bgn` datetime NOT NULL,
  `id_user` int(11) NOT NULL,
  `date_end` datetime NOT NULL,
  `type_wave` enum('Longue','Accélérée','Promotionelle','Inline') CHARACTER SET latin1 NOT NULL,
  `status` enum('0','1') CHARACTER SET latin1 NOT NULL DEFAULT '0',
  `status_classe` int(11) NOT NULL,
  `date` datetime NOT NULL,
  `last_modify` datetime NOT NULL,
  `num_wk` int(11) NOT NULL DEFAULT '1'
) ENGINE=InnoDB DEFAULT CHARSET=utf8mb4 COLLATE=utf8mb4_unicode_ci;

--
-- Déchargement des données de la table `e_wave`
--

INSERT INTO `e_wave` (`id_wave`, `code_wave`, `number_learners`, `id_lesson`, `date_bgn`, `id_user`, `date_end`, `type_wave`, `status`, `status_classe`, `date`, `last_modify`, `num_wk`) VALUES
(1, '01SEBU', 1, 1, '2018-08-02 00:00:00', 77, '2018-08-04 00:00:00', 'Longue', '1', 1, '2018-08-01 00:00:00', '2018-09-29 06:13:26', 1),
(2, '02CIGE', 13, 2, '2018-08-07 00:00:00', 77, '2018-08-31 00:00:00', 'Longue', '1', 1, '2018-08-06 00:00:00', '2018-08-06 00:06:00', 1),
(3, '03RICA', 13, 3, '2018-08-08 13:12:23', 78, '2018-08-31 08:12:24', 'Longue', '1', 1, '2018-08-09 00:00:00', '2018-08-09 00:00:00', 1),
(7, '7RICA', 0, 3, '2018-08-18 08:42:50', 1, '2018-08-18 08:42:50', '', '1', 0, '2018-08-18 08:43:01', '2018-08-18 08:43:01', 1),
(8, '8RICA', 0, 3, '2018-08-18 08:43:13', 1, '2018-08-18 08:43:13', '', '1', 0, '2018-08-18 08:44:53', '2018-08-18 08:44:53', 1),
(9, '9CIGE', 0, 2, '2018-08-22 12:19:48', 1, '2018-08-22 12:19:48', '', '1', 0, '2018-08-22 12:20:00', '2018-08-22 12:20:00', 1),
(10, '10SEBU', 0, 1, '2018-08-24 10:44:43', 1, '2018-08-24 10:44:43', '', '1', 0, '2018-08-24 10:45:03', '2018-08-24 10:45:03', 1),
(11, '11SEBU', 0, 1, '2018-08-24 01:48:44', 1, '2018-08-24 01:48:44', '', '1', 0, '2018-08-24 01:49:28', '2018-08-24 01:49:28', 1),
(12, '12ISTT', 1, 11, '2018-08-22 06:17:15', 72, '2018-08-31 06:10:22', 'Accélérée', '1', 1, '2018-08-14 00:00:00', '2018-08-14 00:00:00', 1),
(13, '13TICF', 1, 21, '2018-09-29 11:37:49', 19, '2018-09-29 11:37:49', '', '1', 0, '2018-09-29 11:38:24', '2018-09-29 11:38:25', 1),
(16, '16SPSS', 1, 20, '2018-10-03 13:36:20', 33, '2018-11-30 13:36:20', '', '1', 0, '2018-09-30 01:38:35', '2018-09-30 01:38:35', 1);

-- --------------------------------------------------------

--
-- Structure de la table `e_week`
--

CREATE TABLE `e_week` (
  `id_week` int(11) NOT NULL,
  `day_bgn` date NOT NULL,
  `day_end` date NOT NULL,
  `num_wk` int(11) NOT NULL
) ENGINE=InnoDB DEFAULT CHARSET=utf8mb4 COLLATE=utf8mb4_unicode_ci;

-- --------------------------------------------------------

--
-- Structure de la table `e_work_exo`
--

CREATE TABLE `e_work_exo` (
  `id_wk` int(11) NOT NULL,
  `date_wk` datetime NOT NULL,
  `note_wk` float NOT NULL,
  `id_ex` int(11) NOT NULL,
  `id_user` int(11) NOT NULL
) ENGINE=InnoDB DEFAULT CHARSET=latin1 COMMENT='Table Traiter entre apprenant et exercice';

--
-- Déchargement des données de la table `e_work_exo`
--

INSERT INTO `e_work_exo` (`id_wk`, `date_wk`, `note_wk`, `id_ex`, `id_user`) VALUES
(29, '2018-08-15 09:53:32', 8.5, 24, 78),
(34, '2018-08-25 14:14:13', 1, 39, 72),
(47, '2018-09-28 03:40:56', 12, 43, 78),
(48, '2018-10-02 20:00:57', 3, 44, 78),
(49, '2018-10-03 03:48:32', 2.5, 39, 78);

-- --------------------------------------------------------

--
-- Structure de la table `forum`
--

CREATE TABLE `forum` (
  `id` int(11) NOT NULL,
  `name` varchar(128) COLLATE utf8_general_mysql500_ci NOT NULL
) ENGINE=InnoDB DEFAULT CHARSET=utf8 COLLATE=utf8_general_mysql500_ci;

--
-- Déchargement des données de la table `forum`
--

INSERT INTO `forum` (`id`, `name`) VALUES
(1, 'Enseignements'),
(2, 'MULTISOFT! Qu\'en pensez vous?');

-- --------------------------------------------------------

--
-- Structure de la table `lesson`
--

CREATE TABLE `lesson` (
  `id` int(11) NOT NULL,
  `label` varchar(128) COLLATE utf8_general_mysql500_ci NOT NULL,
  `code` char(9) COLLATE utf8_general_mysql500_ci NOT NULL,
  `duration` tinyint(3) UNSIGNED NOT NULL,
  `fees` mediumint(8) UNSIGNED NOT NULL,
  `type` enum('cours','filière','promotion') COLLATE utf8_general_mysql500_ci NOT NULL,
  `syllabus` text COLLATE utf8_general_mysql500_ci NOT NULL,
  `state` int(11) NOT NULL DEFAULT '1',
  `top` int(11) NOT NULL DEFAULT '1',
  `prerequisite` varchar(202) COLLATE utf8_general_mysql500_ci NOT NULL,
  `path_img` varchar(202) COLLATE utf8_general_mysql500_ci NOT NULL,
  `date_adding` datetime DEFAULT NULL,
  `id_user` int(11) NOT NULL
) ENGINE=InnoDB DEFAULT CHARSET=utf8 COLLATE=utf8_general_mysql500_ci;

--
-- Déchargement des données de la table `lesson`
--

INSERT INTO `lesson` (`id`, `label`, `code`, `duration`, `fees`, `type`, `syllabus`, `state`, `top`, `prerequisite`, `path_img`, `date_adding`, `id_user`) VALUES
(1, 'Secrétariat bureautique', 'SEBU', 50, 55000, 'filière', '<p>Word, Excel (intro), power Point&nbsp;</p><p><strong>Pr&eacute;requis:</strong> Concepts th&eacute;oriques&nbsp;en Informatique, composants d&rsquo;un&nbsp;ordinateur, manipulation des&nbsp;fichiers,</p>', 1, 1, '', '', '2018-07-18 18:36:17', 24),
(2, 'Comptabilité Informatisée et de Gestion', 'CIGE', 60, 65000, 'filière', '<p>Introduction &agrave; l&#39;informatique,</p><p>Excel Avanc&eacute;,</p><p>Application de la Gestion Commerciale avec SAGE&nbsp;SAARI&nbsp;<br /><strong>Pr&eacute;requis:</strong> Concepts th&eacute;oriques&nbsp;en Informatique, composants d&rsquo;un&nbsp;ordinateur, manipulation des&nbsp;fichiers, Excel, &nbsp;&hellip;&nbsp;</p>', 1, 1, '', '', '2018-07-18 18:36:17', 65),
(3, 'Réseaux informatiques et Cablâge', 'RICA', 60, 85000, 'filière', '<p><em>Installation, configuration et Cabl&acirc;ge d&rsquo;un r&eacute;seau&nbsp;informatique; </em></p><p><strong><em>Pr&eacute;requis</em></strong><em>: Concepts th&eacute;oriques en Informatique, composants d&rsquo;un ordinateur, manipulation des fichiers, &hellip;</em></p>', 1, 1, '', '', '2018-07-18 18:36:17', 77),
(4, 'MAINTENANCE INFORMATIQUE', 'MINF', 60, 75000, 'filière', '<p><em>Concepts th&eacute;oriques, composants de l&rsquo;ordinateur, pr&eacute;vention et r&eacute;paration des pannes d&rsquo;ordinateurs, installation logiciels et syst&egrave;mes d&rsquo;exploitation,&hellip;</em></p><p><strong><em>Pr&eacute;requis</em></strong><em>: Concepts th&eacute;oriques en Informatique, composants d&rsquo;un ordinateur, manipulation des fichiers, &hellip;</em></p>', 1, 1, '', '', '2018-07-18 18:36:17', 0),
(5, 'GRAPHISME DE PRODUCTION', 'GRAP', 45, 85000, 'filière', '<p><em>Utilisation des logiciels de graphisme pour produire des cartes de visite, brochure, flyer, &hellip;</em></p><p><strong><em>Pr&eacute;requis</em></strong><em>: Concepts th&eacute;oriques en Informatique, composants d&rsquo;un ordinateur, manipulation des fichiers, &hellip;</em></p>', 1, 3, '', '', '2018-07-18 18:36:17', 0),
(6, 'DéVELOPPEMENT D’APPLICATION WEB', 'DWEB', 50, 60000, 'filière', '<p><em>Conception et r&eacute;alisation&nbsp; d&rsquo;applications web.</em></p><p><strong><em>Pr&eacute;requis</em></strong><em>&nbsp;: vocabulaire de d&eacute;veloppement web (page web, serveur, site web, url,&hellip;) </em></p><p>Que ce soit pour apprendre depuis les bases ou d&#39;utiliser un outil de programmation web, cette formation vous garantie des apptitudes &agrave; <strong>concevoir</strong>, <strong>impl&eacute;menter </strong>ou <strong>coder</strong>, <strong>tester </strong>et &agrave; <strong>h&eacute;berger</strong> votre site web dans un serveur local ou en ligne.</p>', 1, 2, '', '', '2018-07-18 18:36:17', 0),
(7, 'DéVELOPPEMENT D’APPLICATION (WINDEV, VISUAL STUDIO, …)', 'DAPP', 45, 115000, 'filière', '<p><em>Conception et r&eacute;alisation d&rsquo;une application de bureau dit desktop.</em></p><p><strong><em>Pr&eacute;requis</em></strong><em>&nbsp;: vocabulaire de d&eacute;veloppement d&rsquo;application &nbsp;de bureau (ex&eacute;cutable, code source, compilateur, &hellip;)</em></p>', 1, 2, '', '', '2018-07-18 18:36:17', 0),
(8, 'CONCEPTION ET RéALISATION DES BASES DE DONNéES RELATIONNELLES', 'BDDR', 60, 75000, 'filière', '<p><em>D&eacute;finition des concepts, pr&eacute;sentation des outils, conception et impl&eacute;mentation d&rsquo;une base de donn&eacute;es avec Ms Access, phpmyadmin, ...</em></p>', 1, 3, '', '', '2018-07-18 18:36:17', 0),
(9, 'LANGUE ANGLAISE', 'LANG', 50, 60000, 'filière', '<p><em>Vocabulary, grammar, </em></p>', 1, 2, '', '', '2018-07-18 18:36:17', 0),
(10, 'ALGORITHMES ET PROGRAMMATION (C, C++, JAVA, PASCAL,PYTHON)', 'ALGO', 60, 60000, 'filière', '<p><em>Pr&eacute;sentation des concepts de base, syntaxes, impl&eacute;mentation d&rsquo;un exemple de programme dans l&#39;un des langages sus-cit&eacute;s.</em></p>', 1, 2, '', '', '2018-07-18 18:36:17', 0),
(11, 'INITIATION à LA SAISIE ET AU TRAITEMENT DE TEXTE', 'SATT', 15, 15000, 'cours', '<p><em>Pr&eacute;sentation des concepts de la saisie, pr&eacute;sentation des outils du logiciel MS WORD, saisie, mise en forme, pagination, en t&ecirc;te et pieds de page&nbsp;;&hellip;</em></p>', 1, 1, '', '', '2018-07-18 18:36:17', 1),
(12, 'MISE EN FORME / FINALISATION DES MéMOIRES ET RAPPORTS ACADéMIQUES', 'FDOC', 15, 15000, 'cours', '<p><em>Pr&eacute;sentation des concepts de la saisie, pr&eacute;sentation des outils du logiciel MS WORD, saisie, mise en forme, pagination, en t&ecirc;te et pieds de page, sommaire automatique, section de page, liste de tableaux et figures automatique, r&eacute;f&eacute;rences automatique, note de bas de page&nbsp;;&hellip;</em></p>', 1, 1, '', '', '2018-07-18 18:36:17', 0),
(13, 'PROGRAMMATION EXCEL', 'EXCA', 24, 24000, 'cours', '<p><em>Formules Excel, insertion et manipulation des feuilles Excel, cr&eacute;ation des Graphismes, &hellip;</em></p>', 1, 1, '', '', '2018-07-18 18:36:17', 0),
(14, 'INTERNET ET APPLICATIONS', 'INAP', 15, 15000, 'cours', '<p><em>Pr&eacute;sentation de l&rsquo;Internet, pr&eacute;sentation des outils de navigation, pr&eacute;sentation des services et applications d&rsquo;Internet, manipulation de certains outils&hellip;</em></p>', 1, 1, '', '', '2018-07-18 18:36:17', 0),
(15, 'PRéSENTATION ASSISTéE PAR ORDINATEUR', 'PAOR', 15, 15000, 'cours', '<p><em>Pr&eacute;sentation du logiciel de Pr&eacute;sentation MS POWERPOINT&nbsp;; pr&eacute;sentation des concepts de la PAO avec MS POWERPOINT&nbsp;; manipulation du logiciel par un exemple&hellip;</em></p>', 1, 1, '', '', '2018-07-18 18:36:17', 0),
(16, 'CARTOGRAPHIE ASSISTéE PAR ORDINATEUR', 'CART', 21, 20000, 'cours', '<p><em>Pr&eacute;sentation des concepts de la cartographie, des outils de cartographie et manipulation avec cas d&rsquo;exemple&hellip;</em></p>', 1, 1, '', '', '2018-07-18 18:36:17', 0),
(17, 'MAINTENANCE INFORMATIQUE AVANCéE', 'MINA', 30, 35000, 'cours', '<p><em>Pr&eacute;sentation des composants de la machine, panne sur chacun d&rsquo;eux, moyen de pr&eacute;vention et si possible de r&eacute;paration&hellip;</em></p>', 1, 1, '', '', '2018-07-18 18:36:17', 0),
(18, 'DESSINS INDUSTRIELS', 'DIND', 24, 25000, 'cours', '<p><em>Pr&eacute;sentation et manipulation des outils de dessins techniques&nbsp;;&nbsp; cr&eacute;ation des plans de maison, d&rsquo;appartement&hellip;</em></p>', 1, 3, '', '', '2018-07-18 18:36:17', 0),
(19, 'Comptabilité Assistée PAR ORDINATEUR', 'CAOR', 30, 35000, 'cours', '<p><em>Pr&eacute;sentation et utilisation du logiciel <strong>SAGE SAARI </strong>dans les diff&eacute;rentes gestions</em></p>', 1, 2, '', '', '2018-07-18 18:36:17', 0),
(20, 'ANALYSE DE DONNéES AVEC SPSS', 'SPSS', 24, 25000, 'cours', '<p><em>Pr&eacute;sentation et manipulation du <strong>logiciel SPSS</strong> pour le traitement de donn&eacute;es&hellip;</em></p>', 1, 1, '', '', '2018-07-18 18:36:17', 26),
(21, 'TIC FOR BEGINNERS', 'TICF', 24, 15000, 'promotion', '<p>Son but est de faire d&eacute;couvrir &agrave; ces derniers l&#39;outil informatique dans ses diff&eacute;rentes utilisations. Elle a une dur&eacute;e de <strong>24H</strong> et est acc&eacute;e sur <strong>04</strong> modules:</p><ol><li><strong>La maintenance pour d&eacute;butant</strong> : donc l&#39;objectif est de faire d&eacute;couvrir &agrave; l&#39;&eacute;l&egrave;ve les composants de base de l&#39;ordinateur.</li><li><strong>Ms Word et Ms Excel par la pratique</strong> : l&#39;id&eacute;e de ce module est de faire d&eacute;couvrir &agrave; l&#39;apprenant l&#39;interface et la manipulation ces logiciels de la suite office.</li><li><strong>Les bases de donn&eacute;es avec Ms Access</strong> : Bien plus complexe que les modules sus-cit&eacute;s, ce module a pour but de faire d&eacute;couvrir &agrave; l&#39;&eacute;l&egrave;ve les concepts des bases de donn&eacute;es. il est sp&eacute;cialement destin&eacute; au &eacute;l&egrave;ves des niveaux Premi&egrave;re et Terminale.</li><li><strong>Internet et Mobiles</strong> : Avec l&#39;&eacute;volution exponentielle des TICs, nous avons pr&eacute;vu ce module pour faire d&eacute;couvrir &agrave; l&#39;apprenant le monde des TICs. La navigation sur internet, la cr&eacute;ation des comptes de messagerie, la partage de connexion entre un Ordinateur et un t&eacute;l&eacute;phone portable, certaines configurations r&eacute;seaux.</li></ol><p>La formation <strong>TIC For BEGINNERS</strong> est donc suffisament outill&eacute;e pour permettre &agrave; l&#39;&eacute;l&egrave;ve de mieux comprendre les concepts appris &agrave; l&#39;&eacute;cole et les pratiquer. Et de ce fait elle est dispens&eacute;e pendant les <strong>cong&eacute;s </strong>et <strong>vacances</strong>.&nbsp;</p>', 1, 1, '', '', '2018-07-18 18:36:17', 1),
(22, 'Apprentissage des outils de bureautique', 'AOBU', 30, 30000, 'cours', '<p>Cet enseignement h&eacute;rite directement de l&#39;enseignement <strong>S&eacute;cr&eacute;tariat Bureautique</strong>. L&#39;Apprentissage des outils Bureautique consiste prendre en main quelques un des logiciels de la Bureautique, en particulier ceux de la suite Office. L&#39;id&eacute;e ici est de prendre deux domaine de la bureautique (traitement de texte, tableurs, communication, archivages, Logiciel de PAO ou de Pr&eacute;AO etc...) et de les faire d&eacute;couvrir &agrave; l&#39;apprenant. Ce sera parfois le traitement de texte et les tableurs, Excel et la PAO, ... selon le choix de l&#39;apprenant.</p>', 1, 1, '', '', '2018-07-18 18:36:17', 0),
(23, 'CREATION DE SITE WEB AVEC HTML ET CSS', 'HTML', 50, 60000, 'filière', '<p>Ce cours&nbsp; &eacute;t&eacute; con&ccedil;u pour permettre aux apprenantx de conna&icirc;tre les bases de la cr&eacute;ation des sites web avec html et css.</p><p>Certifi&eacute; d&#39;une attestation de formation, il se d&eacute;roule pendant une dur&eacute;e minimale de 50H. La formation passe par l&#39;introduction aux&nbsp;languages HTML et CSS jusqu&#39;&agrave; la cr&eacute;ation d&#39;un site web&nbsp;</p>', 1, 1, '', '', '2018-07-18 18:36:17', 0),
(24, 'Développement des sites et applications web avec PHP', 'DPHP', 60, 60000, 'filière', '<p>Concevez et r&eacute;alisez vos applications web et site web &agrave; l&#39;aide du langage PHP.</p><ul><li>par la m&eacute;thode de d&eacute;veloppement native</li><li>en utilisant le CMS Wordpress</li></ul>', 1, 1, '', '', '2018-07-18 18:36:17', 0);

-- --------------------------------------------------------

--
-- Structure de la table `lesson_allocation`
--

CREATE TABLE `lesson_allocation` (
  `id` int(11) NOT NULL,
  `user` int(11) NOT NULL,
  `lesson` int(11) NOT NULL,
  `start_date` date NOT NULL,
  `end_date` date DEFAULT NULL,
  `locked` enum('0','1') COLLATE utf8_general_mysql500_ci NOT NULL DEFAULT '0'
) ENGINE=InnoDB DEFAULT CHARSET=utf8 COLLATE=utf8_general_mysql500_ci;

--
-- Déchargement des données de la table `lesson_allocation`
--

INSERT INTO `lesson_allocation` (`id`, `user`, `lesson`, `start_date`, `end_date`, `locked`) VALUES
(6, 19, 8, '2017-09-20', NULL, '0'),
(7, 19, 3, '2017-09-20', NULL, '0'),
(8, 30, 2, '2017-09-20', NULL, '0'),
(9, 32, 7, '2017-09-20', NULL, '0'),
(10, 32, 1, '2017-09-20', NULL, '0'),
(11, 32, 2, '2017-09-20', NULL, '0'),
(12, 32, 3, '2017-09-20', NULL, '0'),
(13, 32, 4, '2017-09-20', NULL, '0'),
(14, 31, 8, '2017-09-20', NULL, '0'),
(15, 31, 7, '2017-09-20', NULL, '0'),
(16, 31, 4, '2017-09-20', NULL, '0'),
(17, 31, 6, '2017-09-20', NULL, '0'),
(18, 33, 1, '2017-09-20', NULL, '0'),
(19, 33, 6, '2017-09-20', NULL, '0'),
(20, 33, 8, '2017-09-20', NULL, '0'),
(21, 33, 10, '2017-09-20', NULL, '0'),
(22, 33, 11, '2017-09-20', NULL, '0'),
(23, 33, 12, '2017-09-20', NULL, '0'),
(24, 33, 13, '2017-09-20', NULL, '0'),
(25, 33, 14, '2017-09-20', NULL, '0'),
(26, 33, 15, '2017-09-20', NULL, '0'),
(27, 33, 21, '2017-09-20', NULL, '0'),
(28, 19, 20, '2017-09-20', NULL, '0'),
(29, 32, 13, '2017-09-20', NULL, '0'),
(30, 36, 6, '2017-09-20', NULL, '0'),
(31, 36, 8, '2017-09-20', NULL, '0'),
(32, 33, 22, '2017-09-20', NULL, '0'),
(33, 40, 7, '2017-09-26', NULL, '0'),
(34, 40, 6, '2017-09-26', NULL, '0'),
(35, 40, 10, '2017-09-26', NULL, '0'),
(36, 40, 22, '2017-10-02', NULL, '0'),
(37, 40, 11, '2017-10-02', NULL, '0'),
(38, 50, 10, '2017-11-09', NULL, '0'),
(39, 33, 17, '2017-12-19', NULL, '0'),
(40, 59, 3, '2017-12-22', NULL, '0'),
(41, 33, 3, '2017-12-24', NULL, '0'),
(42, 33, 23, '2017-12-26', NULL, '0'),
(43, 33, 2, '2017-12-26', NULL, '0'),
(44, 65, 1, '2018-01-21', NULL, '0'),
(45, 65, 3, '2018-01-21', NULL, '0'),
(46, 66, 1, '2018-01-21', NULL, '0'),
(47, 66, 23, '2018-01-21', NULL, '0'),
(48, 66, 13, '2018-02-05', NULL, '0'),
(49, 65, 11, '2018-04-04', NULL, '0'),
(50, 50, 1, '2018-06-07', NULL, '0');

-- --------------------------------------------------------

--
-- Structure de la table `lesson_slip`
--

CREATE TABLE `lesson_slip` (
  `id` int(11) NOT NULL,
  `session` int(11) NOT NULL,
  `content` text COLLATE utf8_general_mysql500_ci,
  `locked` int(11) NOT NULL DEFAULT '0'
) ENGINE=InnoDB DEFAULT CHARSET=utf8 COLLATE=utf8_general_mysql500_ci;

--
-- Déchargement des données de la table `lesson_slip`
--

INSERT INTO `lesson_slip` (`id`, `session`, `content`, `locked`) VALUES
(16, 16, '<ul><li>D&eacute;inition de l&#39;informatique, ordinateur, p&eacute;riph&eacute;rique,</li><li>Pr&eacute;sentation des composants de l&#39;ordinateur</li><li>p&eacute;riph&eacute;riques, SE,</li></ul>', 1),
(17, 17, '<ul><li>D&eacute;marrage de l&#39;ordinateur;</li><li>Pr&eacute;sentation du bureau de windows;</li><li>pr&eacute;sentation des icones de windows, cr&eacute;ation, renommage, copie, coupe, collage,...</li><li>cr&eacute;tation et enregistrement des fichiers textes;</li><li>cr&eacute;ation des fichiers words;</li><li>d&eacute;but de la mise en page des documents words</li></ul>', 1),
(18, 18, '<ul><li>pr&eacute;sentation des interfaces de Ms Word</li><li>menu Accueil<ul><li>Gras, italique, Soulign&eacute;, texte barr&eacute;, indice, exposant, changement de casse, couleur de texte</li><li>manipulation de paragraphes (centr&eacute;, align&eacute; &agrave; gauche, &agrave; droite, justif&eacute;)</li><li>puces et num&eacute;rotation automatique</li><li>interligne</li></ul></li></ul>', 1),
(19, 19, '<p>Parcour de l&#39;onglet accueil dans MS-WORD, et exemple de traitement.&nbsp;</p>', 1),
(20, 20, '<p>Fin de l&#39;&eacute;tude sur l&#39;insertion et la mise en page</p>', 1),
(21, 21, '<p>Fin du parcour de l&#39;onglet Accueil dans Word.&nbsp;</p>', 1),
(22, 22, '<p>Exercices d&#39;application sur word</p>', 1),
(23, 23, '<p>Fin de l&#39;&eacute;tude sur l&#39;onglet insertion et mise en page</p>', 1),
(24, 24, '<p>fin de l&#39;&eacute;tude sur l&#39;insertion et la mise en page</p>', 1),
(25, 25, 'fin de la formation sur word', 1),
(26, 26, '<p>fin de l&#39;etude sur word,</p>', 1),
(27, 27, NULL, 0),
(28, 28, NULL, 0),
(29, 29, '<p>Debut de l&#39;utilisation de l&#39;outils de tableur excel, et fin de l&#39;apprentissage sur l&#39;onglet acceuil.</p>', 1),
(30, 30, '<p>Fin de l&#39;onglet insertion et mise en page</p>', 1),
(31, 31, NULL, 0),
(32, 32, NULL, 0),
(40, 40, '<ul><li>Pr&eacute;sentation des outils duu cours;</li><li>pr&eacute;sentation des composants de l&#39;outil informatique (l&#39;ordinateur)</li><li>notion de p&eacute;riph&eacute;rique, bureau de windows, icones</li></ul>', 1),
(41, 41, '<p>TP sur la fusion et le Publipostage</p>', 1),
(42, 42, '<ul><li>Rappel sur les composants de l&#39;ordinateur</li><li>manipulation des icones (cr&eacute;ation, renommage, suppression)</li><li>demarrage du programme MS WORD</li><li>pr&eacute;sentation des onglets de Ms Word</li></ul>', 1),
(43, 43, NULL, 0),
(44, 44, NULL, 0),
(45, 45, NULL, 0),
(46, 46, NULL, 0),
(47, 47, NULL, 0),
(48, 48, NULL, 0),
(49, 49, NULL, 0),
(50, 50, NULL, 0),
(51, 51, NULL, 0),
(52, 52, NULL, 0),
(53, 53, NULL, 0),
(54, 54, NULL, 0),
(55, 55, NULL, 0),
(56, 56, NULL, 0),
(57, 57, NULL, 0),
(58, 58, NULL, 0),
(59, 59, NULL, 0),
(60, 60, NULL, 0),
(61, 61, NULL, 0),
(62, 62, NULL, 0),
(63, 63, NULL, 0),
(64, 64, NULL, 0),
(65, 65, NULL, 0),
(66, 66, NULL, 0),
(67, 67, NULL, 0),
(68, 68, NULL, 0),
(69, 69, NULL, 0),
(70, 70, NULL, 0),
(71, 71, NULL, 0),
(72, 72, NULL, 0),
(73, 73, NULL, 0),
(74, 74, NULL, 0),
(75, 75, NULL, 0),
(76, 76, NULL, 0),
(77, 77, NULL, 0),
(78, 78, NULL, 0),
(79, 79, NULL, 0),
(80, 80, NULL, 0),
(81, 81, NULL, 0),
(82, 82, NULL, 0),
(83, 83, NULL, 0),
(84, 84, NULL, 0),
(85, 85, NULL, 0),
(86, 86, NULL, 0),
(87, 87, NULL, 0),
(88, 88, NULL, 0),
(89, 89, NULL, 0),
(90, 90, NULL, 0),
(91, 91, NULL, 0),
(92, 92, NULL, 0),
(93, 93, NULL, 0),
(94, 94, NULL, 0),
(95, 95, NULL, 0),
(96, 96, NULL, 0),
(97, 97, NULL, 0),
(98, 98, NULL, 0),
(99, 99, NULL, 0),
(100, 100, NULL, 0),
(101, 101, NULL, 0),
(102, 102, NULL, 0),
(103, 103, NULL, 0),
(104, 104, NULL, 0),
(105, 105, NULL, 0),
(106, 106, NULL, 0),
(107, 107, NULL, 0),
(108, 108, NULL, 0),
(109, 109, NULL, 0),
(110, 110, NULL, 0),
(111, 111, NULL, 0),
(112, 112, NULL, 0),
(113, 113, NULL, 0),
(114, 114, NULL, 0),
(115, 115, NULL, 0),
(116, 116, NULL, 0),
(117, 117, NULL, 0),
(118, 118, NULL, 0),
(119, 119, NULL, 0),
(120, 120, NULL, 0),
(121, 121, NULL, 0),
(122, 122, NULL, 0),
(123, 123, NULL, 0),
(124, 124, NULL, 0),
(125, 125, NULL, 0),
(126, 126, NULL, 0),
(127, 127, NULL, 0),
(128, 128, NULL, 0),
(129, 129, NULL, 0),
(130, 130, NULL, 0),
(131, 131, NULL, 0),
(132, 132, NULL, 0),
(133, 133, NULL, 0),
(134, 134, NULL, 0),
(135, 135, NULL, 0),
(136, 136, NULL, 0),
(137, 137, NULL, 0),
(138, 138, NULL, 0),
(139, 139, NULL, 0),
(140, 140, NULL, 0),
(141, 141, NULL, 0),
(142, 142, NULL, 0),
(143, 143, NULL, 0),
(144, 144, NULL, 0),
(145, 145, NULL, 0),
(146, 146, NULL, 0),
(147, 147, NULL, 0),
(148, 148, NULL, 0),
(149, 149, NULL, 0),
(150, 150, NULL, 0),
(151, 151, NULL, 0),
(152, 152, NULL, 0),
(153, 153, NULL, 0),
(154, 154, NULL, 0),
(155, 155, NULL, 0),
(156, 156, NULL, 0),
(157, 157, NULL, 0),
(158, 158, NULL, 0),
(159, 159, NULL, 0),
(160, 160, NULL, 0),
(161, 161, NULL, 0),
(162, 162, NULL, 0),
(163, 163, NULL, 0),
(164, 164, NULL, 0),
(165, 165, NULL, 0),
(166, 166, NULL, 0),
(167, 167, NULL, 0),
(168, 168, NULL, 0),
(169, 169, NULL, 0),
(170, 170, NULL, 0),
(171, 171, NULL, 0),
(172, 172, NULL, 0),
(173, 173, NULL, 0),
(174, 174, NULL, 0),
(175, 175, NULL, 0),
(176, 176, NULL, 0),
(177, 177, NULL, 0),
(178, 178, NULL, 0),
(179, 179, NULL, 0),
(180, 180, NULL, 0),
(181, 181, NULL, 0),
(182, 182, NULL, 0),
(183, 183, NULL, 0),
(184, 184, NULL, 0),
(185, 185, NULL, 0),
(186, 186, NULL, 0),
(187, 187, NULL, 0),
(188, 188, NULL, 0),
(189, 189, NULL, 0),
(190, 190, NULL, 0),
(191, 191, NULL, 0),
(192, 192, NULL, 0),
(193, 193, NULL, 0),
(194, 194, NULL, 0),
(195, 195, NULL, 0),
(196, 196, NULL, 0),
(197, 197, NULL, 0),
(198, 198, NULL, 0),
(199, 199, NULL, 0),
(200, 200, NULL, 0),
(201, 201, NULL, 0),
(202, 202, NULL, 0),
(203, 203, NULL, 0),
(204, 204, NULL, 0),
(205, 205, NULL, 0),
(206, 206, NULL, 0),
(207, 207, NULL, 0),
(208, 208, NULL, 0),
(209, 209, NULL, 0),
(210, 210, NULL, 0),
(211, 211, NULL, 0),
(212, 212, NULL, 0),
(213, 213, NULL, 0),
(214, 214, NULL, 0),
(215, 215, NULL, 0),
(216, 216, NULL, 0),
(217, 217, NULL, 0),
(218, 218, NULL, 0),
(219, 219, NULL, 0),
(220, 220, NULL, 0),
(221, 221, NULL, 0),
(222, 222, NULL, 0),
(223, 223, NULL, 0),
(224, 224, NULL, 0),
(225, 225, NULL, 0),
(226, 226, NULL, 0),
(227, 227, NULL, 0),
(228, 228, NULL, 0),
(229, 229, NULL, 0),
(230, 230, NULL, 0),
(231, 231, NULL, 0),
(232, 232, NULL, 0),
(233, 233, NULL, 0),
(234, 234, NULL, 0),
(235, 235, NULL, 0),
(236, 236, NULL, 0),
(237, 237, NULL, 0),
(238, 238, NULL, 0),
(239, 239, NULL, 0),
(240, 240, NULL, 0),
(241, 241, NULL, 0),
(242, 242, NULL, 0),
(243, 243, NULL, 0),
(244, 244, NULL, 0),
(245, 245, NULL, 0),
(246, 246, NULL, 0),
(247, 247, NULL, 0),
(248, 248, NULL, 0),
(249, 249, NULL, 0),
(250, 250, NULL, 0),
(251, 251, NULL, 0),
(252, 252, NULL, 0),
(253, 253, NULL, 0),
(254, 254, NULL, 0),
(255, 255, NULL, 0),
(256, 256, NULL, 0),
(257, 257, NULL, 0),
(258, 258, NULL, 0),
(259, 259, NULL, 0),
(260, 260, NULL, 0),
(261, 261, NULL, 0),
(262, 262, NULL, 0),
(263, 263, NULL, 0),
(264, 264, NULL, 0),
(265, 265, NULL, 0),
(266, 266, NULL, 0),
(267, 267, NULL, 0),
(268, 268, NULL, 0),
(269, 269, NULL, 0),
(270, 270, NULL, 0),
(271, 271, NULL, 0),
(272, 272, NULL, 0),
(273, 273, NULL, 0),
(274, 274, NULL, 0),
(275, 275, NULL, 0),
(276, 276, NULL, 0),
(277, 277, NULL, 0),
(278, 278, NULL, 0),
(279, 279, NULL, 0),
(280, 280, NULL, 0),
(281, 281, NULL, 0),
(282, 282, NULL, 0),
(283, 283, NULL, 0),
(284, 284, NULL, 0),
(285, 285, NULL, 0),
(286, 286, NULL, 0),
(287, 287, NULL, 0),
(288, 288, NULL, 0),
(289, 289, NULL, 0),
(290, 290, NULL, 0),
(291, 291, NULL, 0),
(292, 292, NULL, 0),
(293, 293, NULL, 0),
(294, 294, NULL, 0),
(295, 295, NULL, 0),
(296, 296, NULL, 0),
(297, 297, NULL, 0),
(298, 298, NULL, 0),
(299, 299, NULL, 0),
(300, 300, NULL, 0);

-- --------------------------------------------------------

--
-- Structure de la table `log`
--

CREATE TABLE `log` (
  `id` int(11) NOT NULL,
  `motivation` text COLLATE utf8_general_mysql500_ci,
  `author` int(11) NOT NULL,
  `date` datetime NOT NULL DEFAULT CURRENT_TIMESTAMP,
  `action` varchar(256) COLLATE utf8_general_mysql500_ci NOT NULL
) ENGINE=InnoDB DEFAULT CHARSET=utf8 COLLATE=utf8_general_mysql500_ci;

--
-- Déchargement des données de la table `log`
--

INSERT INTO `log` (`id`, `motivation`, `author`, `date`, `action`) VALUES
(3, NULL, 1, '0000-00-00 00:00:00', ' a enregistré Charles AYONGA à la plateforme.'),
(7, NULL, 1, '2017-09-03 12:25:53', 'Enregistrement de <b>   </b>à la plateforme.'),
(10, NULL, 1, '2017-09-03 12:41:22', 'Enregistrement de <b> Charles AYONGA </b>à la plateforme.'),
(11, '', 1, '2017-09-03 13:03:38', 'Enregistrement de l\'évènement : 1. - Nom du Modérateur :Félicien MOTCHEBOUNG'),
(12, '', 1, '2017-09-03 13:10:57', 'Mdification de l\'évènement : 1. - Nom du Modérateur :Félicien MOTCHEBOUNG'),
(13, '', 1, '2017-09-03 13:16:23', 'Mdification de l\'évènement : 1. - Nom du Modérateur :Félicien MOTCHEBOUNG'),
(14, '', 1, '2017-09-03 13:17:49', 'Enregistrement de l\'évènement : 2. - Nom du Modérateur :Félicien MOTCHEBOUNG'),
(15, '', 1, '2017-09-03 13:18:10', 'Mdification de l\'évènement : 2. - Nom du Modérateur :Félicien MOTCHEBOUNG'),
(16, '', 1, '2017-09-03 13:18:22', 'Mdification de l\'évènement : 1. - Nom du Modérateur :Félicien MOTCHEBOUNG'),
(17, '', 1, '2017-09-03 13:21:03', 'Enregistrement de la nouvelle :1. Nom du Modérateur :Félicien MOTCHEBOUNG'),
(18, '', 1, '2017-09-03 13:49:28', 'Enregistrement de la nouvelle :2. Nom du Modérateur :Félicien MOTCHEBOUNG'),
(19, '', 1, '2017-09-03 17:04:31', 'Mdification de l\'évènement : 1. - Nom du Modérateur :Félicien MOTCHEBOUNG'),
(20, '', 1, '2017-09-03 17:04:45', 'Mdification de l\'évènement : 1. - Nom du Modérateur :Félicien MOTCHEBOUNG'),
(21, '', 1, '2017-09-03 17:05:14', 'Mdification de l\'évènement : 1. - Nom du Modérateur :Félicien MOTCHEBOUNG'),
(22, '', 1, '2017-09-03 17:20:33', 'Mdification de l\'évènement : 1. - Nom du Modérateur :Félicien MOTCHEBOUNG'),
(23, '', 1, '2017-09-03 17:24:54', 'Mdification de l\'évènement : 2. - Nom du Modérateur :Félicien MOTCHEBOUNG'),
(24, '', 1, '2017-09-03 17:25:05', 'Mdification de l\'évènement : 2. - Nom du Modérateur :Félicien MOTCHEBOUNG'),
(25, '', 1, '2017-09-03 17:28:03', 'Enregistrement de l\'évènement : 3. - Nom du Modérateur :Félicien MOTCHEBOUNG'),
(26, '', 1, '2017-09-03 17:28:19', 'Mdification de l\'évènement : 3. - Nom du Modérateur :Félicien MOTCHEBOUNG'),
(27, '', 1, '2017-09-03 17:28:43', 'Enregistrement de l\'évènement : 4. - Nom du Modérateur :Félicien MOTCHEBOUNG'),
(28, '', 1, '2017-09-04 05:57:56', 'Enregistrement de la nouvelle :3. Nom du Modérateur :Félicien MOTCHEBOUNG'),
(29, '', 1, '2017-09-04 05:58:08', 'Enregistrement de la nouvelle :4. Nom du Modérateur :Félicien MOTCHEBOUNG'),
(30, '', 1, '2017-09-04 06:00:59', 'Enregistrement de la nouvelle :5. Nom du Modérateur :Félicien MOTCHEBOUNG'),
(31, '', 1, '2017-09-04 06:50:21', 'Enregistrement de l\'évènement : 5. - Nom du Modérateur :Félicien MOTCHEBOUNG'),
(32, '', 1, '2017-09-05 09:55:04', 'Enregistrement de la nouvelle :6. Nom du Modérateur :Félicien MOTCHEBOUNG'),
(33, NULL, 1, '2017-09-05 10:40:09', 'Enregistrement de <b> Charle ASSALE </b>à la plateforme.'),
(34, '', 1, '2017-09-05 11:23:41', 'Inscription de M.ASSALE Charle à l\'enseignement SECRÉTARIAT BUREAUTIQUE.'),
(35, 'Payement d\'une tranche', 1, '2017-09-05 00:00:00', 'payement d\'une tranche: code :; Apprenant :  ; Montant versée : 5000; Numéro de tranche :'),
(36, 'Payement d\'une tranche', 1, '2017-09-05 00:00:00', 'payement d\'une tranche: code :; Apprenant :  ; Montant versée : 5000; Numéro de tranche :'),
(37, NULL, 1, '2017-09-05 11:54:23', 'Enregistrement de <b> Assale CHARLES </b>à la plateforme.'),
(38, '', 1, '2017-09-05 11:54:59', 'Inscription de M.CHARLES Assale à l\'enseignement COMPTABILITÉ INFORMATISÉE ET DE GESTION.'),
(39, NULL, 1, '2017-09-05 12:12:36', 'Enregistrement de <b> Pro VL </b>à la plateforme.'),
(40, '', 1, '2017-09-05 12:12:55', 'Inscription de M.VL Pro à l\'enseignement RÉSEAUX INFORMATIQUES ET ADMINISTRATION.'),
(41, NULL, 1, '2017-09-05 12:17:11', 'Enregistrement de <b> ze AZERRT </b>à la plateforme.'),
(42, '', 1, '2017-09-05 12:17:35', 'Inscription de Mme AZERRT Ze à l\'enseignement PRÉSENTATION ASSISTÉE PAR ORDINATEUR.'),
(43, NULL, 1, '2017-09-05 12:42:49', 'Enregistrement de <b> Charles ASSALE </b>à la plateforme.'),
(44, '', 1, '2017-09-05 12:43:07', 'Inscription de M.ASSALE Charles à l\'enseignement COMPTABILITÉ INFORMATISÉE ET DE GESTION.'),
(45, '', 1, '2017-09-06 05:32:04', 'Export des données pour les relevés de note de la promotion 17-Z001'),
(46, '', 1, '2017-09-06 06:13:24', 'Export des données pour les relevés de note de la promotion 17-Z001'),
(47, '', 1, '2017-09-06 06:13:44', 'Export des données pour les attestations de la promotion 17-Z001'),
(48, '', 1, '2017-09-06 00:00:00', ' a généré l\'emploi du temps de la semaine du 18/09/2017 au 23/09/2017.'),
(51, '', 1, '2017-09-06 03:40:04', ' a aloué M. Félicien MOTCHEBOUNG à l\'enseignement COMPTABILITÉ INFORMATISÉE ET DE GESTION.'),
(52, '', 1, '2017-09-06 15:48:25', 'Enregistrement des notes pour la promotion 17-Z001.'),
(53, '', 1, '2017-09-06 15:49:28', 'Modification des notes pour la promotion 17-Z001.'),
(54, '', 1, '2017-09-07 00:00:00', ' a généré l\'emploi du temps de la semaine du 04/09/2017 au 09/09/2017.'),
(69, '', 1, '2017-09-08 08:33:44', 'Modification des notes pour la promotion 17-Z001.'),
(70, '123422222222222222222222', 1, '2017-09-08 00:00:00', 'Blocage de l\'inscription '),
(71, 'azertyuiokjhgfdsqsdfcvgbh', 1, '2017-09-08 08:08:35', 'Blocage de l\'inscription '),
(72, '1111111111111111111111111111111111', 1, '2017-09-08 08:14:05', 'Blocage de l\'inscription '),
(73, '777777777777777777777777777777777777777', 1, '2017-09-08 08:17:05', 'Blocage de l\'inscription N°MINF170907N002'),
(74, 'Payement d\'une tranche', 1, '2017-09-08 00:00:00', 'payement d\'une tranche: code :; Apprenant :  ; Montant versée : 5000; Numéro de tranche :'),
(75, 'Payement d\'une tranche', 1, '2017-09-08 08:20:23', 'payement d\'une tranche: code :; Apprenant :  ; Montant versée : 5000; Numéro de tranche :'),
(76, 'Payement d\'une tranche', 1, '2017-09-08 08:34:00', 'payement d\'une tranche: code :MINF170907N001; Apprenant : Charles ASSALE; Montant versée : 5000; Numéro de tranche :3'),
(77, 'Payement d\'une tranche', 1, '2017-09-08 08:35:10', 'payement d\'une tranche: code :MINF170907N001; Apprenant : Charles ASSALE; Montant versée : 5000; Numéro de tranche :4'),
(78, 'Payement d\'une tranche', 1, '2017-09-08 08:35:51', 'payement d\'une tranche: code :MINF170907N001; Apprenant : Charles ASSALE; Montant versée : 5000; Numéro de tranche :5'),
(79, 'Payement d\'une tranche', 1, '2017-09-08 08:36:08', 'payement d\'une tranche: code :MINF170907N001; Apprenant : Charles ASSALE; Montant versée : 5000; Numéro de tranche :6'),
(80, 'Payement d\'une tranche', 1, '2017-09-08 08:39:33', 'payement d\'une tranche: code :MINF170907N001; Apprenant : Charles ASSALE; Montant versée : 5000; Numéro de tranche :7'),
(81, 'Payement d\'une tranche', 1, '2017-09-08 08:44:21', 'payement d\'une tranche: code :MINF170907N001; Apprenant : Charles ASSALE; Montant versée : 10000; Numéro de tranche :8'),
(82, 'Payement d\'une tranche', 1, '2017-09-08 08:46:16', 'payement d\'une tranche: code :ALGO170907N001; Apprenant :  MULTISOFT; Montant versée : 15000; Numéro de tranche :1'),
(83, 'Payement d\'une tranche', 1, '2017-09-08 08:47:23', 'payement d\'une tranche: code :MINF170907N001; Apprenant : Charles ASSALE; Montant versée : 2500; Numéro de tranche :9'),
(84, 'Payement d\'une tranche', 1, '2017-09-08 08:48:03', 'payement d\'une tranche: code :MINF170907N001; Apprenant : Charles ASSALE; Montant versée : 7500; Numéro de tranche :10'),
(85, '', 1, '2017-09-08 13:36:13', 'Modification des notes pour la promotion 17-Z001.'),
(86, '', 1, '2017-09-08 13:42:41', 'Modification des notes pour la promotion 17-Z001.'),
(87, '', 1, '2017-09-08 13:58:18', 'Modification des notes pour la promotion 17-Z001.'),
(88, '', 1, '2017-09-08 14:24:07', 'Modification des notes pour la promotion 17-Z001.'),
(89, '', 1, '2017-09-08 15:24:59', 'Publication des résultats de la vague 17-Z001'),
(90, '', 1, '2017-09-08 17:20:06', 'Enregistrement des notes pour la promotion 17-Z001.'),
(91, '', 1, '2017-09-08 17:29:09', 'Modification des notes pour la promotion 17-Z001.'),
(92, '', 1, '2017-09-08 16:45:45', 'Publication du planning d\'examen de la semaine du 04/09/2017.'),
(93, '', 1, '2017-09-08 16:52:04', 'Publication du planning d\'examen de la semaine du 04/09/2017.'),
(94, '', 1, '2017-09-08 00:00:00', ' a généré l\'emploi du temps de la semaine du 11/09/2017 au 16/09/2017.'),
(95, '', 1, '2017-09-08 00:00:00', ' a supprimé l\'emploi du temps de la semaine du 2017-09-11.'),
(96, '', 1, '2017-09-08 00:00:00', ' a supprimé l\'emploi du temps de la semaine du 2017-09-04.'),
(97, '', 1, '2017-09-08 00:00:00', ' a supprimé l\'emploi du temps de la semaine du 2017-09-18.'),
(98, '', 1, '2017-09-08 00:00:00', ' a généré l\'emploi du temps de la semaine du 04/09/2017 au 09/09/2017.'),
(99, '', 1, '2017-09-08 00:00:00', ' a généré l\'emploi du temps de la semaine du 11/09/2017 au 16/09/2017.'),
(100, '', 1, '2017-09-09 06:28:10', 'Publication des résultats de la vague 17-Z001'),
(101, 'Remplissage de la fiche de suivie', 1, '2017-09-09 05:26:41', 'Code de session :SESS00117-Z001. Nom du formateur :Félicien MOTCHEBOUNG'),
(102, '', 1, '2017-09-09 09:17:56', 'Enregistrement des notes pour la vague 17-Z001.'),
(103, '', 1, '2017-09-09 09:18:50', 'Publication des résultats de la vague 17-Z001'),
(104, '', 1, '2017-09-09 09:19:28', 'Enregistrement des notes pour la vague 17-Z001.'),
(105, '', 1, '2017-09-09 09:19:39', 'Enregistrement des notes pour la vague 17-Z001.'),
(106, '', 1, '2017-09-09 09:23:03', 'Publication des résultats de la vague 17-Z001'),
(107, '', 1, '2017-09-09 09:23:10', 'Publication des résultats de la vague 17-Z001'),
(108, '', 1, '2017-09-09 10:48:52', ' a aloué M. Félicien MOTCHEBOUNG à l\'enseignement MAINTENANCE INFORMATIQUE.'),
(109, '', 1, '2017-09-09 10:55:16', 'Enregistrement des notes pour la vague 17-Z002.'),
(110, NULL, 1, '2017-09-10 05:18:00', ' a mis fin à la promotion 17-Z001.'),
(111, '', 1, '2017-09-10 07:37:18', ' a modifié les paramètres du système.'),
(112, NULL, 1, '2017-09-10 05:51:57', ' a mis fin à la promotion 17-Z002.'),
(113, '', 1, '2017-09-10 05:59:44', 'Suspension du compte utiliateur de Mme MULTISOFT .'),
(114, '', 1, '2017-09-10 06:02:19', 'Réactivation du compte utiliateur de Mme MULTISOFT .'),
(115, '', 1, '2017-09-10 06:02:33', 'Suspension du compte utiliateur de Mme MULTISOFT .'),
(116, 'Payement d\'une tranche', 1, '2017-09-10 06:30:40', 'payement d\'une tranche: code :MINF170907N001; Apprenant : Charles ASSALE; Montant versée : 20000; Numéro de tranche :11'),
(117, 'Payement d\'une tranche', 1, '2017-09-10 06:32:04', 'payement d\'une tranche: code :MINF170907N002; Apprenant : Charles ASSALE; Montant versée : 50000; Numéro de tranche :1'),
(118, 'Payement d\'une tranche', 1, '2017-09-10 06:37:22', 'payement d\'une tranche: code :MINF170907N002; Apprenant : Charles ASSALE; Montant versée : 15000; Numéro de tranche :1'),
(119, 'Payement d\'une tranche', 1, '2017-09-10 06:38:39', 'payement d\'une tranche: code :MINF170907N002; Apprenant : Charles ASSALE; Montant versée : 15000; Numéro de tranche :2'),
(120, 'Payement d\'une tranche', 1, '2017-09-10 06:39:49', 'payement d\'une tranche: code :MINF170907N002; Apprenant : Charles ASSALE; Montant versée : 15000; Numéro de tranche :3'),
(121, 'Payement d\'une tranche', 1, '2017-09-10 06:42:44', 'payement d\'une tranche: code :SECO170905N002; Apprenant : Charles ASSALE; Montant versée : 10000; Numéro de tranche :2'),
(122, '', 1, '2017-09-10 07:43:19', 'Modification de l\'évènement : 2. - Nom du Modérateur :Félicien MOTCHEBOUNG'),
(123, NULL, 1, '0000-00-00 00:00:00', ' a enregistré rodrigue KOGNE à la plateforme.'),
(124, NULL, 1, '0000-00-00 00:00:00', ' a enregistré rodrigue KOGNE en tant que formateur'),
(125, '', 1, '2017-09-10 10:11:49', 'Ajout de Mme rodrigue KOGNE aux gérants de Multisoft Academy.'),
(126, '', 1, '2017-09-11 05:05:29', ' a aloué Mme rodrigue KOGNE à l\'enseignement SECRÉTARIAT BUREAUTIQUE.'),
(130, 'Payement d\'une tranche', 1, '2017-09-11 11:21:29', 'payement d\'une tranche: code :ALGO170907N001; Apprenant :  MULTISOFT; Montant versée : 1233; Numéro de tranche :2'),
(131, 'Payement d\'une tranche', 1, '2017-09-11 11:22:51', 'payement d\'une tranche: code :ALGO170907N001; Apprenant :  MULTISOFT; Montant versée : 123654; Numéro de tranche :2'),
(132, 'Payement d\'une tranche', 1, '2017-09-11 11:23:44', 'payement d\'une tranche: code :ALGO170907N001; Apprenant :  MULTISOFT; Montant versée : 123654; Numéro de tranche :2'),
(133, 'Payement d\'une tranche', 1, '2017-09-11 11:25:16', 'payement d\'une tranche: code :ALGO170907N001; Apprenant :  MULTISOFT; Montant versée : 123654; Numéro de tranche :2'),
(134, 'Payement d\'une tranche', 1, '2017-09-11 11:25:19', 'payement d\'une tranche: code :ALGO170907N001; Apprenant :  MULTISOFT; Montant versée : 123654; Numéro de tranche :2'),
(135, 'Payement d\'une tranche', 1, '2017-09-11 11:25:37', 'payement d\'une tranche: code :ALGO170907N001; Apprenant :  MULTISOFT; Montant versée : 69685; Numéro de tranche :2'),
(136, 'Payement d\'une tranche', 1, '2017-09-11 11:32:19', 'payement d\'une tranche: code :ALGO170907N001; Apprenant :  MULTISOFT; Montant versée : 852; Numéro de tranche :3'),
(137, 'Payement d\'une tranche', 1, '2017-09-11 11:35:09', 'payement d\'une tranche: code :ALGO170907N001; Apprenant :  MULTISOFT; Montant versée : 852; Numéro de tranche :4'),
(138, 'Payement d\'une tranche', 1, '2017-09-11 11:35:26', 'payement d\'une tranche: code :ALGO170907N001; Apprenant :  MULTISOFT; Montant versée : 852; Numéro de tranche :5'),
(139, 'Payement d\'une tranche', 1, '2017-09-11 12:45:15', 'payement d\'une tranche: code :ALGO170907N001; Apprenant :  MULTISOFT; Montant versée : 111; Numéro de tranche :6'),
(140, 'Payement d\'une tranche', 1, '2017-09-11 12:45:38', 'payement d\'une tranche: code :ALGO170907N001; Apprenant :  MULTISOFT; Montant versée : 111; Numéro de tranche :7'),
(141, 'Payement d\'une tranche', 1, '2017-09-11 12:51:20', 'payement d\'une tranche: code :ALGO170907N001; Apprenant :  MULTISOFT; Montant versée : 111; Numéro de tranche :8'),
(142, 'Payement d\'une tranche', 1, '2017-09-11 12:52:12', 'payement d\'une tranche: code :ALGO170907N001; Apprenant :  MULTISOFT; Montant versée : 111; Numéro de tranche :9'),
(143, 'Payement d\'une tranche', 1, '2017-09-11 12:55:48', 'payement d\'une tranche: code :ALGO170907N001; Apprenant :  MULTISOFT; Montant versée : 767; Numéro de tranche :10'),
(144, '', 1, '2017-09-12 11:27:32', 'Modification du profil'),
(145, '', 1, '2017-09-12 11:27:59', 'Modification du profil'),
(146, '', 1, '2017-09-12 11:28:13', 'Modification du profil'),
(148, '', 1, '2017-09-13 05:27:19', 'Enregistrement de la nouvelle :7. Nom du Modérateur :Félicien MOTCHEBOUNG'),
(149, '', 1, '2017-09-13 05:27:58', 'Enregistrement de la nouvelle :8. Nom du Modérateur :Félicien MOTCHEBOUNG'),
(150, '', 1, '2017-09-13 05:28:15', 'Enregistrement de la nouvelle :9. Nom du Modérateur :Félicien MOTCHEBOUNG'),
(151, '', 1, '2017-09-13 05:28:29', 'Enregistrement de la nouvelle :10. Nom du Modérateur :Félicien MOTCHEBOUNG'),
(152, '', 1, '2017-09-13 06:22:30', 'Enregistrement de la nouvelle :11. Nom du Modérateur :Félicien MOTCHEBOUNG'),
(153, '', 1, '2017-09-14 08:03:04', 'Modification du profil'),
(165, NULL, 21, '2017-09-17 13:06:57', 'albert KAKANOU s\' inscrit(e) à la plateforme.'),
(168, NULL, 24, '2017-09-18 15:23:10', ' TEMANI TEGABWE KAKMO s\' inscrit(e) à la plateforme.'),
(169, NULL, 25, '2017-09-19 08:51:11', 'arsene DAO s\' inscrit(e) à la plateforme.'),
(170, NULL, 26, '2017-09-20 08:31:19', 'Carin TSASSE F. s\' inscrit(e) à la plateforme.'),
(171, '', 1, '2017-09-20 14:18:53', ' a aloué Mme   à l\'enseignement CONCEPTION ET RÉALISATION DES BASES DE DONNÉES RELATIONNELLES.'),
(172, '', 1, '2017-09-20 14:23:18', ' a aloué Mme Jean-louis FENDJI à l\'enseignement RÉSEAUX INFORMATIQUES ET ADMINISTRATION.'),
(176, NULL, 1, '0000-00-00 00:00:00', ' a enregistré Adam SALE à la plateforme.'),
(177, NULL, 1, '2017-09-20 14:45:58', ' a enregistré Adam SALE en tant que formateur'),
(178, '', 1, '2017-09-20 14:46:42', ' a aloué M. Adam SALE à l\'enseignement COMPTABILITÉ INFORMATISÉE ET DE GESTION.'),
(179, NULL, 1, '0000-00-00 00:00:00', ' a enregistré Dimitry NGOUNOU à la plateforme.'),
(180, NULL, 1, '2017-09-20 14:48:33', ' a enregistré Dimitry NGOUNOU en tant que formateur'),
(181, NULL, 1, '0000-00-00 00:00:00', ' a enregistré Beertrand AMADOU à la plateforme.'),
(182, NULL, 1, '2017-09-20 14:50:24', ' a enregistré Beertrand AMADOU en tant que formateur'),
(183, '', 1, '2017-09-20 14:51:08', ' a aloué M. Beertrand AMADOU à l\'enseignement DÉVELOPPEMENT D’APPLICATION (WINDEV, VISUAL STUDIO, …).'),
(184, '', 1, '2017-09-20 14:51:35', ' a aloué M. Beertrand AMADOU à l\'enseignement SECRÉTARIAT BUREAUTIQUE.'),
(185, '', 1, '2017-09-20 14:51:51', ' a aloué M. Beertrand AMADOU à l\'enseignement COMPTABILITÉ INFORMATISÉE ET DE GESTION.'),
(186, '', 1, '2017-09-20 14:52:15', ' a aloué M. Beertrand AMADOU à l\'enseignement RÉSEAUX INFORMATIQUES ET ADMINISTRATION.'),
(187, '', 1, '2017-09-20 14:52:37', ' a aloué M. Beertrand AMADOU à l\'enseignement MAINTENANCE INFORMATIQUE.'),
(188, '', 1, '2017-09-20 14:54:16', ' a aloué M. Dimitry NGOUNOU à l\'enseignement CONCEPTION ET RÉALISATION DES BASES DE DONNÉES RELATIONNELLES.'),
(189, '', 1, '2017-09-20 14:54:34', ' a aloué M. Dimitry NGOUNOU à l\'enseignement DÉVELOPPEMENT D’APPLICATION (WINDEV, VISUAL STUDIO, …).'),
(190, '', 1, '2017-09-20 14:54:53', ' a aloué M. Dimitry NGOUNOU à l\'enseignement MAINTENANCE INFORMATIQUE.'),
(191, '', 1, '2017-09-20 14:55:20', ' a aloué M. Dimitry NGOUNOU à l\'enseignement DÉVELOPPEMENT D’APPLICATION WEB.'),
(192, NULL, 1, '0000-00-00 00:00:00', ' a enregistré Félicien MOTCHEBOUNG à la plateforme.'),
(193, NULL, 1, '2017-09-20 15:24:34', ' a enregistré Félicien MOTCHEBOUNG en tant que formateur'),
(194, '', 1, '2017-09-20 15:27:39', ' a aloué M. Félicien MOTCHEBOUNG à l\'enseignement SECRÉTARIAT BUREAUTIQUE.'),
(195, '', 1, '2017-09-20 15:28:00', ' a aloué M. Félicien MOTCHEBOUNG à l\'enseignement DÉVELOPPEMENT D’APPLICATION WEB.'),
(196, '', 1, '2017-09-20 15:28:23', ' a aloué M. Félicien MOTCHEBOUNG à l\'enseignement CONCEPTION ET RÉALISATION DES BASES DE DONNÉES RELATIONNELLES.'),
(197, '', 1, '2017-09-20 15:28:41', ' a aloué M. Félicien MOTCHEBOUNG à l\'enseignement ALGORITHMES ET PROGRAMMATION (C, C++, JAVA, PASCAL).'),
(198, '', 1, '2017-09-20 15:28:55', ' a aloué M. Félicien MOTCHEBOUNG à l\'enseignement INITIATION À LA SAISIE ET AU TRAITEMENT DE TEXTE.'),
(199, '', 1, '2017-09-20 15:29:08', ' a aloué M. Félicien MOTCHEBOUNG à l\'enseignement MISE EN FORME / FINALISATION DES MÉMOIRES ET RAPPORTS ACADÉMIQUES.'),
(200, '', 1, '2017-09-20 15:29:24', ' a aloué M. Félicien MOTCHEBOUNG à l\'enseignement PROGRAMMATION EXCEL.'),
(201, '', 1, '2017-09-20 15:29:44', ' a aloué M. Félicien MOTCHEBOUNG à l\'enseignement INTERNET ET APPLICATIONS.'),
(202, '', 1, '2017-09-20 15:29:59', ' a aloué M. Félicien MOTCHEBOUNG à l\'enseignement PRÉSENTATION ASSISTÉE PAR ORDINATEUR.'),
(203, '', 1, '2017-09-20 15:30:24', ' a aloué M. Félicien MOTCHEBOUNG à l\'enseignement TIC FOR BEGINNERS.'),
(204, '', 1, '2017-09-20 15:30:45', ' a aloué Mme Jean-louis FENDJI à l\'enseignement ANALYSE DE DONNÉES AVEC SPSS.'),
(205, '', 1, '2017-09-20 15:31:02', ' a aloué M. Beertrand AMADOU à l\'enseignement PROGRAMMATION EXCEL.'),
(210, NULL, 1, '0000-00-00 00:00:00', ' a enregistré Rodrigue KOGNE à la plateforme.'),
(211, NULL, 1, '2017-09-20 15:58:05', ' a enregistré Rodrigue KOGNE en tant que gérant.'),
(212, '', 1, '2017-09-20 16:03:40', ' a aloué Mme   à l\'enseignement DÉVELOPPEMENT D’APPLICATION WEB.'),
(213, '', 1, '2017-09-20 16:10:30', ' a aloué M. Rodrigue KOGNE à l\'enseignement CONCEPTION ET RÉALISATION DES BASES DE DONNÉES RELATIONNELLES.'),
(214, '', 1, '2017-09-20 16:32:12', ' a aloué M. Félicien MOTCHEBOUNG à l\'enseignement APPRENTISSAGE DES OUTILS DE BUREAUTIQUE.'),
(216, '', 1, '2017-09-23 13:21:12', 'Modification du profil'),
(217, '', 1, '2017-09-23 13:25:28', 'Modification du profil'),
(218, '', 21, '2017-09-23 15:03:13', 'Inscription de M.KAKANOU Albert à l\'enseignement CARTOGRAPHIE ASSISTÉE PAR ORDINATEUR.'),
(219, 'Demande non valide', 1, '2017-09-24 21:09:36', 'Blocage de l\'inscription N°CART170923N001'),
(220, NULL, 37, '2017-09-24 22:07:56', ' LE FINDEX s\' inscrit(e) à la plateforme.'),
(221, '', 37, '2017-09-24 22:09:35', 'Inscription de M.LE FINDEX  à l\'enseignement COMPTABILITÉ INFORMATISÉE ET DE GESTION.'),
(222, NULL, 38, '2017-09-25 15:57:02', 'sorel KOUYIM s\' inscrit(e) à la plateforme.'),
(223, NULL, 1, '2017-09-26 10:21:49', 'Enregistrement de <b> Jean HAMADOU </b>à la plateforme.'),
(224, '', 1, '2017-09-26 10:22:35', 'Inscription de M.HAMADOU Jean à l\'enseignement APPRENTISSAGE DES OUTILS DE BUREAUTIQUE.'),
(225, '', 1, '2017-09-26 12:29:13', ' a généré l\'emploi du temps de la semaine du 25/09/2017 au 30/09/2017.'),
(226, NULL, 1, '0000-00-00 00:00:00', ' a enregistré manuel TAIRA à la plateforme.'),
(227, NULL, 1, '2017-09-26 14:07:11', ' a enregistré manuel TAIRA en tant que formateur'),
(228, '', 1, '2017-09-26 14:28:51', ' a aloué M. manuel TAIRA à l\'enseignement DÉVELOPPEMENT D’APPLICATION (WINDEV, VISUAL STUDIO, …).'),
(229, '', 1, '2017-09-26 14:29:11', ' a aloué M. manuel TAIRA à l\'enseignement DÉVELOPPEMENT D’APPLICATION WEB.'),
(230, '', 1, '2017-09-26 14:29:35', ' a aloué M. manuel TAIRA à l\'enseignement ALGORITHMES ET PROGRAMMATION (C, C++, JAVA, PASCAL).'),
(231, NULL, 1, '2017-09-28 07:57:52', 'Enregistrement de <b>  KABALA NGUIDIFI </b>à la plateforme.'),
(232, '', 1, '2017-09-28 07:58:02', 'Inscription de M.KABALA NGUIDIFI  à l\'enseignement INITIATION À LA SAISIE ET AU TRAITEMENT DE TEXTE.'),
(233, 'Délai dépassé', 1, '2017-09-28 08:27:57', 'Blocage de l\'inscription N°SECO170924N003'),
(234, '', 41, '2017-09-28 09:21:12', 'Modification du profil'),
(235, '', 1, '2017-09-28 17:48:21', 'Modification du profil'),
(236, 'Remplissage de la fiche de suivie', 33, '2017-09-28 18:20:01', 'Code de session :SESS00117Z001. Nom du formateur :Félicien MOTCHEBOUNG'),
(237, 'Remplissage de la fiche de suivie', 33, '2017-09-28 18:40:21', 'Code de session :SESS00217Z001. Nom du formateur :Félicien MOTCHEBOUNG'),
(238, 'Remplissage de la fiche de suivie', 33, '2017-09-28 18:44:41', 'Code de session :SESS00117Z001. Nom du formateur :Félicien MOTCHEBOUNG'),
(239, '', 24, '2017-09-29 11:42:44', 'Ajout d\'un sujet dans le forum << Installation de WINDEV >> dans la catégorie <b><< DÉVELOPPEMENT D’APPLICATION (WINDEV, VISUAL STUDIO,...) >></b>'),
(240, '', 1, '2017-09-29 20:10:07', ' a généré l\'emploi du temps de la semaine du 02/10/2017 au 07/10/2017.'),
(241, 'Remplissage de la fiche de suivie', 33, '2017-09-29 20:18:47', 'Code de session :SESS00317Z001. Nom du formateur :Félicien MOTCHEBOUNG'),
(242, '', 1, '2017-10-01 11:50:44', 'Enregistrement de la nouvelle :12. Nom du Modérateur :Academy MULTISOFT'),
(243, '', 1, '2017-10-01 11:55:31', 'Enregistrement de la nouvelle :13. Nom du Modérateur :Academy MULTISOFT'),
(244, '', 1, '2017-10-02 07:30:21', ' a aloué M. manuel TAIRA à l\'enseignement APPRENTISSAGE DES OUTILS DE BUREAUTIQUE.'),
(245, '', 1, '2017-10-02 07:30:43', ' a aloué M. manuel TAIRA à l\'enseignement INITIATION À LA SAISIE ET AU TRAITEMENT DE TEXTE.'),
(246, 'Remplissage de la fiche de suivie', 40, '2017-10-03 08:39:20', 'Code de session :SESS00117Z003. Nom du formateur :Manuel TAIRA'),
(247, 'Remplissage de la fiche de suivie', 40, '2017-10-03 08:40:10', 'Code de session :SESS00217Z003. Nom du formateur :Manuel TAIRA'),
(248, '', 1, '2017-10-05 02:55:44', 'Enregistrement de la nouvelle :14. Nom du Modérateur :Academy MULTISOFT'),
(249, '', 1, '2017-10-05 03:09:02', 'Enregistrement de la nouvelle :15. Nom du Modérateur :Academy MULTISOFT'),
(250, 'Remplissage de la fiche de suivie', 33, '2017-10-05 14:11:36', 'Code de session :SESS00317Z003. Nom du formateur :Félicien MOTCHEBOUNG'),
(251, 'Remplissage de la fiche de suivie', 40, '2017-10-05 14:31:11', 'Code de session :SESS00417Z003. Nom du formateur :Manuel TAIRA'),
(252, 'Remplissage de la fiche de suivie', 40, '2017-10-05 14:32:14', 'Code de session :SESS00517Z001. Nom du formateur :Manuel TAIRA'),
(253, 'Remplissage de la fiche de suivie', 40, '2017-10-05 14:33:05', 'Code de session :SESS00417Z001. Nom du formateur :Manuel TAIRA'),
(254, 'Remplissage de la fiche de suivie', 40, '2017-10-06 12:57:50', 'Code de session :SESS00417Z001. Nom du formateur :Manuel TAIRA'),
(255, 'Remplissage de la fiche de suivie', 40, '2017-10-08 21:44:58', 'Code de session :SESS00517Z003. Nom du formateur :Manuel TAIRA'),
(256, 'Remplissage de la fiche de suivie', 40, '2017-10-08 21:45:24', 'Code de session :SESS00617Z001. Nom du formateur :Manuel TAIRA'),
(257, '', 1, '2017-10-09 07:50:36', ' a généré l\'emploi du temps de la semaine du 09/10/2017 au 14/10/2017.'),
(258, 'Remplissage de la fiche de suivie', 40, '2017-10-09 08:56:36', 'Code de session :SESS00617Z001. Nom du formateur :Manuel TAIRA'),
(259, 'Remplissage de la fiche de suivie', 40, '2017-10-13 07:21:24', 'Code de session :SESS00917Z001. Nom du formateur :Manuel TAIRA'),
(260, 'Remplissage de la fiche de suivie', 40, '2017-10-13 07:21:30', 'Code de session :SESS00917Z001. Nom du formateur :Manuel TAIRA'),
(261, '', 1, '2017-10-15 18:34:53', ' a généré l\'emploi du temps de la semaine du 16/10/2017 au 21/10/2017.'),
(262, NULL, 1, '2017-10-18 06:58:10', 'Enregistrement de <b> Abakar Bachar MAKAYE </b>à la plateforme.'),
(263, '', 1, '2017-10-18 07:29:19', 'Inscription de M.MAKAYE Abakar Bachar à l\'enseignement INITIATION À LA SAISIE ET AU TRAITEMENT DE TEXTE.'),
(264, '', 1, '2017-10-20 16:52:39', 'Modification de la fiche de suivi N° SESS01017Z001.'),
(265, '', 1, '2017-10-21 07:16:58', 'Enregistrement de l\'évènement : 6. - Nom du Modérateur :Academy MULTISOFT'),
(266, '', 1, '2017-10-21 07:17:50', 'Modification de l\'évènement : 6. - Nom du Modérateur :Academy MULTISOFT'),
(267, NULL, 43, '2017-10-21 13:07:40', ' A-NY s\' inscrit(e) à la plateforme.'),
(268, '', 1, '2017-10-23 06:50:51', 'Publication du planning d\'examen de la semaine du 23/10/2017.'),
(269, NULL, 1, '2017-10-25 07:58:52', 'Enregistrement de <b> Valerie REMADJI </b>à la plateforme.'),
(270, '', 1, '2017-10-25 08:14:31', ' a modifié les paramètres du système.'),
(271, '', 1, '2017-10-25 08:20:11', 'Inscription de Mme REMADJI Valerie à l\'enseignement COMPTABILITÉ INFORMATISÉE ET DE GESTION.'),
(272, '', 40, '2017-10-28 10:52:48', 'Enregistrement des notes pour la vague 17Z003.'),
(273, '', 40, '2017-10-28 10:54:24', 'Enregistrement des notes pour la vague 17Z003.'),
(274, '', 40, '2017-10-28 10:55:23', 'Enregistrement des notes pour la vague 17Z001.'),
(275, '', 40, '2017-10-28 10:56:37', 'Enregistrement des notes pour la vague 17Z001.'),
(276, NULL, 1, '2017-10-29 09:33:45', 'Enregistrement de <b>  ISMAÏL MAHAMAT TAHIR </b>à la plateforme.'),
(277, '', 1, '2017-10-29 09:34:21', 'Inscription de M.ISMAÏL MAHAMAT TAHIR  à l\'enseignement SECRÉTARIAT BUREAUTIQUE.'),
(278, NULL, 1, '2017-11-06 07:53:15', 'Enregistrement de <b> Etienne BARGONODJIEL MBAÏGUELE </b>à la plateforme.'),
(279, '', 1, '2017-11-06 08:24:00', 'Inscription de M.BARGONODJIEL MBAÏGUELE Etienne à l\'enseignement INITIATION À LA SAISIE ET AU TRAITEMENT DE TEXTE.'),
(280, NULL, 1, '2017-11-06 10:40:45', 'Enregistrement de <b> Isabelle BOBON  NGONME </b>à la plateforme.'),
(281, '', 1, '2017-11-06 10:41:12', 'Inscription de Mme BOBON  NGONME Isabelle à l\'enseignement SECRÉTARIAT BUREAUTIQUE.'),
(282, '', 1, '2017-11-06 11:58:24', ' a généré l\'emploi du temps de la semaine du 06/11/2017 au 11/11/2017.'),
(283, '', 1, '2017-11-06 12:02:09', ' a supprimé l\'emploi du temps de la semaine du 2017-11-06.'),
(284, '', 1, '2017-11-06 12:04:30', ' a généré l\'emploi du temps de la semaine du 06/11/2017 au 11/11/2017.'),
(285, '', 1, '2017-11-07 11:12:59', 'Publication des résultats de la vague 17Z001'),
(286, '', 1, '2017-11-07 11:13:02', 'Publication des résultats de la vague 17Z001'),
(287, NULL, 1, '2017-11-07 11:27:19', 'Enregistrement de <b> Adji HEISSEIN MOUSTAPHA </b>à la plateforme.'),
(288, '', 1, '2017-11-07 11:28:56', 'Inscription de M.HEISSEIN MOUSTAPHA Adji à l\'enseignement INITIATION À LA SAISIE ET AU TRAITEMENT DE TEXTE.'),
(289, '', 1, '2017-11-07 12:11:02', 'Publication des résultats de la vague 17Z003'),
(290, '', 1, '2017-11-07 12:11:09', 'Publication des résultats de la vague 17Z003'),
(291, NULL, 1, '2017-11-07 12:45:58', 'Enregistrement de <b> Guy Rostand NGONGANG KAMENI </b>à la plateforme.'),
(292, '', 1, '2017-11-07 12:46:20', 'Inscription de M.NGONGANG KAMENI Guy Rostand à l\'enseignement ALGORITHMES ET PROGRAMMATION (C, C++, JAVA, PASCAL).'),
(293, NULL, 1, '2017-11-07 14:26:53', ' a mis fin à la promotion 17Z003.'),
(294, '', 1, '2017-11-08 10:59:40', 'Modification de la fiche de suivi N° SESS001#654.'),
(295, '', 1, '2017-11-08 11:00:34', 'Modification de la fiche de suivi N° SESS01317Z001.'),
(296, '', 1, '2017-11-08 11:01:49', 'Modification de la fiche de suivi N° SESS001#56.'),
(297, '', 1, '2017-11-08 12:22:38', 'Enregistrement de la nouvelle :16. Nom du Modérateur :Academy MULTISOFT'),
(298, '', 1, '2017-11-08 12:23:32', 'Enregistrement de la nouvelle :17. Nom du Modérateur :Academy MULTISOFT'),
(299, '', 1, '2017-11-08 13:20:07', 'Export des données pour les relevés de note de la vague 17Z003'),
(300, '', 1, '2017-11-08 13:24:31', 'Export des données pour les attestations de la vague 17Z003'),
(301, '', 1, '2017-11-08 13:56:21', 'Export des données pour les attestations de la vague 17Z003'),
(302, '', 1, '2017-11-08 13:57:39', 'Export des données pour les relevés de note de la vague 17Z003'),
(303, '', 1, '2017-11-08 13:58:15', 'Export des données pour les relevés de note de la vague 17Z003'),
(304, '', 1, '2017-11-08 14:17:37', 'Export des données pour les relevés de note de la vague 17Z003'),
(305, NULL, 1, '0000-00-00 00:00:00', ' a enregistré Victor ELOUNDOU à la plateforme.'),
(306, NULL, 1, '2017-11-09 13:25:39', ' a enregistré Victor ELOUNDOU en tant que formateur'),
(307, '', 1, '2017-11-09 13:39:09', ' a aloué M. Victor ELOUNDOU à l\'enseignement ALGORITHMES ET PROGRAMMATION (C, C++, JAVA, PASCAL).'),
(308, '', 1, '2017-11-10 08:24:24', 'Publication du planning d\'examen de la semaine du 06/11/2017.'),
(309, '', 33, '2017-11-10 13:47:52', 'Enregistrement des notes pour la vague 17Z001.'),
(310, '', 1, '2017-11-10 13:49:08', 'Publication des résultats de la vague 17Z001'),
(311, NULL, 1, '2017-11-10 13:50:47', ' a mis fin à la promotion 17Z001.'),
(312, '', 1, '2017-11-10 14:00:41', 'Export des données pour les relevés de note de la vague 17Z001'),
(313, NULL, 51, '2017-11-11 11:34:06', 'zorobabel MARAIDAMSOU s\' inscrit(e) à la plateforme.'),
(314, NULL, 1, '2017-11-11 12:01:59', 'Enregistrement de <b> Ali AL-HADI ZAKARIA </b>à la plateforme.'),
(315, '', 1, '2017-11-11 12:02:38', 'Inscription de M.AL-HADI ZAKARIA Ali à l\'enseignement RÉSEAUX INFORMATIQUES ET ADMINISTRATION.'),
(316, NULL, 53, '2017-11-11 12:10:22', 'IBRAHIM ABOUBAKAR s\' inscrit(e) à la plateforme.'),
(317, '', 1, '2017-11-11 13:08:25', ' a généré l\'emploi du temps de la semaine du 13/11/2017 au 18/11/2017.'),
(318, '', 1, '2017-11-13 08:19:10', 'Enregistrement de l\'évènement : 7. - Nom du Modérateur :Academy MULTISOFT'),
(319, '', 1, '2017-11-13 15:07:52', 'Enregistrement de la nouvelle :18. Nom du Modérateur :Academy MULTISOFT'),
(320, '', 1, '2017-11-13 15:09:49', 'Enregistrement de la nouvelle :19. Nom du Modérateur :Academy MULTISOFT'),
(321, '', 1, '2017-11-14 20:54:55', 'Enregistrement de la nouvelle :20. Nom du Modérateur :Academy MULTISOFT'),
(322, '', 1, '2017-11-18 10:51:18', 'Enregistrement de la nouvelle :21. Nom du Modérateur :Academy MULTISOFT'),
(323, NULL, 1, '2017-11-19 14:59:55', 'Enregistrement de <b> Yves MBA-SHO </b>à la plateforme.'),
(324, '', 1, '2017-11-19 15:00:32', 'Inscription de M.MBA-SHO Yves à l\'enseignement CREATION DE SITE WEB AVEC HTML ET CSS.'),
(325, '', 1, '2017-11-19 16:08:29', ' a généré l\'emploi du temps de la semaine du 20/11/2017 au 25/11/2017.'),
(326, '', 21, '2017-11-20 19:24:08', 'Ajout d\'une réponse au sujet << Installation de WINDEV >> dans le forum.'),
(327, '', 1, '2017-11-23 15:17:43', 'Enregistrement de la nouvelle :22. Nom du Modérateur :Academy MULTISOFT'),
(328, '', 1, '2017-11-23 15:19:34', 'Enregistrement de la nouvelle :23. Nom du Modérateur :Academy MULTISOFT'),
(329, '', 1, '2017-11-23 17:22:23', 'Enregistrement de la nouvelle :24. Nom du Modérateur :Academy MULTISOFT'),
(330, '', 1, '2017-11-24 11:34:32', 'Inscription de M.MBA-SHO Yves à l\'enseignement RÉSEAUX INFORMATIQUES ET CABLÂGE.'),
(331, '', 1, '2017-11-24 11:46:33', 'Inscription de M.ABOUBAKAR Ibrahim à l\'enseignement COMPTABILITÉ INFORMATISÉE ET DE GESTION.'),
(332, '', 1, '2017-11-25 08:48:38', ' a généré l\'emploi du temps de la semaine du 27/11/2017 au 02/12/2017.'),
(333, 'Payement d\'une tranche', 1, '2017-11-27 14:06:39', 'payement d\'une tranche: code :SATT171106N009; Apprenant : Etienne BARGONODJIEL MBAÏGUELE; Montant versée : 5000; Numéro de tranche :2'),
(334, 'Payement d\'une tranche', 1, '2017-12-02 07:32:07', 'payement d\'une tranche: code :RIAD171111N014; Apprenant : Ali AL-HADI ZAKARIA; Montant versée : 10000; Numéro de tranche :2'),
(335, NULL, 1, '2017-12-02 08:56:07', 'Enregistrement de <b> Donatien DJERAYOM </b>à la plateforme.'),
(336, '', 1, '2017-12-02 08:56:21', 'Inscription de M.DJERAYOM Donatien à l\'enseignement MAINTENANCE INFORMATIQUE AVANCÉE.'),
(337, '', 1, '2017-12-03 09:45:08', 'Enregistrement de la nouvelle :25. Nom du Modérateur :Academy MULTISOFT'),
(338, '', 1, '2017-12-03 12:24:54', ' a généré l\'emploi du temps de la semaine du 04/12/2017 au 09/12/2017.'),
(339, NULL, 1, '2017-12-04 13:48:37', 'Enregistrement de <b>  YANYABE DESSANG </b>à la plateforme.'),
(340, '', 1, '2017-12-04 13:48:52', 'Inscription de M.YANYABE DESSANG  à l\'enseignement MAINTENANCE INFORMATIQUE AVANCÉE.'),
(341, '', 1, '2017-12-04 14:07:52', 'Inscription de M.YANYABE DESSANG  à l\'enseignement RÉSEAUX INFORMATIQUES ET CABLÂGE.'),
(342, '', 31, '2017-12-04 14:48:44', 'Ajout d\'une réponse au sujet << Installation de WINDEV >> dans le forum.'),
(343, 'Payement d\'une tranche', 1, '2017-12-05 11:49:44', 'payement d\'une tranche: code :RICA171124N016; Apprenant : Yves MBA-SHO; Montant versée : 25000; Numéro de tranche :2'),
(344, '', 1, '2017-12-07 18:34:24', 'Publication du planning d\'examen de la semaine du 11/12/2017.'),
(345, '', 1, '2017-12-10 20:29:19', ' a généré l\'emploi du temps de la semaine du 11/12/2017 au 16/12/2017.'),
(346, 'Payement d\'une tranche', 1, '2017-12-11 07:26:15', 'payement d\'une tranche: code :ALGO171107N013; Apprenant : Guy Rostand NGONGANG KAMENI; Montant versée : 25000; Numéro de tranche :2'),
(347, NULL, 1, '2017-12-11 11:13:15', 'Enregistrement de <b> HAMADAMA MAIMOUNATOU DJAORO </b>à la plateforme.'),
(348, '', 1, '2017-12-11 11:13:32', 'Inscription de Mme MAIMOUNATOU DJAORO Hamadama à l\'enseignement SECRÉTARIAT BUREAUTIQUE.'),
(349, NULL, 1, '2017-12-12 13:39:48', 'Enregistrement de <b> MOKSIA BIANA </b>à la plateforme.'),
(350, '', 1, '2017-12-12 13:41:37', 'Inscription de Mme BIANA Moksia à l\'enseignement SECRÉTARIAT BUREAUTIQUE.'),
(351, '', 21, '2017-12-16 01:12:16', 'Inscription de M.KAKANOU Albert à l\'enseignement TIC FOR BEGINNERS.'),
(352, '', 1, '2017-12-18 09:37:12', ' a généré l\'emploi du temps de la semaine du 18/12/2017 au 23/12/2017.'),
(353, '', 1, '2017-12-18 10:01:54', ' a généré l\'emploi du temps de la semaine du  au .'),
(354, '', 1, '2017-12-18 20:32:52', 'Publication du planning d\'examen de la semaine du 18/12/2017.'),
(355, NULL, 1, '0000-00-00 00:00:00', ' a enregistré PATIENCE LEOPOLD BAGONA à la plateforme.'),
(356, NULL, 1, '2017-12-19 04:07:23', ' a enregistré PATIENCE LEOPOLD BAGONA en tant que formateur'),
(357, '', 1, '2017-12-19 12:14:57', ' a aloué M. Félicien MOTCHEBOUNG à l\'enseignement MAINTENANCE INFORMATIQUE AVANCÉE.'),
(358, '', 33, '2017-12-19 12:15:50', 'Enregistrement des notes pour la vague 17Z010.'),
(359, '', 33, '2017-12-19 12:24:52', 'Enregistrement des notes pour la vague 17Z010.'),
(360, '', 33, '2017-12-19 12:25:35', 'Modification des notes pour la vague 17Z010.'),
(361, '', 33, '2017-12-19 12:25:56', 'Modification des notes pour la vague 17Z010.'),
(362, '', 33, '2017-12-19 12:26:13', 'Modification des notes pour la vague 17Z010.'),
(363, '', 33, '2017-12-19 13:24:31', 'Enregistrement des notes pour la vague 17Z010.'),
(364, '', 33, '2017-12-19 13:29:26', 'Enregistrement des notes pour la vague 17Z010.'),
(365, '', 33, '2017-12-19 13:49:15', 'Enregistrement des notes pour la vague 17Z010.'),
(366, '', 33, '2017-12-19 13:50:04', 'Modification des notes pour la vague 17Z010.'),
(367, '', 33, '2017-12-19 13:50:41', 'Enregistrement des notes pour la vague 17Z010.'),
(368, '', 50, '2017-12-21 06:40:46', 'Enregistrement des notes pour la vague 17Z007.'),
(369, '', 1, '2017-12-22 08:20:02', ' a aloué M. PATIENCE LEOPOLD BAGONA à l\'enseignement RÉSEAUX INFORMATIQUES ET CABLÂGE.'),
(370, '', 1, '2017-12-24 05:33:28', 'Ajout d\'une réponse au sujet << Installation de WINDEV >> dans le forum.'),
(371, '', 1, '2017-12-24 17:43:19', ' a aloué M. Félicien MOTCHEBOUNG à l\'enseignement RÉSEAUX INFORMATIQUES ET CABLÂGE.'),
(372, '', 59, '2017-12-24 17:46:17', 'Enregistrement des notes pour la vague 17Z008.'),
(373, '', 59, '2017-12-24 17:47:18', 'Enregistrement des notes pour la vague 17Z008.'),
(374, 'Canular', 1, '2017-12-25 09:50:10', 'Blocage de l\'inscription N°TICF171216N023'),
(375, '', 1, '2017-12-26 05:07:50', ' a généré l\'emploi du temps de la semaine du 25/12/2017 au 30/12/2017.'),
(376, '', 33, '2017-12-26 11:40:13', 'Enregistrement des notes pour la vague 17Z006.'),
(377, '', 1, '2017-12-26 11:41:36', ' a aloué M. Félicien MOTCHEBOUNG à l\'enseignement CREATION DE SITE WEB AVEC HTML ET CSS.'),
(378, '', 1, '2017-12-26 11:42:02', ' a aloué M. Félicien MOTCHEBOUNG à l\'enseignement COMPTABILITÉ INFORMATISÉE ET DE GESTION.'),
(379, '', 33, '2017-12-26 11:44:19', 'Enregistrement des notes pour la vague 17Z005.'),
(380, '', 33, '2017-12-26 11:45:34', 'Enregistrement des notes pour la vague 17Z005.'),
(381, '', 33, '2017-12-26 11:46:47', 'Enregistrement des notes pour la vague 17Z009.'),
(382, '', 33, '2017-12-26 11:46:58', 'Enregistrement des notes pour la vague 17Z009.'),
(383, '', 33, '2017-12-26 11:47:25', 'Enregistrement des notes pour la vague 17Z009.'),
(384, 'Payement d\'une tranche', 1, '2017-12-30 07:59:52', 'payement d\'une tranche: code :MINA171202N018; Apprenant : Donatien DJERAYOM; Montant versée : 20000; Numéro de tranche :2'),
(385, NULL, 1, '2017-12-30 08:38:11', 'Enregistrement de <b> HELENE WIWA </b>à la plateforme.'),
(386, '', 1, '2017-12-30 08:48:25', 'Inscription de Mme WIWA Helene à l\'enseignement SECRÉTARIAT BUREAUTIQUE.'),
(387, '', 1, '2017-12-30 09:43:20', 'Publication des résultats de la vague 17Z010'),
(388, NULL, 1, '2017-12-30 09:47:09', ' a mis fin à la promotion 17Z010.'),
(389, '', 1, '2017-12-30 09:47:35', 'Export des données pour les relevés de note de la vague 17Z010'),
(390, '', 1, '2017-12-30 09:52:04', 'Export des données pour les relevés de note de la vague 17Z010'),
(391, '', 1, '2017-12-30 09:57:47', 'Export des données pour les relevés de note de la vague 17Z010'),
(392, '', 1, '2017-12-30 10:07:53', 'Export des données pour les attestations de la vague 17Z010'),
(393, '', 1, '2017-12-30 10:13:14', 'Export des données pour les relevés de note de la vague 17Z010'),
(394, '', 1, '2018-01-02 09:28:56', ' a généré l\'emploi du temps de la semaine du 01/01/2018 au 06/01/2018.'),
(395, 'Payement d\'une tranche', 1, '2018-01-03 10:58:12', 'payement d\'une tranche: code :RIAD171111N014; Apprenant : Ali AL-HADI ZAKARIA; Montant versée : 10000; Numéro de tranche :3'),
(396, 'Payement d\'une tranche', 1, '2018-01-03 10:59:43', 'payement d\'une tranche: code :RICA171204N020; Apprenant :  YANYABE DESSANG; Montant versée : 45000; Numéro de tranche :2'),
(397, '', 1, '2018-01-04 22:14:23', 'Enregistrement de la nouvelle :26. Nom du Modérateur :Academy MULTISOFT'),
(398, '', 1, '2018-01-04 22:14:23', 'Enregistrement de la nouvelle :27. Nom du Modérateur :Academy MULTISOFT'),
(399, 'Payement d\'une tranche', 1, '2018-01-08 10:45:11', 'payement d\'une tranche: code :SEBU171212N022; Apprenant : MOKSIA BIANA; Montant versée : 30000; Numéro de tranche :2'),
(400, NULL, 1, '2018-01-09 10:51:48', 'Enregistrement de <b>  HANWA MANWE </b>à la plateforme.'),
(401, '', 1, '2018-01-09 10:52:49', 'Inscription de Mme HANWA MANWE  à l\'enseignement SECRÉTARIAT BUREAUTIQUE.'),
(402, '', 1, '2018-01-10 13:02:08', 'Enregistrement de la nouvelle :28. Nom du Modérateur :Academy MULTISOFT'),
(403, '', 1, '2018-01-10 13:07:55', 'Enregistrement de la nouvelle :29. Nom du Modérateur :Academy MULTISOFT'),
(404, 'Payement d\'une tranche', 1, '2018-01-11 10:47:23', 'payement d\'une tranche: code :SECO171025N007; Apprenant : Valerie REMADJI; Montant versée : 10000; Numéro de tranche :2'),
(405, NULL, 1, '2018-01-11 11:12:48', 'Enregistrement de <b>  DOUMARA MANGALASSOU </b>à la plateforme.'),
(406, '', 1, '2018-01-11 11:13:30', 'Inscription de M.DOUMARA MANGALASSOU  à l\'enseignement MAINTENANCE INFORMATIQUE.'),
(407, '', 1, '2018-01-11 11:16:29', 'Inscription de M.DOUMARA MANGALASSOU  à l\'enseignement RÉSEAUX INFORMATIQUES ET CABLÂGE.'),
(408, NULL, 1, '2018-01-11 11:24:27', 'Enregistrement de <b> ABDRAMANE INE AHMAT HABIB </b>à la plateforme.'),
(409, '', 1, '2018-01-11 11:35:30', 'Inscription de M.HABIB Abdramane Ine Ahmat à l\'enseignement DÉVELOPPEMENT DES SITES ET APPLICATIONS WEB AVEC PHP.'),
(410, '', 1, '2018-01-13 09:39:55', ' a généré l\'emploi du temps de la semaine du 08/01/2018 au 13/01/2018.'),
(411, 'Payement d\'une tranche', 1, '2018-01-15 08:12:29', 'payement d\'une tranche: code :SECO171025N007; Apprenant : Valerie REMADJI; Montant versée : 20000; Numéro de tranche :3'),
(412, '', 33, '2018-01-15 11:59:51', 'Enregistrement des notes pour la vague 17Z004.'),
(413, '', 33, '2018-01-15 12:01:23', 'Enregistrement des notes pour la vague 17Z004.'),
(414, '', 33, '2018-01-15 12:01:37', 'Modification des notes pour la vague 17Z004.'),
(415, NULL, 1, '2018-01-19 11:08:16', 'Enregistrement de <b> LILIANE MEMADJI </b>à la plateforme.'),
(416, '', 1, '2018-01-19 11:08:47', 'Inscription de Mme MEMADJI Liliane à l\'enseignement SECRÉTARIAT BUREAUTIQUE.'),
(417, '', 33, '2018-01-21 10:30:37', 'Modification des notes pour la vague 17Z004.'),
(418, '', 33, '2018-01-21 11:04:22', 'Modification des notes pour la vague 17Z004.'),
(419, '', 33, '2018-01-21 11:27:46', 'Modification des notes pour la vague 17Z004.'),
(420, '', 33, '2018-01-21 11:28:42', 'Modification des notes pour la vague 17Z004.'),
(421, '', 33, '2018-01-21 14:05:43', 'Modification des notes pour la vague 17Z004.'),
(422, '', 1, '2018-01-21 14:25:42', ' a généré l\'emploi du temps de la semaine du 22/01/2018 au 27/01/2018.'),
(423, NULL, 1, '0000-00-00 00:00:00', ' a enregistré Blondeau LONFO à la plateforme.'),
(424, NULL, 1, '2018-01-21 15:01:19', ' a enregistré Blondeau LONFO en tant que formateur'),
(425, '', 1, '2018-01-21 15:01:50', ' a aloué M. Blondeau LONFO à l\'enseignement SECRÉTARIAT BUREAUTIQUE.'),
(426, '', 1, '2018-01-21 15:02:11', ' a aloué M. Blondeau LONFO à l\'enseignement RÉSEAUX INFORMATIQUES ET CABLÂGE.'),
(427, NULL, 1, '0000-00-00 00:00:00', ' a enregistré Methode BAGAZA à la plateforme.'),
(428, NULL, 1, '2018-01-21 15:15:58', ' a enregistré Methode BAGAZA en tant que formateur'),
(429, '', 1, '2018-01-21 15:17:40', ' a aloué M. Methode BAGAZA à l\'enseignement SECRÉTARIAT BUREAUTIQUE.'),
(430, '', 1, '2018-01-21 15:18:08', ' a aloué M. Methode BAGAZA à l\'enseignement CREATION DE SITE WEB AVEC HTML ET CSS.'),
(431, '', 66, '2018-01-21 15:33:38', 'Modification du profil'),
(432, '', 1, '2018-01-28 19:14:58', ' a généré l\'emploi du temps de la semaine du 29/01/2018 au 03/02/2018.'),
(433, '', 1, '2018-01-29 14:30:47', 'Enregistrement de la nouvelle :30. Nom du Modérateur :Academy MULTISOFT'),
(434, NULL, 67, '2018-01-29 17:23:06', 'corinne KOUAM s\' inscrit(e) à la plateforme.'),
(435, '', 21, '2018-01-30 10:45:28', 'Ajout d\'un sujet dans le forum << Qu\'entend t-on par pao >> dans la catégorie <b><< PRÉSENTATION ASSISTÉE PAR ORDINATEUR >></b>'),
(436, '', 1, '2018-02-04 18:24:56', ' a généré l\'emploi du temps de la semaine du 05/02/2018 au 10/02/2018.'),
(437, '', 1, '2018-02-04 19:11:14', 'Enregistrement de la nouvelle :31. Nom du Modérateur :Academy MULTISOFT'),
(438, 'Payement d\'une tranche', 1, '2018-02-05 08:09:02', 'payement d\'une tranche: code :SEBU171212N022; Apprenant : MOKSIA BIANA; Montant versée : 8000; Numéro de tranche :3'),
(439, 'Payement d\'une tranche', 1, '2018-02-05 08:10:08', 'payement d\'une tranche: code :SEBU171106N010; Apprenant : Isabelle BOBON  NGONME; Montant versée : 20000; Numéro de tranche :2'),
(440, 'Payement d\'une tranche', 1, '2018-02-05 08:11:05', 'payement d\'une tranche: code :ALGO171107N013; Apprenant : Guy Rostand NGONGANG KAMENI; Montant versée : 25000; Numéro de tranche :3'),
(441, 'Payement d\'une tranche', 1, '2018-02-05 08:18:39', 'payement d\'une tranche: code :SEBU171212N022; Apprenant : MOKSIA BIANA; Montant versée : 8000; Numéro de tranche :3'),
(442, 'Payement d\'une tranche', 1, '2018-02-05 08:24:21', 'payement d\'une tranche: code :SEBU171106N010; Apprenant : Isabelle BOBON  NGONME; Montant versée : 20000; Numéro de tranche :2'),
(443, 'Payement d\'une tranche', 1, '2018-02-05 08:25:11', 'payement d\'une tranche: code :ALGO171107N013; Apprenant : Guy Rostand NGONGANG KAMENI; Montant versée : 25000; Numéro de tranche :3'),
(444, 'Payement d\'une tranche', 1, '2018-02-05 08:27:50', 'payement d\'une tranche: code :ALGO171107N013; Apprenant : Guy Rostand NGONGANG KAMENI; Montant versée : 25000; Numéro de tranche :3'),
(445, NULL, 1, '2018-02-05 08:47:15', 'Enregistrement de <b> CELESTIN MAH BRUNO </b>à la plateforme.'),
(446, '', 1, '2018-02-05 08:47:39', 'Inscription de M.MAH BRUNO Celestin à l\'enseignement PROGRAMMATION EXCEL.'),
(447, '', 1, '2018-02-05 09:00:17', ' a aloué M. Derrick Méthode BAGAZA à l\'enseignement PROGRAMMATION EXCEL.'),
(448, NULL, 1, '2018-02-05 09:12:36', ' a mis fin à la promotion 17Z004.'),
(449, '', 1, '2018-02-05 09:15:44', 'Export des données pour les relevés de note de la vague 17Z004'),
(450, 'Payement d\'une tranche', 1, '2018-02-06 09:33:47', 'payement d\'une tranche: code :SEBU171029N008; Apprenant :  ISMAÏL MAHAMAT TAHIR; Montant versée : 10000; Numéro de tranche :2'),
(451, NULL, 1, '2018-02-06 09:57:02', 'Enregistrement de <b> Julienne BOGOLTA </b>à la plateforme.'),
(452, '', 1, '2018-02-06 10:02:46', 'Inscription de Mme BOGOLTA Julienne à l\'enseignement SECRÉTARIAT BUREAUTIQUE.'),
(453, '', 66, '2018-02-06 13:57:50', 'Enregistrement des notes pour la vague 18Z015.'),
(454, '', 66, '2018-02-06 13:58:37', 'Enregistrement des notes pour la vague 18Z015.'),
(455, '', 1, '2018-02-06 14:13:13', 'Publication des résultats de la vague 18Z015'),
(456, NULL, 1, '2018-02-06 14:15:52', ' a mis fin à la promotion 18Z015.'),
(457, '', 1, '2018-02-06 14:27:41', 'Export des données pour les relevés de note de la vague 18Z015'),
(458, '', 33, '2018-02-06 21:05:36', 'Enregistrement des notes pour la vague 17Z006.'),
(459, '', 1, '2018-02-08 11:53:18', 'Publication des résultats de la vague 17Z004'),
(460, '', 33, '2018-02-09 08:53:29', 'Enregistrement des notes pour la vague 17Z012.'),
(461, '', 1, '2018-02-11 22:01:48', ' a généré l\'emploi du temps de la semaine du 12/02/2018 au 17/02/2018.'),
(462, '', 33, '2018-02-12 12:36:01', 'Modification des notes pour la vague 17Z009.'),
(463, '', 33, '2018-02-12 12:36:24', 'Modification des notes pour la vague 17Z009.'),
(464, '', 33, '2018-02-12 12:58:42', 'Modification des notes pour la vague 17Z009.'),
(465, '', 33, '2018-02-12 14:32:47', 'Enregistrement des notes pour la vague 17Z006.'),
(466, '', 65, '2018-02-12 16:25:34', 'Enregistrement des notes pour la vague 17Z013.'),
(467, 'Payement d\'une tranche', 1, '2018-02-14 09:51:08', 'payement d\'une tranche: code :SEBU171111N014; Apprenant : Ali AL-HADI ZAKARIA; Montant versée : 5000; Numéro de tranche :4'),
(468, '', 50, '2018-02-17 12:16:24', 'Enregistrement des notes pour la vague 17Z007.'),
(469, NULL, 1, '2018-02-17 12:20:47', 'Enregistrement de <b> SHADRACK SABONENZI ITTAÏ </b>à la plateforme.'),
(470, '', 1, '2018-02-17 12:21:46', 'Inscription de M.SABONENZI ITTAÏ Shadrack à l\'enseignement COMPTABILITÉ INFORMATISÉE ET DE GESTION.'),
(471, '', 1, '2018-02-18 15:54:32', ' a généré l\'emploi du temps de la semaine du 19/02/2018 au 24/02/2018.'),
(472, '', 65, '2018-02-19 10:34:05', 'Modification des notes pour la vague 17Z013.'),
(473, '', 66, '2018-02-19 16:06:25', 'Enregistrement des notes pour la vague 17Z012.'),
(474, '', 59, '2018-02-21 10:51:00', 'Enregistrement des notes pour la vague 17Z011.'),
(475, '', 33, '2018-02-21 11:40:46', 'Modification des notes pour la vague 17Z006.'),
(476, '', 33, '2018-02-23 07:59:57', 'Modification des notes pour la vague 17Z009.'),
(477, '', 1, '2018-02-25 17:06:39', ' a généré l\'emploi du temps de la semaine du  au .'),
(478, '', 1, '2018-02-25 17:12:09', ' a généré l\'emploi du temps de la semaine du 26/02/2018 au 03/03/2018.'),
(479, '', 1, '2018-02-26 07:25:24', 'Enregistrement de la nouvelle :32. Nom du Modérateur :Academy MULTISOFT'),
(480, '', 1, '2018-02-27 08:36:16', 'Enregistrement de la nouvelle :33. Nom du Modérateur :Academy MULTISOFT'),
(481, 'Payement d\'une tranche', 1, '2018-02-27 11:59:16', 'payement d\'une tranche: code :RICA180111N027; Apprenant :  DOUMARA MANGALASSOU; Montant versée : 20000; Numéro de tranche :2'),
(482, 'Payement d\'une tranche', 1, '2018-02-27 13:25:47', 'payement d\'une tranche: code :SECO171025N007; Apprenant : Valerie REMADJI; Montant versée : 10000; Numéro de tranche :4'),
(483, '', 66, '2018-02-28 13:17:38', 'Enregistrement des notes pour la vague 18Z016.'),
(484, '', 66, '2018-02-28 13:19:04', 'Modification des notes pour la vague 18Z016.'),
(485, 'Payement d\'une tranche', 1, '2018-03-01 13:14:46', 'payement d\'une tranche: code :SEBU180109N025; Apprenant :  HANWA MANWE; Montant versée : 15000; Numéro de tranche :2'),
(486, '', 33, '2018-03-01 15:16:48', 'Enregistrement des notes pour la vague 17Z009.'),
(487, '', 33, '2018-03-01 15:22:21', 'Modification des notes pour la vague 17Z009.');
INSERT INTO `log` (`id`, `motivation`, `author`, `date`, `action`) VALUES
(488, '', 65, '2018-03-03 07:15:01', 'Enregistrement des notes pour la vague 17Z013.'),
(489, '', 21, '2018-03-03 11:41:52', 'Inscription de M.KAKANOU Albert à l\'enseignement APPRENTISSAGE DES OUTILS DE BUREAUTIQUE.'),
(490, 'SPAM', 1, '2018-03-04 13:52:42', 'Blocage de l\'inscription N°AOBU180303N033'),
(491, 'Payement d\'une tranche', 1, '2018-03-04 14:03:01', 'payement d\'une tranche: code :HTML180111N028; Apprenant : ABDRAMANE INE AHMAT HABIB; Montant versée : 10000; Numéro de tranche :2'),
(492, NULL, 1, '2018-03-04 14:15:34', ' a mis fin à la promotion 17Z009.'),
(493, '', 1, '2018-03-04 14:15:54', 'Export des données pour les attestations de la vague 17Z009'),
(494, '', 1, '2018-03-04 14:17:30', 'Export des données pour les relevés de note de la vague 17Z009'),
(495, '', 1, '2018-03-05 06:54:59', ' a généré l\'emploi du temps de la semaine du 05/03/2018 au 10/03/2018.'),
(496, '', 66, '2018-03-05 13:16:17', 'Enregistrement des notes pour la vague 18Z016.'),
(497, '', 66, '2018-03-05 13:17:27', 'Enregistrement des notes pour la vague 17Z012.'),
(498, '', 1, '2018-03-09 08:21:43', 'Publication des résultats de la vague 17Z009'),
(499, NULL, 1, '2018-03-09 10:23:18', 'Enregistrement de <b> ABBO SADIYAH </b>à la plateforme.'),
(500, '', 1, '2018-03-09 10:23:47', 'Inscription de Mme SADIYAH Abbo à l\'enseignement COMPTABILITÉ INFORMATISÉE ET DE GESTION.'),
(501, 'Payement d\'une tranche', 1, '2018-03-12 08:38:16', 'payement d\'une tranche: code :SECO180217N032; Apprenant : SHADRACK SABONENZI ITTAÏ; Montant versée : 20000; Numéro de tranche :2'),
(502, '', 1, '2018-03-12 09:48:05', ' a généré l\'emploi du temps de la semaine du 12/03/2018 au 17/03/2018.'),
(503, '', 33, '2018-03-14 11:23:07', 'Enregistrement des notes pour la vague 17Z006.'),
(504, '', 33, '2018-03-14 11:35:47', 'Enregistrement des notes pour la vague 17Z006.'),
(505, '', 65, '2018-03-15 09:33:34', 'Enregistrement des notes pour la vague 17Z013.'),
(506, '', 65, '2018-03-15 09:34:29', 'Modification des notes pour la vague 17Z013.'),
(507, '', 65, '2018-03-15 09:36:13', 'Modification des notes pour la vague 17Z013.'),
(508, 'Payement d\'une tranche', 1, '2018-03-20 06:09:17', 'payement d\'une tranche: code :SEBU171230N024; Apprenant : HELENE WIWA; Montant versée : 20000; Numéro de tranche :2'),
(509, 'Payement d\'une tranche', 1, '2018-03-20 06:10:36', 'payement d\'une tranche: code :SEBU171029N008; Apprenant :  ISMAÏL MAHAMAT TAHIR; Montant versée : 10000; Numéro de tranche :3'),
(510, '', 59, '2018-03-21 11:02:30', 'Enregistrement des notes pour la vague 17Z011.'),
(511, '', 59, '2018-03-21 11:05:07', 'Enregistrement des notes pour la vague 17Z011.'),
(512, NULL, 1, '2018-03-21 15:36:55', 'Enregistrement de <b> LARY IYANOTA DJOUE </b>à la plateforme.'),
(513, '', 1, '2018-03-21 15:37:58', 'Inscription de Mme IYANOTA DJOUE Lary à l\'enseignement SECRÉTARIAT BUREAUTIQUE.'),
(514, NULL, 1, '2018-03-21 15:42:24', 'Enregistrement de <b>  HAMADOU HAMAOUNDE </b>à la plateforme.'),
(515, '', 1, '2018-03-21 15:42:58', 'Inscription de M.HAMADOU HAMAOUNDE  à l\'enseignement COMPTABILITÉ INFORMATISÉE ET DE GESTION.'),
(516, NULL, 1, '2018-03-21 15:46:19', 'Enregistrement de <b> SERGES REOULEMBAYE </b>à la plateforme.'),
(517, '', 1, '2018-03-21 15:46:49', 'Inscription de Mme REOULEMBAYE Serges à l\'enseignement INITIATION À LA SAISIE ET AU TRAITEMENT DE TEXTE.'),
(518, '', 65, '2018-03-22 12:03:11', 'Enregistrement des notes pour la vague 17Z013.'),
(519, '', 65, '2018-03-22 12:04:52', 'Enregistrement des notes pour la vague 17Z013.'),
(520, '', 66, '2018-03-22 12:39:55', 'Enregistrement des notes pour la vague 17Z012.'),
(521, '', 66, '2018-03-22 12:41:45', 'Enregistrement des notes pour la vague 18Z016.'),
(522, '', 66, '2018-03-22 12:42:02', 'Enregistrement des notes pour la vague 18Z016.'),
(523, '', 66, '2018-03-22 12:44:04', 'Modification des notes pour la vague 18Z016.'),
(524, '', 66, '2018-03-22 12:47:53', 'Enregistrement des notes pour la vague 18Z016.'),
(525, 'Payement d\'une tranche', 1, '2018-03-22 12:48:13', 'payement d\'une tranche: code :SEBU171111N014; Apprenant : Ali AL-HADI ZAKARIA; Montant versée : 10000; Numéro de tranche :5'),
(526, '', 66, '2018-03-22 12:50:37', 'Enregistrement des notes pour la vague 18Z016.'),
(527, '', 66, '2018-03-22 13:06:36', 'Enregistrement des notes pour la vague 17Z012.'),
(528, '', 66, '2018-03-22 13:08:33', 'Modification des notes pour la vague 17Z012.'),
(529, '', 33, '2018-03-24 11:35:08', 'Enregistrement des notes pour la vague 17Z006.'),
(530, NULL, 1, '2018-03-26 06:27:48', ' a mis fin à la promotion 18Z014.'),
(531, '', 1, '2018-03-26 06:36:23', ' a généré l\'emploi du temps de la semaine du 26/03/2018 au 31/03/2018.'),
(532, NULL, 1, '2018-03-26 14:51:22', 'Enregistrement de <b> MOUSSA IBRAHIMA </b>à la plateforme.'),
(533, '', 1, '2018-03-26 14:52:57', 'Inscription de M.IBRAHIMA Moussa à l\'enseignement SECRÉTARIAT BUREAUTIQUE.'),
(534, '', 66, '2018-03-28 12:35:27', 'Enregistrement des notes pour la vague 17Z012.'),
(535, '', 66, '2018-03-28 12:36:15', 'Enregistrement des notes pour la vague 18Z016.'),
(536, '', 66, '2018-03-28 12:38:16', 'Modification des notes pour la vague 18Z016.'),
(537, '', 65, '2018-03-31 05:10:12', 'Enregistrement des notes pour la vague 17Z013.'),
(538, '', 33, '2018-03-31 11:44:41', 'Modification des notes pour la vague 17Z013.'),
(539, '', 1, '2018-03-31 11:46:31', 'Publication des résultats de la vague 18Z016'),
(540, '', 1, '2018-03-31 11:46:48', 'Publication des résultats de la vague 17Z012'),
(541, '', 1, '2018-03-31 11:48:01', 'Publication des résultats de la vague 17Z013'),
(542, '', 1, '2018-03-31 11:48:30', 'Publication des résultats de la vague 17Z006'),
(543, NULL, 1, '2018-03-31 13:44:55', ' a mis fin à la promotion 17Z012.'),
(544, NULL, 1, '2018-03-31 13:45:13', ' a mis fin à la promotion 18Z016.'),
(545, '', 1, '2018-03-31 13:45:32', 'Export des données pour les attestations de la vague 17Z012'),
(546, '', 1, '2018-03-31 13:45:34', 'Export des données pour les relevés de note de la vague 17Z012'),
(547, '', 1, '2018-03-31 13:45:39', 'Export des données pour les attestations de la vague 18Z016'),
(548, '', 1, '2018-03-31 13:45:40', 'Export des données pour les relevés de note de la vague 18Z016'),
(549, '', 1, '2018-03-31 14:09:07', 'Export des données pour les relevés de note de la vague 18Z016'),
(550, '', 1, '2018-04-02 06:54:15', ' a généré l\'emploi du temps de la semaine du 02/04/2018 au 07/04/2018.'),
(551, '', 1, '2018-04-02 07:32:49', 'Suspension du compte utiliateur de M. BAGAZA Derrick Méthode.'),
(552, NULL, 1, '2018-04-02 14:59:30', 'Enregistrement de <b>  MADIHA </b>à la plateforme.'),
(553, '', 1, '2018-04-02 15:00:04', 'Inscription de Mme MADIHA  à l\'enseignement SECRÉTARIAT BUREAUTIQUE.'),
(554, '', 1, '2018-04-03 09:34:39', 'Enregistrement de la nouvelle :34. Nom du Modérateur :Academy MULTISOFT'),
(555, '', 1, '2018-04-03 13:52:17', 'Enregistrement de la nouvelle :35. Nom du Modérateur :Academy MULTISOFT'),
(556, '', 1, '2018-04-04 12:54:37', ' a aloué M. Blondeau LONFO à l\'enseignement INITIATION À LA SAISIE ET AU TRAITEMENT DE TEXTE.'),
(557, '', 65, '2018-04-05 09:19:33', 'Enregistrement des notes pour la vague 18Z019.'),
(558, 'Payement d\'une tranche', 1, '2018-04-07 11:02:22', 'payement d\'une tranche: code :SEBU171111N014; Apprenant : Ali AL-HADI ZAKARIA; Montant versée : 5000; Numéro de tranche :6'),
(559, '', 1, '2018-04-09 08:12:07', ' a généré l\'emploi du temps de la semaine du 09/04/2018 au 14/04/2018.'),
(560, NULL, 1, '2018-04-09 08:20:21', ' a mis fin à la promotion 17Z006.'),
(561, '', 1, '2018-04-09 09:43:35', 'Export des données pour les attestations de la vague 17Z006'),
(562, '', 1, '2018-04-09 09:43:36', 'Export des données pour les relevés de note de la vague 17Z006'),
(563, 'Payement d\'une tranche', 1, '2018-04-09 10:05:40', 'payement d\'une tranche: code :SEBU180321N035; Apprenant : LARY IYANOTA DJOUE; Montant versée : 20000; Numéro de tranche :2'),
(564, NULL, 1, '2018-04-09 10:25:50', ' a mis fin à la promotion 17Z013.'),
(565, '', 1, '2018-04-09 10:26:41', 'Export des données pour les attestations de la vague 17Z013'),
(566, '', 1, '2018-04-09 10:26:41', 'Export des données pour les relevés de note de la vague 17Z013'),
(567, '', 1, '2018-04-09 11:48:28', 'Enregistrement de la nouvelle :36. Nom du Modérateur :Academy MULTISOFT'),
(568, '', 33, '2018-04-20 08:25:38', 'Enregistrement des notes pour la vague 18Z019.'),
(569, '', 33, '2018-04-20 08:27:17', 'Enregistrement des notes pour la vague 17Z011.'),
(570, '', 1, '2018-04-23 06:39:35', ' a généré l\'emploi du temps de la semaine du 23/04/2018 au 28/04/2018.'),
(571, '', 33, '2018-04-26 10:55:17', 'Enregistrement des notes pour la vague 17Z011.'),
(572, 'Payement d\'une tranche', 1, '2018-04-26 11:07:51', 'payement d\'une tranche: code :RICA180111N027; Apprenant :  DOUMARA MANGALASSOU; Montant versée : 20000; Numéro de tranche :3'),
(573, 'Payement d\'une tranche', 1, '2018-04-27 10:22:35', 'payement d\'une tranche: code :SEBU180326N038; Apprenant : MOUSSA IBRAHIMA; Montant versée : 20000; Numéro de tranche :2'),
(574, '', 33, '2018-04-30 10:37:48', 'Enregistrement des notes pour la vague 18Z018.'),
(575, NULL, 1, '2018-04-30 10:40:17', ' a mis fin à la promotion 18Z019.'),
(576, '', 1, '2018-04-30 10:41:09', 'Export des données pour les relevés de note de la vague 18Z019'),
(577, '', 65, '2018-04-30 12:27:26', 'Enregistrement des notes pour la vague 18Z018.'),
(578, '', 65, '2018-05-03 11:28:02', 'Enregistrement des notes pour la vague 18Z018.'),
(579, '', 1, '2018-05-07 10:10:46', 'Publication des résultats de la vague 18Z019'),
(580, '', 50, '2018-05-21 17:13:43', 'Enregistrement des notes pour la vague 17Z007.'),
(581, '', 50, '2018-05-21 17:14:29', 'Enregistrement des notes pour la vague 17Z007.'),
(582, '', 33, '2018-05-23 10:54:33', 'Enregistrement des notes pour la vague 18Z017.'),
(583, 'Payement d\'une tranche', 1, '2018-05-23 11:09:20', 'payement d\'une tranche: code :SECO180309N034; Apprenant : ABBO SADIYAH; Montant versée : 20000; Numéro de tranche :2'),
(584, '', 33, '2018-05-31 18:00:59', 'Modification des notes pour la vague 17Z011.'),
(585, NULL, 1, '2018-05-31 18:03:09', ' a mis fin à la promotion 17Z011.'),
(586, '', 1, '2018-05-31 18:03:24', 'Export des données pour les attestations de la vague 17Z011'),
(587, '', 1, '2018-05-31 18:04:38', 'Export des données pour les relevés de note de la vague 17Z011'),
(588, '', 1, '2018-06-01 10:29:33', 'Export des données pour les relevés de note de la vague 18Z019'),
(589, 'Payement d\'une tranche', 1, '2018-06-01 15:21:00', 'payement d\'une tranche: code :SECO180321N036; Apprenant :  HAMADOU HAMAOUNDE; Montant versée : 10000; Numéro de tranche :2'),
(590, 'Payement d\'une tranche', 1, '2018-06-04 07:52:02', 'payement d\'une tranche: code :SEBU180321N035; Apprenant : LARY IYANOTA DJOUE; Montant versée : 10000; Numéro de tranche :3'),
(591, '', 65, '2018-06-04 14:17:21', 'Enregistrement des notes pour la vague 18Z018.'),
(592, '', 1, '2018-06-07 05:57:59', ' a aloué M. Victor ELOUNDOU à l\'enseignement SECRÉTARIAT BUREAUTIQUE.'),
(593, NULL, 77, '2018-06-08 15:13:38', 'leonel HENGUE s\' inscrit(e) à la plateforme.'),
(594, NULL, 78, '2018-06-08 15:29:00', 'Ulrich MBOUCHE BOMDA s\' inscrit(e) à la plateforme.'),
(595, '', 50, '2018-06-11 14:14:00', 'Enregistrement des notes pour la vague 18Z020.'),
(596, '', 50, '2018-06-11 15:20:00', 'Enregistrement des notes pour la vague 18Z020.'),
(598, '', 1, '2018-07-21 09:51:10', 'Export des données pour les relevés de note de la vague 18Z019'),
(599, '', 78, '2018-08-25 17:12:29', 'Modification du profil'),
(600, '', 1, '2018-08-26 19:20:06', ' a généré l\'emploi du temps de la semaine du 27/08/2018 au 01/09/2018.'),
(601, '', 78, '2018-09-16 17:26:43', 'Ajout d\'un sujet dans le forum << dfkjdfjfrsikjo >> dans la catégorie <b><< COMPTABILITÉ INFORMATISÉE ET DE GESTION >></b>');

-- --------------------------------------------------------

--
-- Structure de la table `mailing`
--

CREATE TABLE `mailing` (
  `id` int(11) NOT NULL,
  `email` varchar(255) COLLATE utf8_general_mysql500_ci NOT NULL,
  `role` int(11) NOT NULL DEFAULT '0' COMMENT '0:public; 1:apprenant;2:formateurs;3:admin;4:sudo'
) ENGINE=InnoDB DEFAULT CHARSET=utf8 COLLATE=utf8_general_mysql500_ci;

--
-- Déchargement des données de la table `mailing`
--

INSERT INTO `mailing` (`id`, `email`, `role`) VALUES
(31, 'lfendji@yahoo.fr', 0),
(32, 'motchebonhefelicien@gmail.com', 0),
(33, 'albertheophane@gmail.com', 0),
(34, 'fmotchebonhe@yahoo.com', 0),
(35, 'djerayomdonatien@yahoo.fr', 0),
(36, 'bobonisabelle9@gmail.com', 0),
(37, 'bargonodjiel@gmail.com', 0),
(38, 'alhaizakaria92@gmail.com', 0),
(39, 'aboubakaribrahim325@gmail.com', 0),
(40, 'hisseinmoustaphaadji@gmail.com', 0),
(41, 'sediente87@gmail.com', 0),
(42, 'ismailmahamattahir@gmail.com', 0),
(43, 'augustokabson1996@gmail.com', 0),
(44, 'maimounatoudjaoro@yahoo.fr', 0),
(45, 'makaye.abakar6680@gmail.com', 0),
(46, 'mbairassem2000@yahoo.fr', 0),
(47, 'ngongangkam@yahoo.fr', 0),
(48, 'vremadji@gmail.com', 0),
(49, 'yangdesdo@gmail.com', 0);

-- --------------------------------------------------------

--
-- Structure de la table `material`
--

CREATE TABLE `material` (
  `id` int(11) NOT NULL,
  `name` varchar(128) COLLATE utf8_general_mysql500_ci NOT NULL,
  `type` varchar(128) COLLATE utf8_general_mysql500_ci NOT NULL,
  `packaging` varchar(128) COLLATE utf8_general_mysql500_ci NOT NULL,
  `qty` int(11) NOT NULL
) ENGINE=InnoDB DEFAULT CHARSET=utf8 COLLATE=utf8_general_mysql500_ci;

-- --------------------------------------------------------

--
-- Structure de la table `message`
--

CREATE TABLE `message` (
  `id` int(11) NOT NULL,
  `content` text COLLATE utf8_general_mysql500_ci NOT NULL,
  `save_date` datetime NOT NULL,
  `user` int(11) NOT NULL,
  `state` int(11) NOT NULL DEFAULT '0',
  `subject` varchar(512) COLLATE utf8_general_mysql500_ci NOT NULL,
  `mail` varchar(255) COLLATE utf8_general_mysql500_ci NOT NULL,
  `name` varchar(255) COLLATE utf8_general_mysql500_ci NOT NULL,
  `type` int(11) NOT NULL,
  `response` text CHARACTER SET utf8 NOT NULL
) ENGINE=InnoDB DEFAULT CHARSET=utf8 COLLATE=utf8_general_mysql500_ci;

--
-- Déchargement des données de la table `message`
--

INSERT INTO `message` (`id`, `content`, `save_date`, `user`, `state`, `subject`, `mail`, `name`, `type`, `response`) VALUES
(1, '<p><strong>Le Centre de Formation Professionnelle MULTISOFT ACADEMY</strong> m&#39;a apport&eacute; beaucoup de bonnes choses par rapport &agrave; mes attentes dans la <strong>Saisie et le Traitement de Texte</strong>.&nbsp;Je suis tr&egrave;s fi&egrave;re de ma formation et j&#39;esp&egrave;re vivement m&#39;inscrire &agrave; un autre cours tr&egrave;s prochainement.</p><p>Apprenant &agrave; la Promotion <strong>17Z003, </strong><em>Initiation &agrave; la Saisie et au Traitement de Texte</em><strong>,&nbsp;</strong>Ann&eacute;e <strong>2017</strong></p>', '2017-11-21 12:05:33', 41, 1, '', '', '', 3, ''),
(2, '<p>&Agrave; mon arriv&eacute; au centre j&#39;ai &eacute;t&eacute; tr&egrave;s&nbsp; bien accueilli et encadr&eacute; par mes formateurs. <strong>Le centre joue honorablement le r&ocirc;le</strong> qui lui a &eacute;t&eacute; assign&eacute; par le <strong>MINEFOP </strong>et donne l&#39;iimpression de ne pas s&#39;arr&ecirc;ter en si bon chemin.</p><p>Apprenant &agrave; la Promotion <strong>17Z001, </strong><em>Apprentissage des Outils de Bureautique</em>,<strong>&nbsp;</strong>Ann&eacute;e <strong>2017</strong></p>', '2017-11-21 12:16:24', 39, 1, '', '', '', 3, ''),
(3, '<p>La formation f&ucirc;t parfaite car r&eacute;pondant &agrave; mes attentes. Toutes mes pr&eacute;ocupations que j&#39;avais rencontr&eacute;es ont eu une satisfaction. Le centre est socialement acccueillant et franchement, un seul mot pour r&eacute;sumer tout; c&#39;est <u><strong>G&Eacute;NIAL</strong></u></p><p>Aprennant &agrave; la promotion&nbsp;<strong>17Z010</strong>, <em>R&eacute;seaux Informatiques et C&acirc;blages</em>, Ann&eacute;e <strong>2017</strong></p>', '2017-12-19 11:35:15', 56, 1, '', '', '', 3, ''),
(4, '<p>Je trouve la formation satisfaisant, surtout pour le module que j&#39;ai choisi. J&#39;esp&egrave;re pouvoir me re-inscrire tr&egrave;s prochainement pour les autres modules afin de profiter davantages de l&#39;expertise du centre en informatique.</p><p>Apprenant &agrave; la promotion <strong>17Z010</strong>, <em>R&eacute;seaux Informatiques et C&acirc;blages</em>, Ann&eacute;e <strong>2017</strong></p>', '2017-12-19 11:38:18', 55, 1, '', '', '', 3, '');

-- --------------------------------------------------------

--
-- Structure de la table `msoft_flash`
--

CREATE TABLE `msoft_flash` (
  `id` int(11) NOT NULL,
  `content` text COLLATE utf8_general_mysql500_ci NOT NULL,
  `state` int(11) NOT NULL DEFAULT '1'
) ENGINE=InnoDB DEFAULT CHARSET=utf8 COLLATE=utf8_general_mysql500_ci;

--
-- Déchargement des données de la table `msoft_flash`
--

INSERT INTO `msoft_flash` (`id`, `content`, `state`) VALUES
(1, '<p>Lancement des enseignements scientifiques &agrave; MULTISOFT ACADEMY</p><ul><li>Anglais scientifique;</li><li>Analyse de donn&eacute;es avec SPSS</li><li>Simultations avec MATLAB</li><li>R&eacute;daction de documents scientifiques avec LATEX</li></ul>', 0),
(2, '<p>R&eacute;sultats d&#39;&eacute;valuations de vacances d&eacute;j&agrave; disponibles au babillard.</p>', 0),
(3, '<p>Rentr&eacute;e acad&eacute;mique effective au centre de formation <strong>MULTISOFT ACADEMY</strong>;</p><p>d&eacute;j&agrave; <strong>trois inscriptions</strong> &agrave; nos enseignements.</p>', 0),
(4, '<p><strong>D&eacute;marrage d&#39;une nouvelle vague d&#39;enseignement dans le D&eacute;veloppement sites web et d&#39;applications</strong><br />Les inscriptions pour l&#39;apprentissage du d&eacute;veloppement d&#39;application ont d&eacute;j&agrave; commenc&eacute;...</p>', 0),
(5, '<p>R&eacute;sultats de formation au cours <strong>INITIATION &Agrave;&nbsp;SAISIE ET AU TRAITEMENT DE TEXTE</strong> : Les apprenants sont invit&eacute;s &agrave; recup&eacute;rer leurs&nbsp;certificats.</p>', 0),
(6, '<p>Les apprenants des vagues <strong>17Z001</strong> (<em>Apprentissage des outils de Bureautique</em>) et <strong>17Z003</strong> <em>(Initiation &agrave; la Saisie et au traitement de Texte</em>) sont invit&eacute;s &agrave; recup&eacute;rer leur Certificat de Fin de Formation le <strong>Mardi 14 Novembre 2017</strong> &agrave; partir de <strong>11H</strong> pr&eacute;cise.</p>', 0),
(7, '<p><strong>Evaluation &eacute;crites</strong> au centre &agrave; partir du mardi 12 D&eacute;cembre 2017. <strong>Bien vouloir consulter le babillard</strong>&nbsp;pour le programme des &eacute;valuations</p>', 0),
(8, '<p>R&eacute;sultats de Fin de formation de la vague <strong>17Z010&nbsp;</strong>MAINTENANCE INFORMATIQUE AVANC&Eacute;E disponible au barbillard.</p><p>Remise des attestations de formation Mercredi le <strong>03 Janvier 2017 &agrave; 11H</strong></p>', 0),
(9, '<p>Le Centre de Formation Professionnelle <strong>MULTISOFT ACADEMY</strong> &nbsp;informe &agrave; tous ses apprenants inscrits en son sein que le d&eacute;lai de paiement de la prochaine tranche des frais d&rsquo;inscription est fix&eacute;e le <strong>Vendredi 02 F&eacute;vrier 2018</strong>, d&eacute;lai de rigueur.</p><p><strong><em>NB&nbsp;: Les apprenants &agrave; la comptabilit&eacute; Informatis&eacute;e de Gestion inscrit depuis l&rsquo;ann&eacute;e pass&eacute;e sont tenus de respecter &eacute;galement ce d&eacute;lai pour la suite de leur cours interrompu. </em></strong></p><p>Par ailleurs il les informe &eacute;galement que les prochaines &eacute;valuations harmonis&eacute;es se tiendront du <strong>09 au 10 F&eacute;vrier 2018</strong>. Seuls les apprenants qui se seront acquitt&eacute;s de leur frais d&rsquo;inscription seront admis &agrave; composer ces &eacute;valuations.</p><p>La liste d&eacute;finitive des apprenants admis &agrave; composer sera affich&eacute;e le <strong>Lundi 05 F&eacute;vrier 2018.</strong></p>', 0),
(10, '<p>PROGRAMME DES EVALUATIONS HARMONIS&Eacute;ES DE F&Eacute;VRIER 2018 DISPONIBLE AU BARBILLARD</p><p>&nbsp;</p><p><strong><em>NB&nbsp;:</em></strong><em>&nbsp;<strong>Seuls les apprenants ayant pay&eacute; leur frais de formation selon l&rsquo;&eacute;ch&eacute;ancier affich&eacute; au babillard seront admis &agrave; composer. Les apprenants qui n&rsquo;auront pas respect&eacute; cet &eacute;ch&eacute;ancier mais qui payeront leur frais avant l&rsquo;&eacute;valuation se verront retirer deux(02) points de leur note d&rsquo;&eacute;valuation.</strong></em></p><p><strong><em>Bien vouloir se munir de vos quitus et re&ccedil;u pour v&eacute;rification.</em></strong></p>', 0),
(11, '<p>Le Centre de Formation Professionnelle <strong>MULTISOFT ACADEMY</strong> &nbsp;informe &agrave; tous ses apprenants inscrits en son sein que les prochaines &eacute;valuations harmonis&eacute;es se tiendront le <strong>04 Mars 2018</strong>. Seuls les apprenants qui se seront acquitt&eacute;s de leur frais d&rsquo;inscription seront admis &agrave; composer cette &eacute;valuation.</p><p>La liste d&eacute;finitive des apprenants admis &agrave; composer sera affich&eacute;e le <strong>vendredi 02 Mars 2018.</strong></p>', 0),
(12, '<p>&Eacute;valuations ce dimanche 4 mars 2018</p><p><strong>Vagues programm&eacute;es</strong> :</p><p>17Z006 SEBU Examen Finale</p><p>17Z007 ALGO TPA</p><p>17Z011 RICA CC2&nbsp;(note de TPI attendue)&nbsp;</p><p>17Z012 SEBU CC2</p><p>17Z013 SEBU CC2 (en attente de la note de TPI)&nbsp;</p><p>18Z016 SEBU CC1 (en attente de la note de TPI)&nbsp;</p><p>18Z017 SECO note de TPI uniquement</p>', 0),
(13, '<p>Toutes les vagues r&eacute;guli&egrave;rement inscrites en Comptabilite au Centre de Formation Multisoft Academy reprendrons les cours la semaine du <strong>16 avril.&nbsp;</strong><br />Par ailleurs la date limite de paiement des prochaines tranches de frais de formation est fix&eacute;e au vendredi <strong>21 Avril.</strong>&nbsp;</p><p>La Direction</p>', 1);

-- --------------------------------------------------------

--
-- Structure de la table `news`
--

CREATE TABLE `news` (
  `id` int(11) NOT NULL,
  `title` varchar(500) NOT NULL,
  `content` text NOT NULL,
  `save_date` datetime NOT NULL,
  `thumbnail` varchar(255) DEFAULT NULL,
  `show_in_slider` int(11) NOT NULL DEFAULT '0',
  `state` int(11) NOT NULL DEFAULT '1'
) ENGINE=InnoDB DEFAULT CHARSET=latin1;

--
-- Déchargement des données de la table `news`
--

INSERT INTO `news` (`id`, `title`, `content`, `save_date`, `thumbnail`, `show_in_slider`, `state`) VALUES
(1, 'Nouveaux enseignements à MULTISOFT ACADEMY', '<p>A compter de la rentr&eacute;e 2017 Le centre de formation professionnelle met &agrave; votre disposition de nouveaux enseignements. consulter notre <a href=\"http://www.msacad.com/enseignements/\">rubrique enseignement</a> pour en savoir plus&nbsp;</p>', '2017-09-05 08:00:00', '', 0, 1),
(2, 'fdfdsfsdf', '<p>sdfsdfddsfsdfsd</p>', '2017-09-13 00:00:00', 'assets/uploads/images/news/img-nouvelle-04.JPG', 0, 0),
(3, 'test', '<p>sdsd</p>', '2017-09-06 00:00:00', '', 0, 0),
(4, 'La gente féminine dans les TICs', '', '2017-09-13 00:00:00', 'assets/uploads/images/news/img-nouvelle-05.JPG', 1, 1),
(5, '', '<p>rtrtytry</p>', '2017-09-13 00:00:00', 'assets/uploads/images/news/img-nouvelle-06.JPG', 1, 0),
(6, 'Des cours de programmation web (PHP, JS, HTML, CSS,...) déjà disponibles.', '<p>Le centre de formation met &agrave; votre disposition de brillants&nbsp;formateurs dans la conception et r&eacute;alisation de site et applications web. Que ce soit pour apprendre depuis les bases ou d&#39;utiliser un outil de programmation web, nous vous garantissons une formation qui ira de la conception &agrave; l&#39;h&eacute;bergement de votre site web en passant par l&#39;impl&eacute;mentation ou codage et les tests.&nbsp;</p><p>Alors ne tardez plus rendez-vous dans nos locaux pour en savoir plus ou visit&euml;z notre rubrique enseignement.</p>', '2017-09-14 05:40:20', '', 0, 1),
(7, '', '', '2017-09-13 05:27:19', 'assets/uploads/images/news/img-nouvelle-07.png', 0, 1),
(8, '', '', '2017-09-13 05:27:58', 'assets/uploads/images/news/img-nouvelle-08.png', 0, 1),
(9, '', '', '2017-09-13 05:28:15', 'assets/uploads/images/news/img-nouvelle-09.png', 0, 1),
(10, '', '', '2017-09-13 05:28:29', 'assets/uploads/images/news/img-nouvelle-010.png', 0, 1),
(11, 'La formation TIC FOR BEGINNERS', '<p>Instaur&eacute;e en Mai 2017, la formation <strong>TIC For BEGINNERS</strong> est destin&eacute;e au &eacute;l&egrave;ves de lyc&eacute;es et coll&egrave;ges. Son but est de faire d&eacute;vouvrir &agrave; ces derniers l&#39;outil informatique dans ses diff&eacute;rentes utilisations. Elle a une dur&eacute;e de <strong>24H</strong> et est acc&eacute;e sur <strong>04</strong> modules:</p><ol><li><strong>La maintenance pour d&eacute;butant</strong> : donc l&#39;objectif est de faire d&eacute;couvrir &agrave; l&#39;&eacute;l&egrave;ve les composants de base de l&#39;ordinateur.</li><li><strong>Ms Word et Ms Excel par la pratique</strong> : l&#39;id&eacute;e de ce module est de faire d&eacute;couvrir &agrave; l&#39;apprenant l&#39;interface et la manipulation ces logiciels de la suite office.</li><li><strong>Les bases de donn&eacute;es avec Ms Access</strong> : Bien plus complexe que les modules sus-cit&eacute;s, ce module a pour but de faire d&eacute;couvrir &agrave; l&#39;&eacute;l&egrave;ve les concepts des bases de donn&eacute;es. il est sp&eacute;cialement destin&eacute; au &eacute;l&egrave;ves des niveaux Premi&egrave;re et Terminale.</li><li><strong>Internet et Mobiles</strong> : Avec l&#39;&eacute;volution exponentielle des TICs, nous avons pr&eacute;vu ce module pour faire d&eacute;couvrir &agrave; l&#39;apprenant le monde des TICs. La navigation sur internet, la cr&eacute;ation des comptes de messagerie, la partage de connexion entre un Ordinateur et un t&eacute;l&eacute;phone portable, certaines configurations r&eacute;seaux.</li></ol><p>La formation <strong>TIC For BEGINNERS</strong> est donc suffisament outill&eacute;e pour permettre &agrave; l&#39;&eacute;l&egrave;ve de mieux comprendre les concepts appris &agrave; l&#39;&eacute;cole et les pratiquer. Et de ce fait elle est dispens&eacute;e pendant les <strong>cong&eacute;s </strong>et <strong>vacances</strong>.&nbsp;</p>', '2017-09-13 06:40:32', 'assets/uploads/images/news/img-nouvelle-07.jpg', 0, 1),
(12, 'Séances de pré-soutenance des stagiaires de MULTISOFT ACADEMY', '', '2017-10-01 11:54:40', 'assets/uploads/images/news/img-nouvelle-03.jpg', 0, 1),
(13, 'SÉANCES DE PRÉ-SOUTENANCE DES STAGIAIRES DE MULTISOFT ACADEMY', '<p>Afin de mieux pr&eacute;parer les&nbsp;soutenances de <strong>Dipl&ocirc;mes Universitaire de Technologie</strong> du <strong>02 au 05&nbsp;Octobre 2017</strong>, le centre <strong>MULTISOFT ACADEMY</strong> a accuelli des &eacute;tudiants de l&#39;Institut Universitaire de Technologie de Ngaoud&eacute;r&eacute; depuis pr&egrave;s de 03 semaines. Les s&eacute;ances sont conduites par des <strong>Enseignants du dit &eacute;tablissement, assist&eacute;s par des &eacute;tudiants de master et licence sans oublier les formateurs du Centre</strong>. L&#39;id&eacute;e ici est de permettre aux futurs Techniciens Sup&eacute;rieurs de mieux pr&eacute;parer leur pr&eacute;sentation et limiter autant que&nbsp;possible le <strong>&lt;&lt;CRACK&gt;&gt;</strong> de la soutenance.</p>', '2017-10-01 11:57:19', 'assets/uploads/images/news/img-nouvelle-04.jpg', 0, 1),
(14, 'Soutenance des stagiaires de MULTISOFT 2017', '', '2017-10-05 03:02:29', 'assets/uploads/images/news/img-nouvelle-05.jpg', 0, 1),
(15, 'Soutenance des stagiaires de MULTISOFT 2017', '<p>Apr&egrave;s un travail acharn&eacute; pendant leur stage, une phase de pr&eacute;soutenance bien encadr&eacute;e, les stagiaires de MULTISOFT ACADEMY (IUT niveau 2) ont soutenu ce mercredi 04 Octobre 2017 leur Dipl&ocirc;me Universitaire de Technologie avec la mention <strong>Tr&egrave;s Bien avec F&eacute;licitation du Jury</strong>.</p><p>Il s&#39;agit de (de la gauche vers la droite)</p><ul><li><strong>NKENG ADONIS JUNIOR</strong></li><li><strong>TIWA SONOFO HARRYS MOREL</strong></li><li><strong>TEMANI KAKMO&nbsp;</strong></li><li><strong>KOUETE ANTONIN</strong></li></ul><p>Bravo &agrave; vous!&nbsp;le <strong>Centre de Formation Professionnelle MULTISOFT ACADEMY</strong> vous f&eacute;licite &agrave; son tour.</p>', '2017-10-05 03:09:02', 'assets/uploads/images/news/img-nouvelle-06.jpg', 0, 1),
(16, 'Equipements de pointe pour une meilleure formation', '<p>Le Centre de Formation Professionnelle MULTISOFT ACADEMY a mis &agrave; la disposition de ses apprenant(e)s un nouveau stocks d&#39;&eacute;quipements informatiques tels que :&nbsp;</p><ul><li><strong>des ordinateurs de bureau ;</strong></li><li><strong>des Laptops;</strong></li><li><strong>des cl&eacute;s USB;</strong></li><li><strong>des imprimantes couleurs &agrave; jet d&#39;encre;</strong></li><li><strong>des imprimantes Laser ;</strong></li><li><strong>des onduleurs;</strong></li><li>et bien d&#39;autres...;</li></ul><p>Ceci dans le but d&#39;assurer le confort de la formation de ses apprenants;</p><p>&nbsp;</p>', '2017-11-08 12:27:25', 'assets/uploads/images/news/img-nouvelle-08.jpg', 0, 1),
(17, 'Equipements de pointe pour une meilleure formation', '', '2017-11-08 12:27:57', 'assets/uploads/images/news/img-nouvelle-09.jpg', 1, 1),
(18, 'Les cours à MULTISOFT ACADEMY battent leur plein', '<p>Depuis le 06 novembre, les cours au centre de formation <strong>MULTISOFT ACADEMY </strong>se succ&egrave;dent chaque jour. &quot;<strong><em>Pas de repos pour les bravent</em></strong>&quot; dit-on. Les enseignements actuellement dispens&eacute;s sont :&nbsp;</p><ul><li><strong>S&eacute;cretariat Bureautique;</strong></li><li><strong>Comptabilit&eacute; Informatis&eacute;e et de Gestion;</strong></li><li><strong>Initiation &agrave; la Saisie et au Traitement de Texte;</strong></li><li><strong>R&eacute;seaux informatique et Administration;</strong></li><li><strong>Programmation en Java;</strong></li><li><strong>Conception des Bases de Donn&eacute;es Relationnelle;</strong></li><li><strong>Analyse et Conception avec UML;</strong></li><li><strong>Initiation au langage XML;</strong></li><li><strong>et bien plus...</strong></li></ul><p>Vous aussi, venez vous inscrire &agrave; ces enseignements&nbsp;ou choisissez le votre en consultant la <a target=\"_blank\" href=\"http://msacad.com/enseignements\">liste de nos enseignements</a></p>', '2017-11-13 15:07:52', 'assets/uploads/images/news/img-nouvelle-010.jpg', 0, 1),
(19, 'Pas de repos pour les braves!', '', '2017-11-13 15:09:49', 'assets/uploads/images/news/img-nouvelle-011.jpg', 0, 1),
(20, 'Remise des Certificats de Formation aux apprenants', '', '2017-11-14 20:54:55', 'assets/uploads/images/news/img-nouvelle-012.jpg', 1, 1),
(21, 'Séance d\'évaluation des connaissances', '', '2017-11-18 10:51:18', 'assets/uploads/images/news/img-nouvelle-013.jpg', 0, 1),
(22, 'Séances pratiques de câblage du centre par les apprenants en réseaux informatiques', '<p>Dans le cadre de leur formation en R&eacute;seau Informatique et C&acirc;blage, des apprenants de <strong>MULTSOFT ACADEMY</strong> sont&nbsp; en pleine s&eacute;ance pratique de c&acirc;blage des locaux du centre. Ce c&acirc;blage qui commence<strong> jeudi 23 Novembre 2017</strong> (ce jour) se poursuivra le samedi <strong>25 Novembre de 8H &agrave; 11H</strong>.</p><p>Le centre de Formation MULTISOFT souhaite bon travail aux apprenants sur place et &agrave; leur formateur.</p>', '2017-11-23 15:20:20', 'assets/uploads/images/news/img-nouvelle-014.jpg', 0, 1),
(23, 'Des apprenants en réseau en pleine séance pratique', '', '2017-11-23 15:19:34', 'assets/uploads/images/news/img-nouvelle-015.jpg', 1, 1),
(24, 'Liste des apprenant(e)s invité(e) à récupérer leur Attestation de Formation', '<p>Les apprenants dont les noms suivent sont pri&eacute;s de se rendre &agrave; la Direction du centre de formation pour recup&eacute;rer leur <strong>Attestation de Formation.</strong></p>\r\n\r\n<table border=\"1\" cellspacing=\"0\" class=\"MsoTableGrid table-responsive\" id=\"dataTable\" style=\"border-collapse:collapse\">\r\n	<tbody>\r\n		<tr>\r\n			<th style=\"width:5%\">\r\n			<p style=\"margin-left:0cm; margin-right:0cm; text-align:center\"><strong><span style=\"font-size:11pt\"><span style=\"font-family:Calibri,sans-serif\"><span style=\"font-size:14.0pt\"><span style=\"font-family:&quot;Cambria&quot;,serif\">N&deg;</span></span></span></span></strong></p>\r\n			</th>\r\n			<th style=\"width:40%\">\r\n			<p style=\"margin-left:0cm; margin-right:0cm; text-align:center\"><strong><span style=\"font-size:11pt\"><span style=\"font-family:Calibri,sans-serif\"><span style=\"font-size:14.0pt\"><span style=\"font-family:&quot;Cambria&quot;,serif\">Noms et pr&eacute;noms</span></span></span></span></strong></p>\r\n			</th>\r\n			<th style=\"width:40%\">\r\n			<p style=\"margin-left:0cm; margin-right:0cm; text-align:center\"><strong><span style=\"font-size:11pt\"><span style=\"font-family:Calibri,sans-serif\"><span style=\"font-size:14.0pt\"><span style=\"font-family:&quot;Cambria&quot;,serif\">Enseignement suivi</span></span></span></span></strong></p>\r\n			</th>\r\n			<th style=\"width:15%\">\r\n			<p style=\"margin-left:0cm; margin-right:0cm; text-align:center\"><strong><span style=\"font-size:11pt\"><span style=\"font-family:Calibri,sans-serif\"><span style=\"font-size:14.0pt\"><span style=\"font-family:&quot;Cambria&quot;,serif\">Ann&eacute;e de fin de formation</span></span></span></span></strong></p>\r\n			</th>\r\n		</tr>\r\n		<tr>\r\n			<td style=\"width:25.6pt\">\r\n			<p style=\"margin-left:0cm; margin-right:0cm; text-align:center\"><span style=\"font-size:11pt\"><span style=\"font-family:Calibri,sans-serif\"><span style=\"font-size:12.0pt\"><span style=\"font-family:&quot;Cambria&quot;,serif\">1</span></span></span></span></p>\r\n			</td>\r\n			<td style=\"width:180.35pt\">\r\n			<p style=\"margin-left:0cm; margin-right:0cm\"><strong><span style=\"font-size:11pt\"><span style=\"font-family:Calibri,sans-serif\"><span style=\"font-size:12.0pt\"><span style=\"font-family:&quot;Cambria&quot;,serif\">NZUNGU BASUAMINA MAMBOU FRANCOIS CLAUDE</span></span></span></span></strong></p>\r\n			</td>\r\n			<td style=\"vertical-align:top; width:148.2pt\">\r\n			<p style=\"margin-left:0cm; margin-right:0cm\"><em><span style=\"font-size:11pt\"><span style=\"font-family:Calibri,sans-serif\"><span style=\"font-size:12.0pt\"><span style=\"font-family:&quot;Cambria&quot;,serif\">MAINTENANCE ET RESEAUX INFORMATIQUES</span></span></span></span></em></p>\r\n			</td>\r\n			<td style=\"width:98.95pt\">\r\n			<p style=\"margin-left:0cm; margin-right:0cm; text-align:center\"><span style=\"font-size:11pt\"><span style=\"font-family:Calibri,sans-serif\"><span style=\"font-size:12.0pt\"><span style=\"font-family:&quot;Cambria&quot;,serif\">2016</span></span></span></span></p>\r\n			</td>\r\n		</tr>\r\n		<tr>\r\n			<td style=\"width:25.6pt\">\r\n			<p style=\"margin-left:0cm; margin-right:0cm; text-align:center\"><span style=\"font-size:11pt\"><span style=\"font-family:Calibri,sans-serif\"><span style=\"font-size:12.0pt\"><span style=\"font-family:&quot;Cambria&quot;,serif\">2</span></span></span></span></p>\r\n			</td>\r\n			<td style=\"width:180.35pt\">\r\n			<p style=\"margin-left:0cm; margin-right:0cm\"><strong><span style=\"font-size:11pt\"><span style=\"font-family:Calibri,sans-serif\"><span style=\"font-size:12.0pt\"><span style=\"font-family:&quot;Cambria&quot;,serif\">NZUNGU BASUAMINA MAMBOU FRANCOIS CLAUDE</span></span></span></span></strong></p>\r\n			</td>\r\n			<td style=\"vertical-align:top; width:148.2pt\">\r\n			<p style=\"margin-left:0cm; margin-right:0cm\"><em><span style=\"font-size:11pt\"><span style=\"font-family:Calibri,sans-serif\"><span style=\"font-size:12.0pt\"><span style=\"font-family:&quot;Cambria&quot;,serif\">COMPTABILIT&Eacute; INFORMATIS&Eacute;E ET DE GESTION</span></span></span></span></em></p>\r\n			</td>\r\n			<td style=\"width:98.95pt\">\r\n			<p style=\"margin-left:0cm; margin-right:0cm; text-align:center\"><span style=\"font-size:11pt\"><span style=\"font-family:Calibri,sans-serif\"><span style=\"font-size:12.0pt\"><span style=\"font-family:&quot;Cambria&quot;,serif\">2016</span></span></span></span></p>\r\n			</td>\r\n		</tr>\r\n		<tr>\r\n			<td style=\"width:25.6pt\">\r\n			<p style=\"margin-left:0cm; margin-right:0cm; text-align:center\"><span style=\"font-size:11pt\"><span style=\"font-family:Calibri,sans-serif\"><span style=\"font-size:12.0pt\"><span style=\"font-family:&quot;Cambria&quot;,serif\">3</span></span></span></span></p>\r\n			</td>\r\n			<td style=\"width:180.35pt\">\r\n			<p style=\"margin-left:0cm; margin-right:0cm\"><strong><span style=\"font-size:11pt\"><span style=\"font-family:Calibri,sans-serif\"><span style=\"font-size:12.0pt\"><span style=\"font-family:&quot;Cambria&quot;,serif\">SOLAL NOUBADOUM</span></span></span></span></strong></p>\r\n			</td>\r\n			<td style=\"vertical-align:top; width:148.2pt\">\r\n			<p style=\"margin-left:0cm; margin-right:0cm\"><em><span style=\"font-size:11pt\"><span style=\"font-family:Calibri,sans-serif\"><span style=\"font-size:12.0pt\"><span style=\"font-family:&quot;Cambria&quot;,serif\">SECR&Eacute;TARIAT BUREAUTIQUE</span></span></span></span></em></p>\r\n			</td>\r\n			<td style=\"width:98.95pt\">\r\n			<p style=\"margin-left:0cm; margin-right:0cm; text-align:center\"><span style=\"font-size:11pt\"><span style=\"font-family:Calibri,sans-serif\"><span style=\"font-size:12.0pt\"><span style=\"font-family:&quot;Cambria&quot;,serif\">2016</span></span></span></span></p>\r\n			</td>\r\n		</tr>\r\n		<tr>\r\n			<td style=\"width:25.6pt\">\r\n			<p style=\"margin-left:0cm; margin-right:0cm; text-align:center\"><span style=\"font-size:11pt\"><span style=\"font-family:Calibri,sans-serif\"><span style=\"font-size:12.0pt\"><span style=\"font-family:&quot;Cambria&quot;,serif\">4</span></span></span></span></p>\r\n			</td>\r\n			<td style=\"width:180.35pt\">\r\n			<p style=\"margin-left:0cm; margin-right:0cm\"><strong><span style=\"font-size:11pt\"><span style=\"font-family:Calibri,sans-serif\"><span style=\"font-size:12.0pt\"><span style=\"font-family:&quot;Cambria&quot;,serif\">ABBA IBRAHIM</span></span></span></span></strong></p>\r\n			</td>\r\n			<td style=\"vertical-align:top; width:148.2pt\">\r\n			<p style=\"margin-left:0cm; margin-right:0cm\"><em><span style=\"font-size:11pt\"><span style=\"font-family:Calibri,sans-serif\"><span style=\"font-size:12.0pt\"><span style=\"font-family:&quot;Cambria&quot;,serif\">SECR&Eacute;TARIAT BUREAUTIQUE</span></span></span></span></em></p>\r\n			</td>\r\n			<td style=\"width:98.95pt\">\r\n			<p style=\"margin-left:0cm; margin-right:0cm; text-align:center\"><span style=\"font-size:11pt\"><span style=\"font-family:Calibri,sans-serif\"><span style=\"font-size:12.0pt\"><span style=\"font-family:&quot;Cambria&quot;,serif\">2016</span></span></span></span></p>\r\n			</td>\r\n		</tr>\r\n		<tr>\r\n			<td style=\"width:25.6pt\">\r\n			<p style=\"margin-left:0cm; margin-right:0cm; text-align:center\"><span style=\"font-size:11pt\"><span style=\"font-family:Calibri,sans-serif\"><span style=\"font-size:12.0pt\"><span style=\"font-family:&quot;Cambria&quot;,serif\">5</span></span></span></span></p>\r\n			</td>\r\n			<td style=\"width:180.35pt\">\r\n			<p style=\"margin-left:0cm; margin-right:0cm\"><strong><span style=\"font-size:11pt\"><span style=\"font-family:Calibri,sans-serif\"><span style=\"font-size:12.0pt\"><span style=\"font-family:&quot;Cambria&quot;,serif\">YONKI PAULETTE</span></span></span></span></strong></p>\r\n			</td>\r\n			<td style=\"vertical-align:top; width:148.2pt\">\r\n			<p style=\"margin-left:0cm; margin-right:0cm\"><em><span style=\"font-size:11pt\"><span style=\"font-family:Calibri,sans-serif\"><span style=\"font-size:12.0pt\"><span style=\"font-family:&quot;Cambria&quot;,serif\">COMPTABILIT&Eacute; INFORMATIS&Eacute;E ET DE GESTION</span></span></span></span></em></p>\r\n			</td>\r\n			<td style=\"width:98.95pt\">\r\n			<p style=\"margin-left:0cm; margin-right:0cm; text-align:center\"><span style=\"font-size:11pt\"><span style=\"font-family:Calibri,sans-serif\"><span style=\"font-size:12.0pt\"><span style=\"font-family:&quot;Cambria&quot;,serif\">2016</span></span></span></span></p>\r\n			</td>\r\n		</tr>\r\n		<tr>\r\n			<td style=\"width:25.6pt\">\r\n			<p style=\"margin-left:0cm; margin-right:0cm; text-align:center\"><span style=\"font-size:11pt\"><span style=\"font-family:Calibri,sans-serif\"><span style=\"font-size:12.0pt\"><span style=\"font-family:&quot;Cambria&quot;,serif\">6</span></span></span></span></p>\r\n			</td>\r\n			<td style=\"width:180.35pt\">\r\n			<p style=\"margin-left:0cm; margin-right:0cm\"><strong><span style=\"font-size:11pt\"><span style=\"font-family:Calibri,sans-serif\"><span style=\"font-size:12.0pt\"><span style=\"font-family:&quot;Cambria&quot;,serif\">BOUBAKARY ABBA</span></span></span></span></strong></p>\r\n			</td>\r\n			<td style=\"vertical-align:top; width:148.2pt\">\r\n			<p style=\"margin-left:0cm; margin-right:0cm\"><em><span style=\"font-size:11pt\"><span style=\"font-family:Calibri,sans-serif\"><span style=\"font-size:12.0pt\"><span style=\"font-family:&quot;Cambria&quot;,serif\">SECR&Eacute;TARIAT BUREAUTIQUE</span></span></span></span></em></p>\r\n			</td>\r\n			<td style=\"width:98.95pt\">\r\n			<p style=\"margin-left:0cm; margin-right:0cm; text-align:center\"><span style=\"font-size:11pt\"><span style=\"font-family:Calibri,sans-serif\"><span style=\"font-size:12.0pt\"><span style=\"font-family:&quot;Cambria&quot;,serif\">2016</span></span></span></span></p>\r\n			</td>\r\n		</tr>\r\n		<tr>\r\n			<td style=\"width:25.6pt\">\r\n			<p style=\"margin-left:0cm; margin-right:0cm; text-align:center\"><span style=\"font-size:11pt\"><span style=\"font-family:Calibri,sans-serif\"><span style=\"font-size:12.0pt\"><span style=\"font-family:&quot;Cambria&quot;,serif\">7</span></span></span></span></p>\r\n			</td>\r\n			<td style=\"width:180.35pt\">\r\n			<p style=\"margin-left:0cm; margin-right:0cm\"><strong><span style=\"font-size:11pt\"><span style=\"font-family:Calibri,sans-serif\"><span style=\"font-size:12.0pt\"><span style=\"font-family:&quot;Cambria&quot;,serif\">MOSSOUMTA ANDJIBAYE</span></span></span></span></strong></p>\r\n			</td>\r\n			<td style=\"vertical-align:top; width:148.2pt\">\r\n			<p style=\"margin-left:0cm; margin-right:0cm\"><em><span style=\"font-size:11pt\"><span style=\"font-family:Calibri,sans-serif\"><span style=\"font-size:12.0pt\"><span style=\"font-family:&quot;Cambria&quot;,serif\">SECR&Eacute;TARIAT BUREAUTIQUE</span></span></span></span></em></p>\r\n			</td>\r\n			<td style=\"width:98.95pt\">\r\n			<p style=\"margin-left:0cm; margin-right:0cm; text-align:center\"><span style=\"font-size:11pt\"><span style=\"font-family:Calibri,sans-serif\"><span style=\"font-size:12.0pt\"><span style=\"font-family:&quot;Cambria&quot;,serif\">2016</span></span></span></span></p>\r\n			</td>\r\n		</tr>\r\n		<tr>\r\n			<td style=\"width:25.6pt\">\r\n			<p style=\"margin-left:0cm; margin-right:0cm; text-align:center\"><span style=\"font-size:11pt\"><span style=\"font-family:Calibri,sans-serif\"><span style=\"font-size:12.0pt\"><span style=\"font-family:&quot;Cambria&quot;,serif\">8</span></span></span></span></p>\r\n			</td>\r\n			<td style=\"width:180.35pt\">\r\n			<p style=\"margin-left:0cm; margin-right:0cm\"><strong><span style=\"font-size:11pt\"><span style=\"font-family:Calibri,sans-serif\"><span style=\"font-size:12.0pt\"><span style=\"font-family:&quot;Cambria&quot;,serif\">HAMAN ELIZE</span></span></span></span></strong></p>\r\n			</td>\r\n			<td style=\"vertical-align:top; width:148.2pt\">\r\n			<p style=\"margin-left:0cm; margin-right:0cm\"><em><span style=\"font-size:11pt\"><span style=\"font-family:Calibri,sans-serif\"><span style=\"font-size:12.0pt\"><span style=\"font-family:&quot;Cambria&quot;,serif\">SECR&Eacute;TARIAT BUREAUTIQUE</span></span></span></span></em></p>\r\n			</td>\r\n			<td style=\"width:98.95pt\">\r\n			<p style=\"margin-left:0cm; margin-right:0cm; text-align:center\"><span style=\"font-size:11pt\"><span style=\"font-family:Calibri,sans-serif\"><span style=\"font-size:12.0pt\"><span style=\"font-family:&quot;Cambria&quot;,serif\">2016</span></span></span></span></p>\r\n			</td>\r\n		</tr>\r\n		<tr>\r\n			<td style=\"width:25.6pt\">\r\n			<p style=\"margin-left:0cm; margin-right:0cm; text-align:center\"><span style=\"font-size:11pt\"><span style=\"font-family:Calibri,sans-serif\"><span style=\"font-size:12.0pt\"><span style=\"font-family:&quot;Cambria&quot;,serif\">9</span></span></span></span></p>\r\n			</td>\r\n			<td style=\"width:180.35pt\">\r\n			<p style=\"margin-left:0cm; margin-right:0cm\"><strong><span style=\"font-size:11pt\"><span style=\"font-family:Calibri,sans-serif\"><span style=\"font-size:12.0pt\"><span style=\"font-family:&quot;Cambria&quot;,serif\">MOHAMADOU SANI NANA</span></span></span></span></strong></p>\r\n			</td>\r\n			<td style=\"vertical-align:top; width:148.2pt\">\r\n			<p style=\"margin-left:0cm; margin-right:0cm\"><em><span style=\"font-size:11pt\"><span style=\"font-family:Calibri,sans-serif\"><span style=\"font-size:12.0pt\"><span style=\"font-family:&quot;Cambria&quot;,serif\">COMPTABILIT&Eacute; INFORMATIS&Eacute;E ET DE GESTION</span></span></span></span></em></p>\r\n			</td>\r\n			<td style=\"width:98.95pt\">\r\n			<p style=\"margin-left:0cm; margin-right:0cm; text-align:center\"><span style=\"font-size:11pt\"><span style=\"font-family:Calibri,sans-serif\"><span style=\"font-size:12.0pt\"><span style=\"font-family:&quot;Cambria&quot;,serif\">2016</span></span></span></span></p>\r\n			</td>\r\n		</tr>\r\n		<tr>\r\n			<td style=\"width:25.6pt\">\r\n			<p style=\"margin-left:0cm; margin-right:0cm; text-align:center\"><span style=\"font-size:11pt\"><span style=\"font-family:Calibri,sans-serif\"><span style=\"font-size:12.0pt\"><span style=\"font-family:&quot;Cambria&quot;,serif\">10</span></span></span></span></p>\r\n			</td>\r\n			<td style=\"width:180.35pt\">\r\n			<p style=\"margin-left:0cm; margin-right:0cm\"><strong><span style=\"font-size:11pt\"><span style=\"font-family:Calibri,sans-serif\"><span style=\"font-size:12.0pt\"><span style=\"font-family:&quot;Cambria&quot;,serif\">MAX MINGABEY TRESOR</span></span></span></span></strong></p>\r\n			</td>\r\n			<td style=\"vertical-align:top; width:148.2pt\">\r\n			<p style=\"margin-left:0cm; margin-right:0cm\"><em><span style=\"font-size:11pt\"><span style=\"font-family:Calibri,sans-serif\"><span style=\"font-size:12.0pt\"><span style=\"font-family:&quot;Cambria&quot;,serif\">SECR&Eacute;TARIAT BUREAUTIQUE</span></span></span></span></em></p>\r\n			</td>\r\n			<td style=\"width:98.95pt\">\r\n			<p style=\"margin-left:0cm; margin-right:0cm; text-align:center\"><span style=\"font-size:11pt\"><span style=\"font-family:Calibri,sans-serif\"><span style=\"font-size:12.0pt\"><span style=\"font-family:&quot;Cambria&quot;,serif\">2016</span></span></span></span></p>\r\n			</td>\r\n		</tr>\r\n		<tr>\r\n			<td style=\"width:25.6pt\">\r\n			<p style=\"margin-left:0cm; margin-right:0cm; text-align:center\"><span style=\"font-size:11pt\"><span style=\"font-family:Calibri,sans-serif\"><span style=\"font-size:12.0pt\"><span style=\"font-family:&quot;Cambria&quot;,serif\">11</span></span></span></span></p>\r\n			</td>\r\n			<td style=\"width:180.35pt\">\r\n			<p style=\"margin-left:0cm; margin-right:0cm\"><strong><span style=\"font-size:11pt\"><span style=\"font-family:Calibri,sans-serif\"><span style=\"font-size:12.0pt\"><span style=\"font-family:&quot;Cambria&quot;,serif\">GALI DJADO</span></span></span></span></strong></p>\r\n			</td>\r\n			<td style=\"vertical-align:top; width:148.2pt\">\r\n			<p style=\"margin-left:0cm; margin-right:0cm\"><em><span style=\"font-size:11pt\"><span style=\"font-family:Calibri,sans-serif\"><span style=\"font-size:12.0pt\"><span style=\"font-family:&quot;Cambria&quot;,serif\">MAINTENANCE ET RESEAUX INFORMATIQUE</span></span></span></span></em></p>\r\n			</td>\r\n			<td style=\"width:98.95pt\">\r\n			<p style=\"margin-left:0cm; margin-right:0cm; text-align:center\"><span style=\"font-size:11pt\"><span style=\"font-family:Calibri,sans-serif\"><span style=\"font-size:12.0pt\"><span style=\"font-family:&quot;Cambria&quot;,serif\">2017</span></span></span></span></p>\r\n			</td>\r\n		</tr>\r\n		<tr>\r\n			<td style=\"width:25.6pt\">\r\n			<p style=\"margin-left:0cm; margin-right:0cm; text-align:center\"><span style=\"font-size:11pt\"><span style=\"font-family:Calibri,sans-serif\"><span style=\"font-size:12.0pt\"><span style=\"font-family:&quot;Cambria&quot;,serif\">12</span></span></span></span></p>\r\n			</td>\r\n			<td style=\"width:180.35pt\">\r\n			<p style=\"margin-left:0cm; margin-right:0cm\"><strong><span style=\"font-size:11pt\"><span style=\"font-family:Calibri,sans-serif\"><span style=\"font-size:12.0pt\"><span style=\"font-family:&quot;Cambria&quot;,serif\">HASSANE MOUSSA ADOUM</span></span></span></span></strong></p>\r\n			</td>\r\n			<td style=\"vertical-align:top; width:148.2pt\">\r\n			<p style=\"margin-left:0cm; margin-right:0cm\"><em><span style=\"font-size:11pt\"><span style=\"font-family:Calibri,sans-serif\"><span style=\"font-size:12.0pt\"><span style=\"font-family:&quot;Cambria&quot;,serif\">MAINTENANCE ET RESEAUX INFORMATIQUE</span></span></span></span></em></p>\r\n			</td>\r\n			<td style=\"width:98.95pt\">\r\n			<p style=\"margin-left:0cm; margin-right:0cm; text-align:center\"><span style=\"font-size:11pt\"><span style=\"font-family:Calibri,sans-serif\"><span style=\"font-size:12.0pt\"><span style=\"font-family:&quot;Cambria&quot;,serif\">2017</span></span></span></span></p>\r\n			</td>\r\n		</tr>\r\n		<tr>\r\n			<td style=\"width:25.6pt\">\r\n			<p style=\"margin-left:0cm; margin-right:0cm; text-align:center\"><span style=\"font-size:11pt\"><span style=\"font-family:Calibri,sans-serif\"><span style=\"font-size:12.0pt\"><span style=\"font-family:&quot;Cambria&quot;,serif\">13</span></span></span></span></p>\r\n			</td>\r\n			<td style=\"width:180.35pt\">\r\n			<p style=\"margin-left:0cm; margin-right:0cm\"><strong><span style=\"font-size:11pt\"><span style=\"font-family:Calibri,sans-serif\"><span style=\"font-size:12.0pt\"><span style=\"font-family:&quot;Cambria&quot;,serif\">ARABI ANOUR ABAKAR</span></span></span></span></strong></p>\r\n			</td>\r\n			<td style=\"vertical-align:top; width:148.2pt\">\r\n			<p style=\"margin-left:0cm; margin-right:0cm\"><em><span style=\"font-size:11pt\"><span style=\"font-family:Calibri,sans-serif\"><span style=\"font-size:12.0pt\"><span style=\"font-family:&quot;Cambria&quot;,serif\">RESEAU INFORMATIQUES ET ADMINISTRATION R&Eacute;SEAU</span></span></span></span></em></p>\r\n			</td>\r\n			<td style=\"width:98.95pt\">\r\n			<p style=\"margin-left:0cm; margin-right:0cm; text-align:center\"><span style=\"font-size:11pt\"><span style=\"font-family:Calibri,sans-serif\"><span style=\"font-size:12.0pt\"><span style=\"font-family:&quot;Cambria&quot;,serif\">2017</span></span></span></span></p>\r\n			</td>\r\n		</tr>\r\n	</tbody>\r\n</table>\r\n\r\n<p><strong><span style=\"color:#c0392b\">Les interress&eacute;s sont pri&eacute;s de se rendre &agrave; la Direction muni&nbsp;de leurs diff&eacute;rents re&ccedil;us de paiement des frais&nbsp;d&#39;inscription pour le retrait.</span></strong></p>', '2017-11-23 17:46:54', '', 0, 1),
(25, 'Simulateur de Droit et Taxe sur les Véhicules d\'importation', '<p><strong>SimulDT</strong> est un simulatur de Droit et Taxe sur les v&eacute;hicules d&#39;importations. Cette application android vous permet d&#39;avoir une valeur approximative sur les diff&eacute;rentes charges.</p>\r\n\r\n<p>Pensez &agrave; nous envoyer vos diff&eacute;rentes remarques et appreciations par le menu&nbsp;<strong>contact</strong></p>\r\n\r\n<p><em><strong>D&eacute;velopp&eacute;e par notre &eacute;quipe de d&eacute;veloppement.</strong></em></p>\r\n\r\n<p>Suivez le lien&nbsp;<strong><a href=\"https://drive.google.com/open?id=0B3-SYo6qe9usVnFKWm5jemFpb3M\" target=\"_blank\">pour t&eacute;l&eacute;charger SimulDT</a></strong></p>\r\n', '2017-12-03 09:45:08', '', 0, 1),
(26, 'Fin de formation Vague 17Z010', '', '2018-01-08 10:58:13', 'assets/uploads/images/news/img-nouvelle-016.jpg', 0, 1),
(27, 'Fin de formaiton Vague 17Z-0$', '', '2018-01-04 22:14:23', '', 0, 0),
(28, '', '', '2018-01-10 13:02:08', 'assets/uploads/images/news/img-nouvelle-017.jpg', 0, 1),
(29, 'PYTHON SHOW, Découvrez et exploitez la puissance du Python', '<p style=\"margin-left:0cm; margin-right:0cm; text-align:justify\"><span style=\"font-size:11pt\"><span style=\"font-family:Arial,sans-serif\"><span style=\"color:black\"><span style=\"font-size:10.5pt\">Le <strong>python show</strong> est un &eacute;v&egrave;nement r&eacute;unissant volontaires, apprenants, amateurs et professionnels en programmation, en vue de partager des exp&eacute;riences formidables avec le langage de programmation python.</span></span></span></span></p>\r\n\r\n<p style=\"margin-left:0cm; margin-right:0cm; text-align:justify\"><span style=\"font-size:11pt\"><span style=\"font-family:Arial,sans-serif\"><span style=\"color:black\"><span style=\"font-size:10.5pt\">Il est question sur une p&eacute;riode de<strong> 4 jours</strong> de montrer les outils et forces du langage Python selon le programme suivant:</span></span></span></span></p>\r\n\r\n<ul>\r\n	<li style=\"text-align:justify\"><em><span style=\"font-size:11pt\"><span style=\"font-family:Arial,sans-serif\"><span style=\"color:black\"><span style=\"font-size:10.5pt\">PYTHON dans le d&eacute;veloppement pour le PC (jour 1),</span></span></span></span></em></li>\r\n	<li style=\"text-align:justify\"><em><span style=\"font-size:11pt\"><span style=\"font-family:Arial,sans-serif\"><span style=\"color:black\"><span style=\"font-size:10.5pt\">PYTHON et le web (jour 2) </span></span></span></span></em></li>\r\n	<li style=\"text-align:justify\"><em><span style=\"font-size:11pt\"><span style=\"font-family:Arial,sans-serif\"><span style=\"color:black\"><span style=\"font-size:10.5pt\">PYTHON et le mobile (jour 3),</span></span></span></span></em></li>\r\n	<li style=\"text-align:justify\"><em><span style=\"font-size:11pt\"><span style=\"font-family:Arial,sans-serif\"><span style=\"color:black\"><span style=\"font-size:10.5pt\">Hackathon (jour 4). </span></span></span></span></em></li>\r\n</ul>\r\n\r\n<p style=\"margin-left:0cm; margin-right:0cm; text-align:justify\"><span style=\"font-size:11pt\"><span style=\"font-family:Arial,sans-serif\"><span style=\"color:black\"><span style=\"font-size:10.5pt\">C&rsquo;est une rencontre qui r&eacute;unit les meilleurs programmeurs python de Ngaound&eacute;r&eacute; et d&rsquo;ailleurs.</span></span></span></span></p>\r\n\r\n<p style=\"margin-left:0cm; margin-right:0cm; text-align:justify\"><span style=\"font-size:11pt\"><span style=\"font-family:Arial,sans-serif\"><span style=\"color:black\"><span style=\"font-size:10.5pt\">Suivez toute l&#39;actualit&eacute; de cet &eacute;v&egrave;nement sur le site web de <strong>MULTISOFT ACADEMY</strong></span></span></span></span></p>\r\n\r\n<hr />\r\n<p style=\"margin-left:0cm; margin-right:0cm; text-align:justify\"><span style=\"color:#ffffff\"><strong><span style=\"background-color:#1abc9c\">JOUR 1:</span></strong></span></p>\r\n\r\n<ol>\r\n	<li style=\"text-align:justify\"><span style=\"font-size:24px\"><span style=\"color:#2ecc71\"><strong>Pr&eacute;sentation de PYTHON</strong> par <em>Israel Bayaola </em>MASTER II FS&nbsp;NGAOUNDERE</span></span></li>\r\n</ol>\r\n\r\n<p style=\"text-align:justify\"><span style=\"color:#000000\"><strong><em>c&#39;est quoi PYTHON, qui utilise PYTHON?, quels sont les points forts de PYTHON?</em></strong></span></p>\r\n\r\n<p style=\"text-align:justify\"><img alt=\"présentation-de-python-1\" src=\"http://www.msacad.com/assets/uploads/images/python-show/debut.jpg\" style=\"max-width:100%; width:533px\" /><img alt=\"\" src=\"http://www.msacad.com/assets/uploads/images/python-show/debut1.jpg\" style=\"max-width:100%; width:533px\" /></p>\r\n\r\n<p style=\"text-align:justify\"><u><span style=\"font-size:16px\"><strong>Pr&eacute;sentation de Python&nbsp;</strong></span></u><span style=\"font-size:28px\"><strong>&nbsp;</strong></span></p>\r\n\r\n<div>\r\n<ol start=\"2\">\r\n	<li style=\"text-align:justify\"><span style=\"font-size:22px\"><strong><span style=\"color:#2ecc71\">Les bases de PYTHON par <em>amono </em>GIN2 IUT NGAOUNDERE</span></strong></span></li>\r\n</ol>\r\n\r\n<p style=\"margin-left:0cm; margin-right:0cm; text-align:justify\">Pr&eacute;sentation des bases de PYHTON</p>\r\n\r\n<ul>\r\n	<li style=\"text-align:justify\">Variable</li>\r\n	<li style=\"text-align:justify\">Structures conditionnelles</li>\r\n	<li style=\"text-align:justify\">Listes et tuples</li>\r\n	<li style=\"text-align:justify\">boucles&nbsp;</li>\r\n	<li style=\"text-align:justify\">etc...</li>\r\n</ul>\r\n\r\n<p style=\"margin-left:0cm; margin-right:0cm; text-align:justify\"><img alt=\"Bases de PYTHON\" src=\"http://www.msacad.com/assets/uploads/images/python-show/base1.jpg\" style=\"max-width:100%; width:533px\" /><img alt=\"Codage en python\" src=\"http://www.msacad.com/assets/uploads/images/python-show/base3.jpg\" style=\"max-width:100%; width:533px\" /></p>\r\n\r\n<p style=\"margin-left:0cm; margin-right:0cm; text-align:justify\"><u><strong><span style=\"font-size:16px\">S&eacute;ances de codage en python</span></strong></u></p>\r\n</div>', '2018-01-10 16:07:20', 'assets/uploads/images/news/img-nouvelle-018.jpg', 0, 1),
(30, 'EVALUATIONS DU MOIS DE FÉVRIER 2018', '<p style=\"margin-left:0cm; margin-right:0cm; text-align:justify\"><span style=\"font-size:11pt\"><span style=\"font-family:Calibri,sans-serif\"><span style=\"font-size:16.0pt\"><span style=\"font-family:&quot;Cambria&quot;,serif\">Le Centre de Formation Professionnelle <strong>MULTISOFT ACADEMY</strong> &nbsp;informe &agrave; tous ses apprenants inscrits en son sein que le d&eacute;lai de paiement de la prochaine tranche des frais d&rsquo;inscription est fix&eacute;e le <strong>Vendredi 02 F&eacute;vrier 2018</strong>, d&eacute;lai de rigueur. </span></span></span></span></p>\r\n\r\n<p style=\"margin-left:0cm; margin-right:0cm; text-align:justify\"><span style=\"font-size:11pt\"><span style=\"font-family:Calibri,sans-serif\"><strong><em><span style=\"font-size:16.0pt\"><span style=\"font-family:&quot;Cambria&quot;,serif\">NB&nbsp;: Les apprenants &agrave; la comptabilit&eacute; Informatis&eacute;e de Gestion inscrit depuis l&rsquo;ann&eacute;e pass&eacute;e sont&nbsp;tenus de respecter &eacute;galement ce d&eacute;lai pour la suite de leur cours interrompu. </span></span></em></strong></span></span></p>\r\n\r\n<p style=\"margin-left:0cm; margin-right:0cm; text-align:justify\"><span style=\"font-size:11pt\"><span style=\"font-family:Calibri,sans-serif\"><span style=\"font-size:16.0pt\"><span style=\"font-family:&quot;Cambria&quot;,serif\">Par ailleurs il les informe &eacute;galement que les prochaines &eacute;valuations harmonis&eacute;es se tiendront du <span style=\"color:#e74c3c\"><strong>09 au 10 F&eacute;vrier 2018</strong>.</span> Seuls les apprenants qui se seront acquitt&eacute;s de leur frais d&rsquo;inscription seront admis &agrave; composer ces &eacute;valuations. </span></span></span></span></p>\r\n\r\n<p style=\"margin-left:0cm; margin-right:0cm; text-align:justify\"><span style=\"font-size:11pt\"><span style=\"font-family:Calibri,sans-serif\"><span style=\"font-size:16.0pt\"><span style=\"font-family:&quot;Cambria&quot;,serif\">La liste d&eacute;finitive des apprenants admis &agrave; composer sera affich&eacute;e le <strong>Lundi 05 F&eacute;vrier 2018.</strong></span></span></span></span></p>\r\n', '2018-01-29 14:30:47', '', 0, 1),
(31, 'PROGRAMME DES EVALUATIONS HARMONISÉES de FÉVRIER 2018', '<h2><strong>Date </strong>: Samedi 18 F&eacute;vrier 2018</h2>\r\n\r\n<table border=\"1\" cellspacing=\"0\" class=\"MsoTableGrid\" style=\"border-collapse:collapse; border:solid windowtext 1.0pt; width:100%\">\r\n	<tbody>\r\n		<tr>\r\n			<td style=\"width:12.72%\">\r\n			<p style=\"margin-left:0cm; margin-right:0cm; text-align:center\"><span style=\"font-size:11pt\"><span style=\"font-family:Calibri,sans-serif\"><strong><span style=\"font-size:14.0pt\"><span style=\"font-family:&quot;Cambria&quot;,serif\">Horaire</span></span></strong></span></span></p>\r\n			</td>\r\n			<td style=\"width:68.88%\">\r\n			<p style=\"margin-left:0cm; margin-right:0cm; text-align:center\"><span style=\"font-size:11pt\"><span style=\"font-family:Calibri,sans-serif\"><strong><span style=\"font-size:14.0pt\"><span style=\"font-family:&quot;Cambria&quot;,serif\">Vague - Enseignement</span></span></strong></span></span></p>\r\n			</td>\r\n			<td style=\"width:18.4%\">\r\n			<p style=\"margin-left:0cm; margin-right:0cm; text-align:center\"><span style=\"font-size:11pt\"><span style=\"font-family:Calibri,sans-serif\"><strong><span style=\"font-size:14.0pt\"><span style=\"font-family:&quot;Cambria&quot;,serif\">Surveillant</span></span></strong></span></span></p>\r\n			</td>\r\n		</tr>\r\n		<tr>\r\n			<td style=\"width:12.72%\">\r\n			<p style=\"margin-left:0cm; margin-right:0cm; text-align:center\"><span style=\"font-size:11pt\"><span style=\"font-family:Calibri,sans-serif\"><span style=\"font-size:14.0pt\"><span style=\"font-family:&quot;Cambria&quot;,serif\">14H &ndash; 17H</span></span></span></span></p>\r\n			</td>\r\n			<td style=\"vertical-align:top; width:68.88%\">\r\n			<p style=\"margin-left:0cm; margin-right:0cm; text-align:center\"><span style=\"font-size:11pt\"><span style=\"font-family:Calibri,sans-serif\"><strong><span style=\"font-size:14.0pt\"><span style=\"font-family:&quot;Cambria&quot;,serif\">Salle 1</span></span></strong></span></span></p>\r\n\r\n			<p style=\"margin-left:0cm; margin-right:0cm; text-align:center\"><span style=\"font-size:11pt\"><span style=\"font-family:Calibri,sans-serif\"><span style=\"font-size:14.0pt\"><span style=\"font-family:&quot;Cambria&quot;,serif\">17Z012 &ndash; SECRETARIAT BUREAUTIQUE</span></span></span></span></p>\r\n\r\n			<p style=\"margin-left:0cm; margin-right:0cm; text-align:center\"><span style=\"font-size:11pt\"><span style=\"font-family:Calibri,sans-serif\"><span style=\"font-size:14.0pt\"><span style=\"font-family:&quot;Cambria&quot;,serif\">17Z013 &ndash; SECRETARIAT BUREAUTIQUE</span></span></span></span></p>\r\n\r\n			<p style=\"margin-left:0cm; margin-right:0cm; text-align:center\"><span style=\"font-size:11pt\"><span style=\"font-family:Calibri,sans-serif\"><span style=\"font-size:14.0pt\"><span style=\"font-family:&quot;Cambria&quot;,serif\">------------------------</span></span></span></span></p>\r\n\r\n			<p style=\"margin-left:0cm; margin-right:0cm; text-align:center\"><span style=\"font-size:11pt\"><span style=\"font-family:Calibri,sans-serif\"><strong><span style=\"font-size:14.0pt\"><span style=\"font-family:&quot;Cambria&quot;,serif\">Salle 2</span></span></strong></span></span></p>\r\n\r\n			<p style=\"margin-left:0cm; margin-right:0cm; text-align:center\"><span style=\"font-size:11pt\"><span style=\"font-family:Calibri,sans-serif\"><span style=\"font-size:14.0pt\"><span style=\"font-family:&quot;Cambria&quot;,serif\">17Z006 &ndash; SECRETARIAT BUREAUTIQUE</span></span></span></span></p>\r\n\r\n			<p style=\"margin-left:0cm; margin-right:0cm; text-align:center\"><span style=\"font-size:11pt\"><span style=\"font-family:Calibri,sans-serif\"><span style=\"font-size:14.0pt\"><span style=\"font-family:&quot;Cambria&quot;,serif\">17Z007 &ndash; ALGO. &amp; PROGRAMMATION EN JAVA</span></span></span></span></p>\r\n\r\n			<p style=\"margin-left:0cm; margin-right:0cm; text-align:center\"><span style=\"font-size:11pt\"><span style=\"font-family:Calibri,sans-serif\"><span style=\"font-size:14.0pt\"><span style=\"font-family:&quot;Cambria&quot;,serif\">17Z009 &ndash; CREATION DE SITE WEB AVEC HTML &amp; CSS</span></span></span></span></p>\r\n			</td>\r\n			<td style=\"width:18.4%\">\r\n			<p style=\"margin-left:0cm; margin-right:0cm; text-align:center\"><span style=\"font-size:11pt\"><span style=\"font-family:Calibri,sans-serif\"><span style=\"font-size:14.0pt\"><span style=\"font-family:&quot;Cambria&quot;,serif\">BAGAZA</span></span></span></span></p>\r\n\r\n			<p style=\"margin-left:0cm; margin-right:0cm; text-align:center\">&nbsp;</p>\r\n\r\n			<p style=\"margin-left:0cm; margin-right:0cm; text-align:center\">&nbsp;</p>\r\n\r\n			<p style=\"margin-left:0cm; margin-right:0cm; text-align:center\">&nbsp;</p>\r\n\r\n			<p style=\"margin-left:0cm; margin-right:0cm; text-align:center\"><span style=\"font-size:11pt\"><span style=\"font-family:Calibri,sans-serif\"><span style=\"font-size:14.0pt\"><span style=\"font-family:&quot;Cambria&quot;,serif\">LONFO</span></span></span></span></p>\r\n			</td>\r\n		</tr>\r\n	</tbody>\r\n</table>\r\n\r\n<p>&nbsp;</p>\r\n\r\n<p style=\"margin-left:0cm; margin-right:0cm; text-align:justify\"><span style=\"font-size:11pt\"><span style=\"font-family:Calibri,sans-serif\"><strong><em><span style=\"font-size:16.0pt\"><span style=\"font-family:&quot;Cambria&quot;,serif\"><span style=\"color:#c0392b\">NB&nbsp;</span>:</span></span></em></strong><em><span style=\"font-size:16.0pt\"><span style=\"font-family:&quot;Cambria&quot;,serif\"> <strong>Seuls les apprenants ayant pay&eacute; leur frais de formation selon l&rsquo;&eacute;ch&eacute;ancier affich&eacute; au babillard seront admis &agrave; composer. Les apprenants qui n&rsquo;auront pas respect&eacute; cet &eacute;ch&eacute;ancier mais qui payeront leur frais avant l&rsquo;&eacute;valuation se verront retirer deux(02) points de leur note d&rsquo;&eacute;valuation.</strong></span></span></em></span></span></p>\r\n\r\n<p style=\"margin-left:0cm; margin-right:0cm; text-align:justify\"><strong><span style=\"color:#c0392b\"><span style=\"font-size:11pt\"><span style=\"font-family:Calibri,sans-serif\"><em><span style=\"font-size:16.0pt\"><span style=\"font-family:&quot;Cambria&quot;,serif\">Bien vouloir se munir de vos quitus et re&ccedil;u pour v&eacute;rification.</span></span></em></span></span></span></strong></p>', '2018-02-04 19:18:15', '', 0, 1),
(32, 'EVALUATIONS DU MOIS DE MARS 2018', '<p style=\"margin-left:0cm; margin-right:0cm; text-align:justify\"><span style=\"font-size:11pt\"><span style=\"font-family:Calibri,sans-serif\"><span style=\"font-size:16.0pt\"><span style=\"font-family:&quot;Cambria&quot;,serif\">Le Centre de Formation Professionnelle <strong>MULTISOFT ACADEMY</strong> &nbsp;informe &agrave; tous ses apprenants inscrits en son sein que les prochaines &eacute;valuations harmonis&eacute;es se tiendront le <strong>04 Mars 2018</strong>. Seuls les apprenants qui se seront acquitt&eacute;s de leur frais d&rsquo;inscription seront admis &agrave; composer cette &eacute;valuation. </span></span></span></span></p>\r\n\r\n<p style=\"margin-left:0cm; margin-right:0cm; text-align:justify\"><span style=\"font-size:11pt\"><span style=\"font-family:Calibri,sans-serif\"><span style=\"font-size:16.0pt\"><span style=\"font-family:&quot;Cambria&quot;,serif\">La liste d&eacute;finitive des apprenants admis &agrave; composer sera affich&eacute;e le <strong>vendredi 02 Mars 2018.</strong></span></span></span></span></p>\r\n', '2018-02-26 07:25:24', '', 0, 1);
INSERT INTO `news` (`id`, `title`, `content`, `save_date`, `thumbnail`, `show_in_slider`, `state`) VALUES
(33, 'PROGRAMME DES EVALUATIONS HARMONISÉES de MARS 2018', '<p style=\"margin-left:0cm; margin-right:0cm; text-align:center\"><span style=\"font-size:11pt\"><span style=\"background-color:white\"><span style=\"font-family:Calibri,sans-serif\"><strong><u><span style=\"font-size:22.0pt\"><span style=\"font-family:&quot;Cambria&quot;,serif\"><span style=\"color:#222222\">Programmation des &eacute;valuations ce dimanche 4 mars 2018</span></span></span></u></strong></span></span></span></p>\r\n\r\n<table border=\"1\" cellspacing=\"0\" class=\"MsoTableGrid\" style=\"border-collapse:collapse; border:solid windowtext 1.0pt; width:100%\">\r\n	<tbody>\r\n		<tr>\r\n			<td style=\"width:151.0pt\">\r\n			<p style=\"margin-left:0cm; margin-right:0cm; text-align:center\"><span style=\"font-size:11pt\"><span style=\"font-family:Calibri,sans-serif\"><strong><span style=\"font-family:&quot;Cambria&quot;,serif\"><span style=\"color:#222222\">HORAIRES</span></span></strong></span></span></p>\r\n			</td>\r\n			<td style=\"width:151.05pt\">\r\n			<p style=\"margin-left:0cm; margin-right:0cm; text-align:center\"><span style=\"font-size:11pt\"><span style=\"font-family:Calibri,sans-serif\"><strong><span style=\"font-family:&quot;Cambria&quot;,serif\"><span style=\"color:#222222\">VAGUES</span></span></strong></span></span></p>\r\n			</td>\r\n			<td style=\"width:151.05pt\">\r\n			<p style=\"margin-left:0cm; margin-right:0cm; text-align:center\"><span style=\"font-size:11pt\"><span style=\"font-family:Calibri,sans-serif\"><strong><span style=\"font-family:&quot;Cambria&quot;,serif\"><span style=\"color:#222222\">&Eacute;VALUATIONS PROGRAMM&Eacute;ES</span></span></strong></span></span></p>\r\n			</td>\r\n		</tr>\r\n		<tr>\r\n			<td rowspan=\"7\" style=\"height:12.0pt; width:151.0pt\">\r\n			<p style=\"margin-left:0cm; margin-right:0cm; text-align:center\"><span style=\"font-size:11pt\"><span style=\"font-family:Calibri,sans-serif\"><strong><span style=\"font-size:12.0pt\"><span style=\"font-family:&quot;Cambria&quot;,serif\"><span style=\"color:#222222\">Dimanche le 04 Mars 2018</span></span></span></strong></span></span></p>\r\n\r\n			<p style=\"margin-left:0cm; margin-right:0cm; text-align:center\"><span style=\"font-size:11pt\"><span style=\"font-family:Calibri,sans-serif\"><strong><span style=\"font-size:12.0pt\"><span style=\"font-family:&quot;Cambria&quot;,serif\"><span style=\"color:#222222\">De 14H &agrave; 17H</span></span></span></strong></span></span></p>\r\n\r\n			<p style=\"margin-left:0cm; margin-right:0cm; text-align:center\">&nbsp;</p>\r\n\r\n			<p style=\"margin-left:0cm; margin-right:0cm; text-align:center\"><span style=\"font-size:11pt\"><span style=\"font-family:Calibri,sans-serif\"><strong><span style=\"font-size:12.0pt\"><span style=\"font-family:&quot;Cambria&quot;,serif\"><span style=\"color:#222222\">-------</span></span></span></strong></span></span></p>\r\n\r\n			<p style=\"margin-left:0cm; margin-right:0cm; text-align:center\"><span style=\"font-size:11pt\"><span style=\"font-family:Calibri,sans-serif\"><strong><span style=\"font-size:12.0pt\"><span style=\"font-family:&quot;Cambria&quot;,serif\"><span style=\"color:#222222\">Salle 1</span></span></span></strong></span></span></p>\r\n			</td>\r\n			<td style=\"height:12.0pt; width:151.05pt\">\r\n			<p style=\"margin-left:0cm; margin-right:0cm; text-align:center\"><span style=\"font-size:11pt\"><span style=\"font-family:Calibri,sans-serif\"><strong><span style=\"font-size:12.0pt\"><span style=\"font-family:&quot;Cambria&quot;,serif\"><span style=\"color:#222222\">17Z006 SEBU</span></span></span></strong></span></span></p>\r\n\r\n			<p style=\"margin-left:0cm; margin-right:0cm; text-align:center\"><span style=\"font-size:11pt\"><span style=\"font-family:Calibri,sans-serif\"><em><span style=\"font-size:12.0pt\"><span style=\"font-family:&quot;Cambria&quot;,serif\"><span style=\"color:#222222\">SECR&Eacute;TARIAT BUREAUTIQUE</span></span></span></em></span></span></p>\r\n			</td>\r\n			<td style=\"height:12.0pt; width:151.05pt\">\r\n			<p style=\"margin-left:0cm; margin-right:0cm; text-align:center\"><span style=\"font-size:11pt\"><span style=\"background-color:white\"><span style=\"font-family:Calibri,sans-serif\"><span style=\"font-size:12.0pt\"><span style=\"font-family:&quot;Cambria&quot;,serif\"><span style=\"color:#222222\"><strong>EXS </strong>(Examen de Synth&egrave;se)</span></span></span></span></span></span></p>\r\n			</td>\r\n		</tr>\r\n		<tr>\r\n			<td style=\"height:11.75pt; width:151.05pt\">\r\n			<p style=\"margin-left:0cm; margin-right:0cm; text-align:center\"><span style=\"font-size:11pt\"><span style=\"font-family:Calibri,sans-serif\"><strong><span style=\"font-size:12.0pt\"><span style=\"font-family:&quot;Cambria&quot;,serif\"><span style=\"color:#222222\">17Z007 ALGO</span></span></span></strong></span></span></p>\r\n\r\n			<p style=\"margin-left:0cm; margin-right:0cm; text-align:center\"><span style=\"font-size:11pt\"><span style=\"font-family:Calibri,sans-serif\"><em><span style=\"font-size:12.0pt\"><span style=\"font-family:&quot;Cambria&quot;,serif\"><span style=\"color:#222222\">ALGO. &amp; PROGRAMMATION EN JAVA, BD, UML &amp; XML</span></span></span></em></span></span></p>\r\n			</td>\r\n			<td style=\"height:11.75pt; width:151.05pt\">\r\n			<p style=\"margin-left:0cm; margin-right:0cm; text-align:center\"><span style=\"font-size:11pt\"><span style=\"background-color:white\"><span style=\"font-family:Calibri,sans-serif\"><span style=\"font-size:12.0pt\"><span style=\"font-family:&quot;Cambria&quot;,serif\"><span style=\"color:#222222\"><strong>TPA </strong>(Travail Personnel Avanc&eacute;)</span></span></span></span></span></span></p>\r\n			</td>\r\n		</tr>\r\n		<tr>\r\n			<td style=\"height:11.75pt; width:151.05pt\">\r\n			<p style=\"margin-left:0cm; margin-right:0cm; text-align:center\"><span style=\"font-size:11pt\"><span style=\"font-family:Calibri,sans-serif\"><strong><span style=\"font-size:12.0pt\"><span style=\"font-family:&quot;Cambria&quot;,serif\"><span style=\"color:#222222\">17Z011 RICA</span></span></span></strong></span></span></p>\r\n\r\n			<p style=\"margin-left:0cm; margin-right:0cm; text-align:center\"><span style=\"font-size:11pt\"><span style=\"font-family:Calibri,sans-serif\"><em><span style=\"font-size:12.0pt\"><span style=\"font-family:&quot;Cambria&quot;,serif\"><span style=\"color:#222222\">R&Eacute;SEAUX INFORMATIQUES ET C&Acirc;BLAGES</span></span></span></em></span></span></p>\r\n			</td>\r\n			<td style=\"height:11.75pt; width:151.05pt\">\r\n			<p style=\"margin-left:0cm; margin-right:0cm; text-align:center\"><span style=\"font-size:11pt\"><span style=\"background-color:white\"><span style=\"font-family:Calibri,sans-serif\"><span style=\"font-size:12.0pt\"><span style=\"font-family:&quot;Cambria&quot;,serif\"><span style=\"color:#222222\"><strong>CC2 </strong>Contr&ocirc;le continu N&deg;2 (Attente de la note de TPI par le formateur)</span></span></span></span></span></span></p>\r\n			</td>\r\n		</tr>\r\n		<tr>\r\n			<td style=\"height:11.75pt; width:151.05pt\">\r\n			<p style=\"margin-left:0cm; margin-right:0cm; text-align:center\"><span style=\"font-size:11pt\"><span style=\"font-family:Calibri,sans-serif\"><strong><span style=\"font-size:12.0pt\"><span style=\"font-family:&quot;Cambria&quot;,serif\"><span style=\"color:#222222\">17Z012 SEBU</span></span></span></strong></span></span></p>\r\n\r\n			<p style=\"margin-left:0cm; margin-right:0cm; text-align:center\"><span style=\"font-size:11pt\"><span style=\"font-family:Calibri,sans-serif\"><em><span style=\"font-size:12.0pt\"><span style=\"font-family:&quot;Cambria&quot;,serif\"><span style=\"color:#222222\">SECR&Eacute;TARIAT BUREAUTIQUE</span></span></span></em></span></span></p>\r\n			</td>\r\n			<td style=\"height:11.75pt; width:151.05pt\">\r\n			<p style=\"margin-left:0cm; margin-right:0cm; text-align:center\"><span style=\"font-size:11pt\"><span style=\"background-color:white\"><span style=\"font-family:Calibri,sans-serif\"><span style=\"font-size:12.0pt\"><span style=\"font-family:&quot;Cambria&quot;,serif\"><span style=\"color:#222222\"><strong>CC2 </strong>Contr&ocirc;le continu N&deg;2</span></span></span></span></span></span></p>\r\n			</td>\r\n		</tr>\r\n		<tr>\r\n			<td style=\"height:11.75pt; width:151.05pt\">\r\n			<p style=\"margin-left:0cm; margin-right:0cm; text-align:center\"><span style=\"font-size:11pt\"><span style=\"font-family:Calibri,sans-serif\"><strong><span style=\"font-size:12.0pt\"><span style=\"font-family:&quot;Cambria&quot;,serif\"><span style=\"color:#222222\">17Z013 SEBU</span></span></span></strong></span></span></p>\r\n\r\n			<p style=\"margin-left:0cm; margin-right:0cm; text-align:center\"><span style=\"font-size:11pt\"><span style=\"font-family:Calibri,sans-serif\"><em><span style=\"font-size:12.0pt\"><span style=\"font-family:&quot;Cambria&quot;,serif\"><span style=\"color:#222222\">SECR&Eacute;TARIAT BUREAUTIQUE</span></span></span></em></span></span></p>\r\n			</td>\r\n			<td style=\"height:11.75pt; width:151.05pt\">\r\n			<p style=\"margin-left:0cm; margin-right:0cm; text-align:center\"><span style=\"font-size:11pt\"><span style=\"background-color:white\"><span style=\"font-family:Calibri,sans-serif\"><span style=\"font-size:12.0pt\"><span style=\"font-family:&quot;Cambria&quot;,serif\"><span style=\"color:#222222\"><strong>CC2 </strong>Contr&ocirc;le continu N&deg;2 (Attente de la note de TPI par le formateur)</span></span></span></span></span></span></p>\r\n			</td>\r\n		</tr>\r\n		<tr>\r\n			<td style=\"height:11.75pt; width:151.05pt\">\r\n			<p style=\"margin-left:0cm; margin-right:0cm; text-align:center\"><span style=\"font-size:11pt\"><span style=\"font-family:Calibri,sans-serif\"><strong><span style=\"font-size:12.0pt\"><span style=\"font-family:&quot;Cambria&quot;,serif\"><span style=\"color:#222222\">18Z016 SEBU</span></span></span></strong></span></span></p>\r\n\r\n			<p style=\"margin-left:0cm; margin-right:0cm; text-align:center\"><span style=\"font-size:11pt\"><span style=\"font-family:Calibri,sans-serif\"><em><span style=\"font-size:12.0pt\"><span style=\"font-family:&quot;Cambria&quot;,serif\"><span style=\"color:#222222\">SECR&Eacute;TARIAT BUREAUTIQUE</span></span></span></em></span></span></p>\r\n			</td>\r\n			<td style=\"height:11.75pt; width:151.05pt\">\r\n			<p style=\"margin-left:0cm; margin-right:0cm; text-align:center\"><span style=\"font-size:11pt\"><span style=\"background-color:white\"><span style=\"font-family:Calibri,sans-serif\"><span style=\"font-size:12.0pt\"><span style=\"font-family:&quot;Cambria&quot;,serif\"><span style=\"color:#222222\"><strong>CC1 </strong>Contr&ocirc;le continu N&deg;1&nbsp;(Attente de la note de TPI par le formateur)</span></span></span></span></span></span></p>\r\n			</td>\r\n		</tr>\r\n		<tr>\r\n			<td style=\"height:11.75pt; width:151.05pt\">\r\n			<p style=\"margin-left:0cm; margin-right:0cm; text-align:center\"><span style=\"font-size:11pt\"><span style=\"font-family:Calibri,sans-serif\"><strong><span style=\"font-size:12.0pt\"><span style=\"font-family:&quot;Cambria&quot;,serif\"><span style=\"color:#222222\">18Z017 SECO</span></span></span></strong></span></span></p>\r\n\r\n			<p style=\"margin-left:0cm; margin-right:0cm; text-align:center\"><span style=\"font-size:11pt\"><span style=\"font-family:Calibri,sans-serif\"><em><span style=\"font-size:12.0pt\"><span style=\"font-family:&quot;Cambria&quot;,serif\"><span style=\"color:#222222\">COMPTABILIT&Eacute; INFORMATIS&Eacute;E ET DE GESTION</span></span></span></em></span></span></p>\r\n			</td>\r\n			<td style=\"height:11.75pt; width:151.05pt\">\r\n			<p style=\"margin-left:0cm; margin-right:0cm; text-align:center\"><span style=\"font-size:11pt\"><span style=\"background-color:white\"><span style=\"font-family:Calibri,sans-serif\"><span style=\"font-size:12.0pt\"><span style=\"font-family:&quot;Cambria&quot;,serif\"><span style=\"color:#222222\">Note de <strong>TPI </strong>uniquement</span></span></span></span></span></span></p>\r\n			</td>\r\n		</tr>\r\n	</tbody>\r\n</table>\r\n\r\n<h2 style=\"margin-left:0cm; margin-right:0cm\">&nbsp;</h2>\r\n\r\n<h2><strong><em>NB&nbsp;:</em></strong><em> <strong>Seuls les apprenants ayant pay&eacute; leur frais de formation selon l&rsquo;&eacute;ch&eacute;ancier affich&eacute; au babillard seront admis &agrave; composer. Les apprenants qui n&rsquo;auront pas respect&eacute; cet &eacute;ch&eacute;ancier mais qui payeront leur frais avant l&rsquo;&eacute;valuation se verront retirer deux(02) points de leur note d&rsquo;&eacute;valuation.</strong></em></h2>\r\n\r\n<h2><span style=\"color:#c0392b\"><strong><em>Bien vouloir se munir de vos quitus et re&ccedil;u pour v&eacute;rification.</em></strong></span></h2>', '2018-02-27 15:40:23', '', 0, 1),
(34, 'REGLEMENT INTÉRIEUR AU CENTRE DE FORMATION PROFESSIONNELLE MULTISOFT ACADEMY', '<ol>\r\n	<li style=\"text-align:justify\"><span style=\"color:#000000\"><span style=\"font-size:14pt\"><span style=\"font-family:&quot;Tw Cen MT&quot;,sans-serif\">La formation au C.F.P. MULTISOFT ACADEMY a une <strong>dur&eacute;e maximum de deux (02) mois pour les formations longue dur&eacute;e, et de deux (02) semaines pour les formations acc&eacute;l&eacute;r&eacute;es&nbsp;</strong>;</span></span></span></li>\r\n	<li style=\"text-align:justify\"><span style=\"color:#000000\"><span style=\"font-size:14pt\"><span style=\"font-family:&quot;Tw Cen MT&quot;,sans-serif\">Pour les formations longues, <strong>les frais d&rsquo;inscription s&rsquo;&eacute;l&egrave;vent aux 75% des frais de formation&nbsp;; le reste des frais de formation devra &ecirc;tre vers&eacute; avant l&rsquo;examen de fin de formation</strong>&nbsp;;</span></span></span></li>\r\n	<li style=\"text-align:justify\"><span style=\"color:#000000\"><span style=\"font-size:14pt\"><span style=\"font-family:&quot;Tw Cen MT&quot;,sans-serif\">Pour les formations acc&eacute;l&eacute;r&eacute;es, <strong>les frais d&rsquo;inscription s&rsquo;&eacute;l&egrave;vent au montant des frais de la formation</strong>&nbsp;;</span></span></span></li>\r\n	<li style=\"text-align:justify\"><span style=\"color:#000000\"><span style=\"font-size:14pt\"><span style=\"font-family:&quot;Tw Cen MT&quot;,sans-serif\">Le nombre de s&eacute;ances minimum par semaine est de trois (03)</span></span></span></li>\r\n	<li style=\"text-align:justify\"><span style=\"color:#000000\"><span style=\"font-size:14pt\"><span style=\"font-family:&quot;Tw Cen MT&quot;,sans-serif\">Chaque apprenant <strong>a le devoir de participer aux s&eacute;ances programm&eacute;es</strong> dans l&rsquo;emploi de temps&nbsp;;</span></span></span></li>\r\n	<li style=\"text-align:justify\"><span style=\"color:#000000\"><span style=\"font-size:14pt\"><span style=\"font-family:&quot;Tw Cen MT&quot;,sans-serif\">Les demandes d&rsquo;absences doivent &ecirc;tre adress&eacute;e &agrave; la <strong>Direction et au Formateur Principal du module choisi au plus tard 1H avant le d&eacute;but du cours</strong>&nbsp;;</span></span></span></li>\r\n	<li style=\"text-align:justify\"><span style=\"color:#000000\"><span style=\"font-size:14pt\"><span style=\"font-family:&quot;Tw Cen MT&quot;,sans-serif\">Les absences des apprenants non justifi&eacute;es ne seront pas pris en compte dans la formation. &Agrave; cet effet, <strong>toute absence d&rsquo;un apprenant qui ne sera pas justifi&eacute;e dans l&rsquo;&eacute;ch&eacute;ances fix&eacute;e plus haut ne va en aucun cas d&eacute;clencher une s&eacute;ance de rattrapage&nbsp;de la s&eacute;ance rat&eacute;e </strong>;</span></span></span></li>\r\n	<li style=\"text-align:justify\"><span style=\"color:#000000\"><span style=\"font-size:14pt\"><span style=\"font-family:&quot;Tw Cen MT&quot;,sans-serif\">Pendant leur formation, les apprenants sont soumis &agrave; <strong>des &eacute;valuations de connaissances</strong>&nbsp;: chaque &eacute;valuation a un poids sur la note moyenne finale&nbsp;;</span></span></span></li>\r\n	<li style=\"text-align:justify\"><span style=\"color:#000000\"><span style=\"font-size:14pt\"><span style=\"font-family:&quot;Tw Cen MT&quot;,sans-serif\">&Agrave; la fin de la p&eacute;riode de formation, l&rsquo;apprenant doit subir un <strong>examen de sp&eacute;cialit&eacute;</strong>&nbsp;;</span></span></span></li>\r\n	<li style=\"text-align:justify\"><span style=\"color:#000000\"><span style=\"font-size:14pt\"><span style=\"font-family:&quot;Tw Cen MT&quot;,sans-serif\">Les &eacute;valuations rat&eacute;es entrainent automatiquement la note de <strong>00/20</strong> <strong>et sans rattrapage possible</strong>&nbsp;;</span></span></span></li>\r\n	<li style=\"text-align:justify\"><span style=\"color:#000000\"><span style=\"font-size:14pt\"><span style=\"font-family:&quot;Tw Cen MT&quot;,sans-serif\">La note minimale pour r&eacute;ussir sa formation est de <strong>12/20</strong>. Une note inf&eacute;rieure impose l&rsquo;apprenant &agrave; faire les <strong>rattrapages</strong>&nbsp;;</span></span></span></li>\r\n	<li style=\"text-align:justify\"><span style=\"color:#000000\"><strong><span style=\"font-size:14pt\"><span style=\"font-family:&quot;Tw Cen MT&quot;,sans-serif\">La note de rattrapage vient s&rsquo;ajouter &agrave; la note de l&rsquo;examen finale pour faire la moyenne&nbsp;;</span></span></strong></span></li>\r\n	<li style=\"text-align:justify\"><span style=\"color:#000000\"><span style=\"font-size:14pt\"><span style=\"font-family:&quot;Tw Cen MT&quot;,sans-serif\">Un apprenant n&rsquo;ayant pas pu avoir la note de 12/20 m&ecirc;me apr&egrave;s le rattrapage aura &eacute;chou&eacute; sa formation et sera amen&eacute; &agrave; la reprendre depuis le d&eacute;but et &agrave; payer des frais de rattrapage qui s&rsquo;&eacute;l&egrave;vent &agrave; <strong>75% des frais de formation</strong>.</span></span></span></li>\r\n	<li style=\"text-align:justify\"><span style=\"color:#000000\"><span style=\"font-size:14pt\"><span style=\"font-family:&quot;Tw Cen MT&quot;,sans-serif\">Les apprenants ayant r&eacute;ussis leur formation re&ccedil;oivent un Certificat de formation pour les formations acc&eacute;l&eacute;r&eacute;es et une Attestation de formation pour les formations longues, en plus d&rsquo;un relev&eacute; de notes dans les deux cas.</span></span></span></li>\r\n	<li style=\"text-align:justify\"><span style=\"color:#000000\"><span style=\"font-size:14pt\"><span style=\"font-family:&quot;Tw Cen MT&quot;,sans-serif\">Pendant leur formation, les apprenants sont amen&eacute;s &agrave; beaucoup <strong>collaborer</strong> entre-eux et surtout avec leur formateur. Ils doivent s&rsquo;&eacute;changer leurs contacts pour se communiquer les informations&nbsp;; </span></span></span></li>\r\n	<li style=\"text-align:justify\"><span style=\"color:#000000\"><span style=\"font-size:14pt\"><span style=\"font-family:&quot;Tw Cen MT&quot;,sans-serif\">Les apprenants doivent poser le maximum de questions possibles en cas d&rsquo;incompr&eacute;hension du cours. <strong>Une s&eacute;ance pass&eacute;e et sans questions au formateur est consid&eacute;r&eacute;e comme acquise par les apprenants</strong>&nbsp;;</span></span></span></li>\r\n	<li><span style=\"color:#000000\"><span style=\"font-size:14pt\"><span style=\"font-family:&quot;Tw Cen MT&quot;,sans-serif\">EN cas de question<strong>, les apprenants peuvent toujours se rapprocher de leur formateur ou &agrave; la Direction par messages, par mail ou par appel t&eacute;l&eacute;phonique</strong></span></span></span></li>\r\n</ol>\r\n', '2018-04-03 09:34:39', '', 0, 1),
(35, 'Programmation des évaluations de rattrapge ce dimanche 8 Avril 2018', '<p style=\"margin-left:0cm; margin-right:0cm; text-align:center\"><strong>Ci dessous le programme des rattrages.</strong></p>\r\n\r\n<table border=\"1\" cellspacing=\"0\" class=\"MsoTableGrid\" style=\"border-collapse:collapse; border:solid windowtext 1.0pt; width:100%\">\r\n	<tbody>\r\n		<tr>\r\n			<td style=\"width:151.0pt\">\r\n			<p style=\"margin-left:0cm; margin-right:0cm; text-align:center\"><span style=\"font-size:11pt\"><span style=\"font-family:Calibri,sans-serif\"><strong><span style=\"font-family:&quot;Cambria&quot;,serif\"><span style=\"color:#222222\">HORAIRES</span></span></strong></span></span></p>\r\n			</td>\r\n			<td style=\"width:151.05pt\">\r\n			<p style=\"margin-left:0cm; margin-right:0cm; text-align:center\"><span style=\"font-size:11pt\"><span style=\"font-family:Calibri,sans-serif\"><strong><span style=\"font-family:&quot;Cambria&quot;,serif\"><span style=\"color:#222222\">VAGUES</span></span></strong></span></span></p>\r\n			</td>\r\n			<td style=\"width:151.05pt\">\r\n			<p style=\"margin-left:0cm; margin-right:0cm; text-align:center\"><span style=\"font-size:11pt\"><span style=\"font-family:Calibri,sans-serif\"><strong><span style=\"font-family:&quot;Cambria&quot;,serif\"><span style=\"color:#222222\">EVALUATION PROGRAMMEE</span></span></strong></span></span></p>\r\n			</td>\r\n		</tr>\r\n		<tr>\r\n			<td rowspan=\"2\" style=\"height:12.0pt; width:151.0pt\">\r\n			<p style=\"margin-left:0cm; margin-right:0cm; text-align:center\"><span style=\"font-size:11pt\"><span style=\"font-family:Calibri,sans-serif\"><strong><span style=\"font-size:12.0pt\"><span style=\"font-family:&quot;Cambria&quot;,serif\"><span style=\"color:#222222\">Dimanche le 08 Avril 2018</span></span></span></strong></span></span></p>\r\n\r\n			<p style=\"margin-left:0cm; margin-right:0cm; text-align:center\"><span style=\"font-size:11pt\"><span style=\"font-family:Calibri,sans-serif\"><strong><span style=\"font-size:12.0pt\"><span style=\"font-family:&quot;Cambria&quot;,serif\"><span style=\"color:#222222\">De 13H &agrave; 15H</span></span></span></strong></span></span></p>\r\n\r\n			<p style=\"margin-left:0cm; margin-right:0cm; text-align:center\"><span style=\"font-size:11pt\"><span style=\"font-family:Calibri,sans-serif\"><strong><span style=\"font-size:12.0pt\"><span style=\"font-family:&quot;Cambria&quot;,serif\"><span style=\"color:#222222\">-------</span></span></span></strong></span></span></p>\r\n\r\n			<p style=\"margin-left:0cm; margin-right:0cm; text-align:center\"><span style=\"font-size:11pt\"><span style=\"font-family:Calibri,sans-serif\"><strong><span style=\"font-size:12.0pt\"><span style=\"font-family:&quot;Cambria&quot;,serif\"><span style=\"color:#222222\">Salle 1</span></span></span></strong></span></span></p>\r\n			</td>\r\n			<td style=\"height:12.0pt; width:151.05pt\">\r\n			<p style=\"margin-left:0cm; margin-right:0cm; text-align:center\"><span style=\"font-size:11pt\"><span style=\"font-family:Calibri,sans-serif\"><strong><span style=\"font-size:12.0pt\"><span style=\"font-family:&quot;Cambria&quot;,serif\"><span style=\"color:#222222\">17Z006 SEBU</span></span></span></strong></span></span></p>\r\n\r\n			<p style=\"margin-left:0cm; margin-right:0cm; text-align:center\"><span style=\"font-size:11pt\"><span style=\"font-family:Calibri,sans-serif\"><em><span style=\"font-size:12.0pt\"><span style=\"font-family:&quot;Cambria&quot;,serif\"><span style=\"color:#222222\">SECR&Eacute;TARIAT BUREAUTIQUE</span></span></span></em></span></span></p>\r\n			</td>\r\n			<td style=\"height:12.0pt; width:151.05pt\">\r\n			<p style=\"margin-left:0cm; margin-right:0cm; text-align:center\"><span style=\"font-size:11pt\"><span style=\"background-color:white\"><span style=\"font-family:Calibri,sans-serif\"><span style=\"font-size:12.0pt\"><span style=\"font-family:&quot;Cambria&quot;,serif\"><span style=\"color:#222222\">RATTRAPAGE DE L&rsquo;EXAMEN DE SYNTH&Egrave;SE</span></span></span></span></span></span></p>\r\n			</td>\r\n		</tr>\r\n		<tr>\r\n			<td style=\"height:11.75pt; width:151.05pt\">\r\n			<p style=\"margin-left:0cm; margin-right:0cm; text-align:center\"><span style=\"font-size:11pt\"><span style=\"font-family:Calibri,sans-serif\"><strong><span style=\"font-size:12.0pt\"><span style=\"font-family:&quot;Cambria&quot;,serif\"><span style=\"color:#222222\">17Z013 SEBU</span></span></span></strong></span></span></p>\r\n\r\n			<p style=\"margin-left:0cm; margin-right:0cm; text-align:center\"><span style=\"font-size:11pt\"><span style=\"font-family:Calibri,sans-serif\"><em><span style=\"font-size:12.0pt\"><span style=\"font-family:&quot;Cambria&quot;,serif\"><span style=\"color:#222222\">SECR&Eacute;TARAIT BUREAUTIQUE</span></span></span></em></span></span></p>\r\n			</td>\r\n			<td style=\"height:11.75pt; width:151.05pt\">\r\n			<p style=\"margin-left:0cm; margin-right:0cm; text-align:center\"><span style=\"font-size:11pt\"><span style=\"background-color:white\"><span style=\"font-family:Calibri,sans-serif\"><span style=\"font-size:12.0pt\"><span style=\"font-family:&quot;Cambria&quot;,serif\"><span style=\"color:#222222\">RATTRAPAGE DE CONTR&Ocirc;LE CONTINU N&deg;1</span></span></span></span></span></span></p>\r\n			</td>\r\n		</tr>\r\n	</tbody>\r\n</table>\r\n\r\n<p style=\"margin-left:0cm; margin-right:0cm\">&nbsp;</p>\r\n\r\n<p style=\"margin-left:0cm; margin-right:0cm\">&nbsp;</p>\r\n\r\n<p style=\"margin-left:0cm; margin-right:0cm; text-align:right\"><span style=\"font-size:11pt\"><span style=\"font-family:Calibri,sans-serif\"><span style=\"font-size:14.0pt\"><span style=\"font-family:&quot;Cambria&quot;,serif\">La Direction</span></span></span></span></p>\r\n', '2018-04-03 13:52:17', '', 0, 1),
(36, 'LISTE DES ATTESTATIONS DE FIN DE FORMATION DISPONIBLES', '<p style=\"margin-left:0cm; margin-right:0cm\"><span style=\"font-size:11pt\"><span style=\"font-family:Calibri,sans-serif\"><em><span style=\"font-size:16.0pt\"><span style=\"font-family:&quot;Cambria&quot;,serif\">Les apprenants dont les noms suivent dont inform&eacute;s que leurs attestation et relev&eacute; de notes.</span></span></em></span></span></p>\r\n\r\n<p style=\"margin-left:0cm; margin-right:0cm\">&nbsp;</p>\r\n\r\n<table border=\"1\" cellspacing=\"0\" class=\"MsoTableGrid\" style=\"border-collapse:collapse; border:solid windowtext 1.0pt; width:100\">\r\n	<tbody>\r\n		<tr>\r\n			<td style=\"vertical-align:top; width:63.55pt\">\r\n			<p style=\"margin-left:0cm; margin-right:0cm\"><span style=\"font-size:11pt\"><span style=\"font-family:Calibri,sans-serif\"><em><span style=\"font-size:16.0pt\"><span style=\"font-family:&quot;Cambria&quot;,serif\">N&deg;</span></span></em></span></span></p>\r\n			</td>\r\n			<td style=\"vertical-align:top; width:402.9pt\">\r\n			<p style=\"margin-left:0cm; margin-right:0cm\"><span style=\"font-size:11pt\"><span style=\"font-family:Calibri,sans-serif\"><em><span style=\"font-size:16.0pt\"><span style=\"font-family:&quot;Cambria&quot;,serif\">Noms de l&rsquo;apprenant</span></span></em></span></span></p>\r\n			</td>\r\n			<td style=\"vertical-align:top; width:233.25pt\">\r\n			<p style=\"margin-left:0cm; margin-right:0cm\"><span style=\"font-size:11pt\"><span style=\"font-family:Calibri,sans-serif\"><em><span style=\"font-size:16.0pt\"><span style=\"font-family:&quot;Cambria&quot;,serif\">Formation suivie</span></span></em></span></span></p>\r\n			</td>\r\n		</tr>\r\n		<tr>\r\n			<td style=\"height:31.2pt; width:63.55pt\">\r\n			<p style=\"margin-left:0cm; margin-right:0cm; text-align:center\"><span style=\"font-size:11pt\"><span style=\"font-family:Calibri,sans-serif\"><em><span style=\"font-size:16.0pt\"><span style=\"font-family:&quot;Cambria&quot;,serif\">1</span></span></em></span></span></p>\r\n			</td>\r\n			<td style=\"height:31.2pt; width:402.9pt\">\r\n			<p style=\"margin-left:0cm; margin-right:0cm\"><span style=\"font-size:11pt\"><span style=\"font-family:Calibri,sans-serif\"><em><span style=\"font-size:18.0pt\"><span style=\"font-family:&quot;Cambria&quot;,serif\">BOBON NGONME ISABELLE</span></span></em></span></span></p>\r\n			</td>\r\n			<td style=\"height:31.2pt; width:233.25pt\">\r\n			<p style=\"margin-left:0cm; margin-right:0cm\"><span style=\"font-size:11pt\"><span style=\"font-family:Calibri,sans-serif\"><em><span style=\"font-size:16.0pt\"><span style=\"font-family:&quot;Cambria&quot;,serif\">SECRETARIAT BUREAUTIQUE</span></span></em></span></span></p>\r\n			</td>\r\n		</tr>\r\n		<tr>\r\n			<td style=\"height:31.2pt; width:63.55pt\">\r\n			<p style=\"margin-left:0cm; margin-right:0cm; text-align:center\"><span style=\"font-size:11pt\"><span style=\"font-family:Calibri,sans-serif\"><em><span style=\"font-size:16.0pt\"><span style=\"font-family:&quot;Cambria&quot;,serif\">2</span></span></em></span></span></p>\r\n			</td>\r\n			<td style=\"height:31.2pt; width:402.9pt\">\r\n			<p style=\"margin-left:0cm; margin-right:0cm\"><span style=\"font-size:11pt\"><span style=\"font-family:Calibri,sans-serif\"><em><span style=\"font-size:18.0pt\"><span style=\"font-family:&quot;Cambria&quot;,serif\">AL-HADI ZAKARIA ALI</span></span></em></span></span></p>\r\n			</td>\r\n			<td style=\"height:31.2pt; width:233.25pt\">\r\n			<p style=\"margin-left:0cm; margin-right:0cm\"><span style=\"font-size:11pt\"><span style=\"font-family:Calibri,sans-serif\"><em><span style=\"font-size:16.0pt\"><span style=\"font-family:&quot;Cambria&quot;,serif\">SECRETARIAT BUREAUTIQUE</span></span></em></span></span></p>\r\n			</td>\r\n		</tr>\r\n		<tr>\r\n			<td style=\"height:31.2pt; width:63.55pt\">\r\n			<p style=\"margin-left:0cm; margin-right:0cm; text-align:center\"><span style=\"font-size:11pt\"><span style=\"font-family:Calibri,sans-serif\"><em><span style=\"font-size:16.0pt\"><span style=\"font-family:&quot;Cambria&quot;,serif\">3</span></span></em></span></span></p>\r\n			</td>\r\n			<td style=\"height:31.2pt; width:402.9pt\">\r\n			<p style=\"margin-left:0cm; margin-right:0cm\"><span style=\"font-size:11pt\"><span style=\"font-family:Calibri,sans-serif\"><em><span style=\"font-size:18.0pt\"><span style=\"font-family:&quot;Cambria&quot;,serif\">BIANA MOKSIA</span></span></em></span></span></p>\r\n			</td>\r\n			<td style=\"height:31.2pt; width:233.25pt\">\r\n			<p style=\"margin-left:0cm; margin-right:0cm\"><span style=\"font-size:11pt\"><span style=\"font-family:Calibri,sans-serif\"><em><span style=\"font-size:16.0pt\"><span style=\"font-family:&quot;Cambria&quot;,serif\">SECRETARIAT BUREAUTIQUE</span></span></em></span></span></p>\r\n			</td>\r\n		</tr>\r\n		<tr>\r\n			<td style=\"height:31.2pt; width:63.55pt\">\r\n			<p style=\"margin-left:0cm; margin-right:0cm; text-align:center\"><span style=\"font-size:11pt\"><span style=\"font-family:Calibri,sans-serif\"><em><span style=\"font-size:16.0pt\"><span style=\"font-family:&quot;Cambria&quot;,serif\">4</span></span></em></span></span></p>\r\n			</td>\r\n			<td style=\"height:31.2pt; width:402.9pt\">\r\n			<p style=\"margin-left:0cm; margin-right:0cm\"><span style=\"font-size:11pt\"><span style=\"font-family:Calibri,sans-serif\"><em><span style=\"font-size:18.0pt\"><span style=\"font-family:&quot;Cambria&quot;,serif\">AYONGA CHARLES</span></span></em></span></span></p>\r\n			</td>\r\n			<td style=\"height:31.2pt; width:233.25pt\">\r\n			<p style=\"margin-left:0cm; margin-right:0cm\"><span style=\"font-size:11pt\"><span style=\"font-family:Calibri,sans-serif\"><em><span style=\"font-size:16.0pt\"><span style=\"font-family:&quot;Cambria&quot;,serif\">SECRETARIAT BUREAUTIQUE</span></span></em></span></span></p>\r\n			</td>\r\n		</tr>\r\n		<tr>\r\n			<td style=\"height:31.2pt; width:63.55pt\">\r\n			<p style=\"margin-left:0cm; margin-right:0cm; text-align:center\"><span style=\"font-size:11pt\"><span style=\"font-family:Calibri,sans-serif\"><em><span style=\"font-size:16.0pt\"><span style=\"font-family:&quot;Cambria&quot;,serif\">5</span></span></em></span></span></p>\r\n			</td>\r\n			<td style=\"height:31.2pt; width:402.9pt\">\r\n			<p style=\"margin-left:0cm; margin-right:0cm\"><span style=\"font-size:11pt\"><span style=\"font-family:Calibri,sans-serif\"><em><span style=\"font-size:18.0pt\"><span style=\"font-family:&quot;Cambria&quot;,serif\">DJAKBE RAPHAEL</span></span></em></span></span></p>\r\n			</td>\r\n			<td style=\"height:31.2pt; width:233.25pt\">\r\n			<p style=\"margin-left:0cm; margin-right:0cm\"><span style=\"font-size:11pt\"><span style=\"font-family:Calibri,sans-serif\"><em><span style=\"font-size:16.0pt\"><span style=\"font-family:&quot;Cambria&quot;,serif\">SECRETARIAT BUREAUTIQUE</span></span></em></span></span></p>\r\n			</td>\r\n		</tr>\r\n		<tr>\r\n			<td style=\"height:31.2pt; width:63.55pt\">\r\n			<p style=\"margin-left:0cm; margin-right:0cm; text-align:center\"><span style=\"font-size:11pt\"><span style=\"font-family:Calibri,sans-serif\"><em><span style=\"font-size:16.0pt\"><span style=\"font-family:&quot;Cambria&quot;,serif\">6</span></span></em></span></span></p>\r\n			</td>\r\n			<td style=\"height:31.2pt; width:402.9pt\">\r\n			<p style=\"margin-left:0cm; margin-right:0cm\"><span style=\"font-size:11pt\"><span style=\"font-family:Calibri,sans-serif\"><em><span style=\"font-size:18.0pt\"><span style=\"font-family:&quot;Cambria&quot;,serif\">HANWA MANWE</span></span></em></span></span></p>\r\n			</td>\r\n			<td style=\"height:31.2pt; width:233.25pt\">\r\n			<p style=\"margin-left:0cm; margin-right:0cm\"><span style=\"font-size:11pt\"><span style=\"font-family:Calibri,sans-serif\"><em><span style=\"font-size:16.0pt\"><span style=\"font-family:&quot;Cambria&quot;,serif\">SECRETARIAT BUREAUTIQUE</span></span></em></span></span></p>\r\n			</td>\r\n		</tr>\r\n	</tbody>\r\n</table>\r\n\r\n<p style=\"margin-left:0cm; margin-right:0cm\"><span style=\"font-size:11pt\"><span style=\"font-family:Calibri,sans-serif\"><em><span style=\"font-size:16.0pt\"><span style=\"font-family:&quot;Cambria&quot;,serif\">&nbsp;&nbsp;</span></span></em></span></span></p>\r\n\r\n<p style=\"margin-left:0cm; margin-right:0cm; text-align:right\"><span style=\"font-size:11pt\"><span style=\"font-family:Calibri,sans-serif\"><strong><span style=\"font-size:16.0pt\"><span style=\"font-family:&quot;Cambria&quot;,serif\">La Direction</span></span></strong></span></span></p>\r\n', '2018-04-09 11:48:25', '', 0, 1);

-- --------------------------------------------------------

--
-- Structure de la table `note`
--

CREATE TABLE `note` (
  `id` int(11) NOT NULL,
  `evaluation` int(11) NOT NULL,
  `student` int(11) NOT NULL,
  `value` float NOT NULL DEFAULT '0',
  `promotion` int(11) NOT NULL
) ENGINE=InnoDB DEFAULT CHARSET=utf8 COLLATE=utf8_general_mysql500_ci;

--
-- Déchargement des données de la table `note`
--

INSERT INTO `note` (`id`, `evaluation`, `student`, `value`, `promotion`) VALUES
(1, 45, 41, 15, 3),
(2, 44, 41, 13, 3),
(3, 67, 39, 17, 2),
(4, 66, 39, 17, 2),
(5, 68, 39, 15.75, 2),
(10, 56, 55, 13, 10),
(11, 56, 56, 16, 10),
(12, 57, 55, 17.75, 10),
(13, 57, 56, 17.75, 10),
(14, 40, 49, 11.05, 7),
(15, 12, 52, 17, 8),
(16, 12, 54, 18, 8),
(17, 13, 52, 6.5, 8),
(18, 13, 54, 10.5, 8),
(19, 1, 47, 16.25, 6),
(20, 1, 45, 15.75, 6),
(21, 7, 53, 13, 5),
(22, 7, 44, 16.25, 5),
(23, 8, 53, 18, 5),
(24, 8, 44, 8.25, 5),
(25, 69, 54, 17, 9),
(26, 70, 54, 18.75, 9),
(27, 71, 54, 15, 9),
(28, 44, 46, 17, 4),
(29, 44, 48, 0, 4),
(30, 44, 42, 0, 4),
(31, 45, 46, 15.75, 4),
(32, 45, 48, 7.5, 4),
(33, 45, 42, 7.75, 4),
(34, 48, 68, 13.5, 15),
(35, 49, 68, 16, 15),
(36, 4, 47, 14.5, 6),
(37, 4, 45, 15.5, 6),
(38, 1, 58, 13.25, 12),
(39, 1, 57, 0, 12),
(40, 71, 63, 10.25, 9),
(41, 3, 47, 17.75, 6),
(42, 3, 45, 13.75, 6),
(43, 2, 52, 11.75, 13),
(44, 2, 61, 9.5, 13),
(46, 2, 60, 13, 13),
(47, 41, 49, 11.5, 7),
(48, 2, 58, 14.25, 12),
(49, 2, 57, 0, 12),
(50, 13, 62, 9.5, 11),
(51, 13, 56, 10, 11),
(52, 69, 63, 16, 9),
(53, 1, 69, 16, 16),
(54, 72, 63, 14.5, 9),
(55, 72, 54, 0, 9),
(56, 70, 63, 16.75, 9),
(57, 1, 52, 15, 13),
(58, 1, 61, 13, 13),
(60, 1, 60, 15, 13),
(61, 2, 69, 19.25, 16),
(62, 3, 58, 13.25, 12),
(63, 3, 57, 0, 12),
(64, 6, 47, 8.5, 6),
(65, 6, 45, 9.75, 6),
(66, 2, 47, 16, 6),
(67, 2, 45, 16, 6),
(68, 3, 52, 12.5, 13),
(69, 3, 61, 15.25, 13),
(71, 3, 60, 11.5, 13),
(72, 14, 62, 13, 11),
(73, 14, 56, 14.5, 11),
(74, 12, 62, 18, 11),
(75, 12, 56, 18, 11),
(76, 5, 52, 12, 13),
(77, 5, 61, 13.5, 13),
(79, 5, 60, 13.5, 13),
(80, 4, 52, 13, 13),
(81, 4, 61, 12, 13),
(83, 4, 60, 13, 13),
(84, 5, 58, 14.75, 12),
(85, 5, 57, 0, 12),
(87, 3, 69, 15.75, 16),
(88, 5, 69, 16, 16),
(89, 4, 69, 15, 16),
(90, 4, 58, 14, 12),
(91, 4, 57, 0, 12),
(92, 5, 47, 13, 6),
(93, 5, 45, 15, 6),
(94, 6, 58, 12.75, 12),
(95, 6, 57, 0, 12),
(96, 6, 69, 17.25, 16),
(97, 6, 52, 12, 13),
(98, 6, 61, 17, 13),
(100, 6, 60, 16, 13),
(101, 44, 74, 15, 19),
(102, 45, 74, 13.5, 19),
(103, 17, 62, 12.25, 11),
(104, 17, 56, 16.75, 11),
(105, 15, 62, 15, 11),
(106, 15, 56, 15.5, 11),
(107, 2, 75, 8.75, 18),
(108, 2, 72, 14.5, 18),
(109, 2, 64, 6.25, 18),
(110, 1, 75, 16, 18),
(111, 1, 72, 17, 18),
(112, 1, 64, 14, 18),
(113, 4, 75, 15, 18),
(114, 4, 72, 14, 18),
(115, 4, 64, 0, 18),
(116, 43, 49, 14, 7),
(117, 42, 49, 14, 7),
(118, 8, 73, 16, 17),
(119, 8, 70, 10.5, 17),
(120, 8, 71, 17, 17),
(121, 3, 75, 13, 18),
(122, 3, 72, 16.05, 18),
(123, 3, 64, 10.05, 18),
(124, 2, 76, 15, 20),
(125, 1, 76, 16.05, 20);

-- --------------------------------------------------------

--
-- Structure de la table `notification`
--

CREATE TABLE `notification` (
  `id` int(11) NOT NULL,
  `sender` int(10) UNSIGNED DEFAULT NULL,
  `content` text COLLATE utf8_general_mysql500_ci NOT NULL,
  `send_date` datetime DEFAULT NULL,
  `target` varchar(128) COLLATE utf8_general_mysql500_ci NOT NULL,
  `promotion` int(11) DEFAULT NULL,
  `url` varchar(256) COLLATE utf8_general_mysql500_ci DEFAULT '#'
) ENGINE=InnoDB DEFAULT CHARSET=utf8 COLLATE=utf8_general_mysql500_ci;

--
-- Déchargement des données de la table `notification`
--

INSERT INTO `notification` (`id`, `sender`, `content`, `send_date`, `target`, `promotion`, `url`) VALUES
(14, 1, 'Vous avez bien été inscrit', '2017-09-03 12:41:22', '11', -1, '#'),
(15, 1, 'Vous avez bien été inscrit', '2017-09-05 10:40:09', '12', -1, '#'),
(16, 1, 'Votre inscription a été enregistrée et validée.', '2017-09-05 11:23:41', '12', -1, ''),
(17, 1, 'Vous devez encore payer <b>30000</b> FCFA.', '2017-09-05 11:23:41', '12', -1, ''),
(18, 1, 'Vous avez bien été inscrit', '2017-09-05 11:54:23', '13', -1, '#'),
(19, 1, 'Votre inscription a été enregistrée et validée.', '2017-09-05 11:54:59', '13', -1, ''),
(20, 1, 'Vous devez encore payer <b>35000</b> FCFA.', '2017-09-05 11:54:59', '13', -1, ''),
(21, 1, 'Vous avez bien été inscrit', '2017-09-05 12:12:36', '14', -1, '#'),
(22, 1, 'Votre inscription a été enregistrée et validée.', '2017-09-05 12:12:55', '14', -1, ''),
(23, 1, 'Vous devez encore payer <b>50000</b> FCFA.', '2017-09-05 12:12:55', '14', -1, ''),
(24, 1, 'Vous avez bien été inscrit', '2017-09-05 12:17:11', '15', -1, '#'),
(25, 1, 'Votre inscription a été enregistrée et validée.', '2017-09-05 12:17:36', '15', -1, ''),
(26, 1, 'Vous devez encore payer <b>5000</b> FCFA.', '2017-09-05 12:17:36', '15', -1, ''),
(30, 1, 'L\'emploi du temp de la semaine du 18/09/2017 au 23/09/2017 est disponible. Le cours de Comptabilité Informatisée et de Gestion a été programmé.', '2017-09-06 09:32:32', '2', 17, 'none'),
(33, 1, 'Vous avez avez été aloué l\'enseignement COMPTABILITÉ INFORMATISÉE ET DE GESTION.', '2017-09-06 13:40:04', '3', 0, ''),
(34, 1, 'Des résultats d\'evaluations de la promotion 17-Z001 ont été enregistrés.', '2017-09-06 13:48:25', '6', 0, ''),
(35, 1, 'Des résultats d\'evaluations de la promotion 17-Z001 ont été modifiés.', '2017-09-06 13:49:28', '6', 0, ''),
(36, 1, 'L\'emploi du temp de la semaine du 04/09/2017 au 09/09/2017 est disponible. Le cours de Comptabilité Informatisée et de Gestion a été programmé.', '2017-09-07 05:35:38', '2', 17, 'none'),
(39, 1, 'Bienvenue dans la plateforme MUTISOFT ACADEMY.', '2017-09-07 00:00:00', '17', NULL, 'nothing'),
(40, 1, 'Bienvenue dans la plateforme MUTISOFT ACADEMY.', '2017-09-07 00:00:00', '18', NULL, 'nothing'),
(41, 1, 'Votre inscription N° MINF170907N001 a été enregistrée. Passez au Centre de Formation pour la valider en payant au moins une tranche des frais de formation avant le ', '2017-09-07 11:29:53', '18', -1, ''),
(44, 1, 'Des résultats d\'evaluations de la promotion 17-Z001 ont été modifiés.', '2017-09-08 06:33:44', '6', 0, ''),
(45, 1, 'Des résultats d\'evaluations de la promotion 17-Z001 ont été modifiés.', '2017-09-08 11:36:13', '6', 0, ''),
(46, 1, 'Des résultats d\'evaluations de la promotion 17-Z001 ont été modifiés.', '2017-09-08 11:42:41', '6', 0, ''),
(47, 1, 'Des résultats d\'evaluations de la promotion 17-Z001 ont été modifiés.', '2017-09-08 11:58:18', '6', 0, ''),
(48, 1, 'Des résultats d\'evaluations de la promotion 17-Z001 ont été modifiés.', '2017-09-08 12:24:07', '6', 0, ''),
(49, 1, 'Les résultats de la promotion 17-Z001 sont disponibles.', '2017-09-08 13:24:59', '6', 0, 'admin/examination/results/17-Z001'),
(50, 1, 'Les résultats de la promotion 17-Z001 sont disponibles.', '2017-09-08 13:24:59', '5', 0, 'admin/examination/results/17-Z001'),
(51, 1, 'Les résultats de la promotion 17-Z001 sont disponibles.', '2017-09-08 13:24:59', '3', 0, 'trainerGate/examination/results/17-Z001'),
(52, 1, 'Les résultats de la promotion 17-Z001 sont disponibles.', '2017-09-08 13:24:59', '2', 17, 'studentGate/examination/results/17-Z001'),
(53, 1, 'Des résultats d\'evaluations de la promotion 17-Z001 ont été enregistrés.', '2017-09-08 15:20:06', '6', 0, ''),
(54, 1, 'Des résultats d\'evaluations de la promotion 17-Z001 ont été modifiés.', '2017-09-08 15:29:09', '6', 0, ''),
(55, 1, 'Le planning d\'examen de la semaine du lundi 04/09/2017 au samedi 09/09/2017 est disponible.', '2017-09-08 16:45:45', '3', 0, 'trainerGate/examination/plannings'),
(56, 1, 'Le planning d\'examen de la semaine du lundi 04/09/2017 au samedi 09/09/2017 est disponible.', '2017-09-08 16:45:45', '6', 0, 'admin/examination/planning/all'),
(57, 1, 'Le planning d\'examen de la semaine du lundi 04/09/2017 au samedi 09/09/2017 est disponible.', '2017-09-08 16:45:45', '2', 17, 'studentGate/examination/plannings'),
(58, 1, 'Le planning d\'examen de la semaine du lundi 04/09/2017 au samedi 09/09/2017 est disponible.', '2017-09-08 16:52:05', '3', 0, 'trainerGate/examination/plannings'),
(59, 1, 'Le planning d\'examen de la semaine du lundi 04/09/2017 au samedi 09/09/2017 est disponible.', '2017-09-08 16:52:05', '6', 0, 'admin/examination/planning/all'),
(60, 1, 'Le planning d\'examen de la semaine du lundi 04/09/2017 au samedi 09/09/2017 est disponible.', '2017-09-08 16:52:05', '2', 17, 'studentGate/examination/plannings'),
(61, 1, 'L\'emploi du temp de la semaine du 11/09/2017 au 16/09/2017 est disponible. Le cours de Comptabilité Informatisée et de Gestion a été programmé.', '2017-09-08 17:57:08', '2', 17, 'none'),
(62, 1, 'L\'emploi du temp de la semaine du 11/09/2017 au 16/09/2017 est disponible. Le cours de MAINTENANCE INFORMATIQUE a été programmé.', '2017-09-08 17:57:08', '2', 18, 'none'),
(63, 1, 'L\'emploi du temp de la semaine du 11/09/2017 au 16/09/2017 est disponible. Le cours de ALGORITHME ET PROGRAMMATION (C, C++, JAVA, PASCAL) a été programmé.', '2017-09-08 17:57:08', '2', 19, 'none'),
(64, 1, 'L\'emploi du temp de la semaine du 04/09/2017 au 09/09/2017 est disponible. Le cours de Comptabilité Informatisée et de Gestion a été programmé.', '2017-09-08 18:00:06', '2', 17, 'none'),
(65, 1, 'L\'emploi du temp de la semaine du 04/09/2017 au 09/09/2017 est disponible. Le cours de ALGORITHME ET PROGRAMMATION (C, C++, JAVA, PASCAL) a été programmé.', '2017-09-08 18:00:06', '2', 19, 'none'),
(66, 1, 'L\'emploi du temp de la semaine du 04/09/2017 au 09/09/2017 est disponible. Le cours de MAINTENANCE INFORMATIQUE a été programmé.', '2017-09-08 18:00:06', '2', 18, 'none'),
(67, 1, 'L\'emploi du temp de la semaine du 11/09/2017 au 16/09/2017 est disponible. Le cours de Comptabilité Informatisée et de Gestion a été programmé.', '2017-09-08 18:00:44', '2', 17, 'none'),
(68, 1, 'L\'emploi du temp de la semaine du 11/09/2017 au 16/09/2017 est disponible. Le cours de MAINTENANCE INFORMATIQUE a été programmé.', '2017-09-08 18:00:44', '2', 18, 'none'),
(69, 1, 'L\'emploi du temp de la semaine du 11/09/2017 au 16/09/2017 est disponible. Le cours de ALGORITHME ET PROGRAMMATION (C, C++, JAVA, PASCAL) a été programmé.', '2017-09-08 18:00:44', '2', 19, 'none'),
(70, 1, 'Les résultats de la promotion 17-Z001 sont disponibles.', '2017-09-09 04:28:10', '6', 0, 'admin/examination/results/17-Z001'),
(71, 1, 'Les résultats de la promotion 17-Z001 sont disponibles.', '2017-09-09 04:28:10', '5', 0, 'admin/examination/results/17-Z001'),
(72, 1, 'Les résultats de la promotion 17-Z001 sont disponibles.', '2017-09-09 04:28:10', '3', 0, 'trainerGate/examination/results/17-Z001'),
(73, 1, 'Les résultats de la promotion 17-Z001 sont disponibles.', '2017-09-09 04:28:10', '2', 17, 'studentGate/examination/results/17-Z001'),
(74, 1, 'Des résultats d\'evaluations de la vague 17-Z001 ont été enregistrés.', '2017-09-09 07:17:56', '6', 0, ''),
(75, 1, 'Les résultats de la vague 17-Z001 sont disponibles.', '2017-09-09 07:18:50', '6', 0, 'admin/examination/results/17-Z001'),
(76, 1, 'Les résultats de la vague 17-Z001 sont disponibles.', '2017-09-09 07:18:50', '5', 0, 'admin/examination/results/17-Z001'),
(77, 1, 'Les résultats de la vague 17-Z001 sont disponibles.', '2017-09-09 07:18:51', '3', 0, 'trainerGate/examination/results/17-Z001'),
(78, 1, 'Les résultats de la vague 17-Z001 sont disponibles.', '2017-09-09 07:18:51', '2', 17, 'studentGate/examination/results/17-Z001'),
(79, 1, 'Des résultats d\'evaluations de la vague 17-Z001 ont été enregistrés.', '2017-09-09 07:19:28', '6', 0, ''),
(80, 1, 'Des résultats d\'evaluations de la vague 17-Z001 ont été enregistrés.', '2017-09-09 07:19:39', '6', 0, ''),
(81, 1, 'Les résultats de la vague 17-Z001 sont disponibles.', '2017-09-09 07:23:03', '6', 0, 'admin/examination/results/17-Z001'),
(82, 1, 'Les résultats de la vague 17-Z001 sont disponibles.', '2017-09-09 07:23:03', '5', 0, 'admin/examination/results/17-Z001'),
(83, 1, 'Les résultats de la vague 17-Z001 sont disponibles.', '2017-09-09 07:23:03', '3', 0, 'trainerGate/examination/results/17-Z001'),
(84, 1, 'Les résultats de la vague 17-Z001 sont disponibles.', '2017-09-09 07:23:03', '2', 17, 'studentGate/examination/results/17-Z001'),
(85, 1, 'Les résultats de la vague 17-Z001 sont disponibles.', '2017-09-09 07:23:10', '6', 0, 'admin/examination/results/17-Z001'),
(86, 1, 'Les résultats de la vague 17-Z001 sont disponibles.', '2017-09-09 07:23:10', '5', 0, 'admin/examination/results/17-Z001'),
(87, 1, 'Les résultats de la vague 17-Z001 sont disponibles.', '2017-09-09 07:23:10', '3', 0, 'trainerGate/examination/results/17-Z001'),
(88, 1, 'Les résultats de la vague 17-Z001 sont disponibles.', '2017-09-09 07:23:10', '2', 17, 'studentGate/examination/results/17-Z001'),
(89, 1, 'Vous avez avez été aloué l\'enseignement MAINTENANCE INFORMATIQUE.', '2017-09-09 08:48:52', '3', 0, ''),
(90, 1, 'Des résultats d\'evaluations de la vague 17-Z002 ont été enregistrés.', '2017-09-09 08:55:16', '6', 0, ''),
(91, 1, 'Votre promotion(17-Z001) est achevée.', '2017-09-10 05:18:00', '2', 17, ''),
(92, 1, 'Votre promotion(17-Z002) est achevée.', '2017-09-10 05:51:57', '2', 18, ''),
(93, 1, 'Votre compte utilisateur a été suspendu.', '2017-09-10 05:59:44', '1', 0, ''),
(96, 1, '<p>Code d&#39;inscription <strong>17S0025PA</strong></p>', '2017-09-10 07:45:20', '1', -1, '#'),
(99, 1, 'Félicitations Mme rodrigue KOGNE ! Vous êtes à présent gérant à Multisoft Academy.', '2017-09-10 20:11:49', '5', 0, ''),
(100, 1, 'Vous avez avez été aloué l\'enseignement SECRÉTARIAT BUREAUTIQUE.', '2017-09-11 05:05:29', '3', 0, ''),
(101, 1, 'Votre profil a été modifié avec succès.', '2017-09-12 09:27:32', '6', 0, 'http://localhost/multisoft/admin/loggedUserProfile1'),
(102, 1, 'Votre profil a été modifié avec succès.', '2017-09-12 09:27:32', '5', 0, 'admin/loggedUserProfile/1'),
(103, 1, 'Votre profil a été modifié avec succès.', '2017-09-12 09:27:59', '6', 0, 'http://localhost/multisoft/admin/loggedUserProfile1'),
(104, 1, 'Votre profil a été modifié avec succès.', '2017-09-12 09:27:59', '5', 0, 'admin/loggedUserProfile/1'),
(105, 1, 'Votre profil a été modifié avec succès.', '2017-09-12 09:28:13', '6', 0, 'http://localhost/multisoft/admin/loggedUserProfile1'),
(106, 1, 'Votre profil a été modifié avec succès.', '2017-09-12 09:28:13', '5', 0, 'admin/loggedUserProfile/1'),
(107, 16, 'Votre profil a été modifié avec succès.', '2017-09-12 11:29:57', '6', 0, 'http://localhost/multisoft/admin/loggedUserProfile16'),
(108, 16, 'Votre profil a été modifié avec succès.', '2017-09-12 11:29:57', '5', 0, 'admin/loggedUserProfile/16'),
(109, 1, 'Votre profil a été modifié avec succès.', '2017-09-14 06:03:04', '6', 0, 'http://localhost/multisoft/admin/loggedUserProfile1'),
(110, 1, 'Votre profil a été modifié avec succès.', '2017-09-14 06:03:05', '5', 0, 'admin/loggedUserProfile/1'),
(112, 1, '<p>test</p>', '2017-09-16 03:53:13', '1', -1, '#'),
(124, 1, 'Bienvenue dans la plateforme MUTISOFT ACADEMY.', '2017-09-17 13:06:57', '21', NULL, 'nothing'),
(127, 1, 'Bienvenue dans la plateforme MUTISOFT ACADEMY.', '2017-09-18 15:23:10', '24', -1, '#'),
(128, 1, 'Bienvenue dans la plateforme MUTISOFT ACADEMY.', '2017-09-19 08:51:11', '25', -1, '#'),
(129, 1, 'Bienvenue dans la plateforme MUTISOFT ACADEMY.', '2017-09-20 08:31:19', '26', -1, '#'),
(130, 1, 'Vous avez avez été aloué l\'enseignement CONCEPTION ET RÉALISATION DES BASES DE DONNÉES RELATIONNELLES.', '2017-09-20 14:18:53', '19', -1, ''),
(131, 1, 'Vous avez avez été aloué l\'enseignement RÉSEAUX INFORMATIQUES ET ADMINISTRATION.', '2017-09-20 14:23:18', '19', -1, '#'),
(132, 1, 'Vous avez bien été inscrit', '2017-09-20 14:45:58', '30', -1, '#'),
(133, 1, 'Vous avez un nouveau statut: Formateur.', '2017-09-20 14:45:58', '30', -1, '#'),
(134, 1, 'Vous avez avez été aloué l\'enseignement COMPTABILITÉ INFORMATISÉE ET DE GESTION.', '2017-09-20 14:46:42', '30', -1, '#'),
(135, 1, 'Vous avez bien été inscrit', '2017-09-20 14:48:33', '31', -1, '#'),
(136, 1, 'Vous avez un nouveau statut: Formateur.', '2017-09-20 14:48:33', '31', -1, '#'),
(137, 1, 'Vous avez bien été inscrit', '2017-09-20 14:50:24', '32', -1, '#'),
(138, 1, 'Vous avez un nouveau statut: Formateur.', '2017-09-20 14:50:24', '32', -1, '#'),
(139, 1, 'Vous avez avez été aloué l\'enseignement DÉVELOPPEMENT D’APPLICATION (WINDEV, VISUAL STUDIO, …).', '2017-09-20 14:51:08', '32', -1, '#'),
(140, 1, 'Vous avez avez été aloué l\'enseignement SECRÉTARIAT BUREAUTIQUE.', '2017-09-20 14:51:35', '32', -1, '#'),
(141, 1, 'Vous avez avez été aloué l\'enseignement COMPTABILITÉ INFORMATISÉE ET DE GESTION.', '2017-09-20 14:51:51', '32', -1, '#'),
(142, 1, 'Vous avez avez été aloué l\'enseignement RÉSEAUX INFORMATIQUES ET ADMINISTRATION.', '2017-09-20 14:52:15', '32', -1, '#'),
(143, 1, 'Vous avez avez été aloué l\'enseignement MAINTENANCE INFORMATIQUE.', '2017-09-20 14:52:37', '32', -1, '#'),
(144, 1, 'Vous avez avez été aloué l\'enseignement CONCEPTION ET RÉALISATION DES BASES DE DONNÉES RELATIONNELLES.', '2017-09-20 14:54:16', '31', -1, '#'),
(145, 1, 'Vous avez avez été aloué l\'enseignement DÉVELOPPEMENT D’APPLICATION (WINDEV, VISUAL STUDIO, …).', '2017-09-20 14:54:34', '31', -1, '#'),
(146, 1, 'Vous avez avez été aloué l\'enseignement MAINTENANCE INFORMATIQUE.', '2017-09-20 14:54:53', '31', -1, '#'),
(147, 1, 'Vous avez avez été aloué l\'enseignement DÉVELOPPEMENT D’APPLICATION WEB.', '2017-09-20 14:55:20', '31', -1, '#'),
(148, 1, 'Vous avez bien été inscrit', '2017-09-20 15:24:34', '33', -1, '#'),
(149, 1, 'Vous avez un nouveau statut: Formateur.', '2017-09-20 15:24:34', '33', -1, '#'),
(150, 1, 'Vous avez avez été aloué l\'enseignement SECRÉTARIAT BUREAUTIQUE.', '2017-09-20 15:27:39', '33', -1, '#'),
(151, 1, 'Vous avez avez été aloué l\'enseignement DÉVELOPPEMENT D’APPLICATION WEB.', '2017-09-20 15:28:00', '33', -1, '#'),
(152, 1, 'Vous avez avez été aloué l\'enseignement CONCEPTION ET RÉALISATION DES BASES DE DONNÉES RELATIONNELLES.', '2017-09-20 15:28:23', '33', -1, '#'),
(153, 1, 'Vous avez avez été aloué l\'enseignement ALGORITHMES ET PROGRAMMATION (C, C++, JAVA, PASCAL).', '2017-09-20 15:28:41', '33', -1, '#'),
(154, 1, 'Vous avez avez été aloué l\'enseignement INITIATION À LA SAISIE ET AU TRAITEMENT DE TEXTE.', '2017-09-20 15:28:55', '33', -1, '#'),
(155, 1, 'Vous avez avez été aloué l\'enseignement MISE EN FORME / FINALISATION DES MÉMOIRES ET RAPPORTS ACADÉMIQUES.', '2017-09-20 15:29:08', '33', -1, '#'),
(156, 1, 'Vous avez avez été aloué l\'enseignement PROGRAMMATION EXCEL.', '2017-09-20 15:29:24', '33', -1, '#'),
(157, 1, 'Vous avez avez été aloué l\'enseignement INTERNET ET APPLICATIONS.', '2017-09-20 15:29:44', '33', -1, '#'),
(158, 1, 'Vous avez avez été aloué l\'enseignement PRÉSENTATION ASSISTÉE PAR ORDINATEUR.', '2017-09-20 15:29:59', '33', -1, '#'),
(159, 1, 'Vous avez avez été aloué l\'enseignement TIC FOR BEGINNERS.', '2017-09-20 15:30:24', '33', -1, '#'),
(160, 1, 'Vous avez avez été aloué l\'enseignement ANALYSE DE DONNÉES AVEC SPSS.', '2017-09-20 15:30:45', '19', -1, '#'),
(161, 1, 'Vous avez avez été aloué l\'enseignement PROGRAMMATION EXCEL.', '2017-09-20 15:31:02', '32', -1, '#'),
(166, 1, 'Vous avez bien été inscrit', '2017-09-20 15:58:05', '36', -1, '#'),
(167, 1, 'Vous avez un nouveau statut: Gérant.', '2017-09-20 15:58:05', '36', -1, '#'),
(168, 1, 'Vous avez avez été aloué l\'enseignement DÉVELOPPEMENT D’APPLICATION WEB.', '2017-09-20 16:03:40', '36', -1, '#'),
(169, 1, 'Vous avez avez été aloué l\'enseignement CONCEPTION ET RÉALISATION DES BASES DE DONNÉES RELATIONNELLES.', '2017-09-20 16:10:30', '36', -1, '#'),
(170, 1, 'Vous avez avez été aloué l\'enseignement APPRENTISSAGE DES OUTILS DE BUREAUTIQUE.', '2017-09-20 16:32:12', '33', -1, '#'),
(172, 1, 'Votre profil a été modifié avec succès.', '2017-09-23 13:21:12', '6', 0, 'http://msacad.com/admin/loggedUserProfile1'),
(173, 1, 'Votre profil a été modifié avec succès.', '2017-09-23 13:21:12', '5', 0, 'admin/loggedUserProfile/1'),
(174, 1, 'Votre profil a été modifié avec succès.', '2017-09-23 13:25:28', '6', 0, 'http://www.msacad.com/admin/loggedUserProfile1'),
(175, 1, 'Votre profil a été modifié avec succès.', '2017-09-23 13:25:28', '5', 0, 'admin/loggedUserProfile/1'),
(176, 1, 'Votre inscription <b>N° CART170923N001 </b>a été enregistrée. Passez au Centre de Formation pour la valider en payant au moins une tranche des frais de formation avant le 2017-09-25', '2017-09-23 15:03:13', '21', -1, ''),
(177, 1, 'Bienvenue dans la plateforme MULTISOFT ACADEMY.', '2017-09-24 22:07:56', '37', -1, '#'),
(178, 1, 'Votre inscription <b>N° SECO170924N003 </b>a été enregistrée. Passez au Centre de Formation pour la valider en payant au moins une tranche des frais de formation avant le 2017-09-26', '2017-09-24 22:09:35', '37', -1, ''),
(179, 1, 'Bienvenue dans la plateforme MULTISOFT ACADEMY.', '2017-09-25 15:57:02', '38', -1, '#'),
(180, 1, 'Vous avez bien été inscrit', '2017-09-26 10:21:49', '39', -1, '#'),
(181, 1, 'Votre inscription a été enregistrée et validée.<br>', '2017-09-26 10:22:35', '39', -1, ''),
(182, 1, 'L\'emploi du temp de la semaine du 25/09/2017 au 30/09/2017 est disponible. Le cours de Apprentissage des outils de bureautique a été programmé.', '2017-09-26 12:29:13', '2', 2, 'none'),
(183, 1, 'Vous avez bien été inscrit', '2017-09-26 14:07:11', '40', -1, '#'),
(184, 1, 'Vous avez un nouveau statut: Formateur.', '2017-09-26 14:07:11', '40', -1, '#'),
(185, 1, 'Vous avez avez été aloué l\'enseignement DÉVELOPPEMENT D’APPLICATION (WINDEV, VISUAL STUDIO, …).', '2017-09-26 14:28:51', '40', -1, '#'),
(186, 1, 'Vous avez avez été aloué l\'enseignement DÉVELOPPEMENT D’APPLICATION WEB.', '2017-09-26 14:29:11', '40', -1, '#'),
(187, 1, 'Vous avez avez été aloué l\'enseignement ALGORITHMES ET PROGRAMMATION (C, C++, JAVA, PASCAL).', '2017-09-26 14:29:35', '40', -1, '#'),
(188, 1, 'Vous avez bien été inscrit', '2017-09-28 07:57:52', '41', -1, '#'),
(189, 1, 'Votre inscription a été enregistrée et validée.<br>', '2017-09-28 07:58:02', '41', -1, ''),
(190, 41, 'Votre profil a été modifié avec succès.', '2017-09-28 09:21:12', '6', 0, 'http://msacad.com/admin/loggedUserProfile41'),
(191, 41, 'Votre profil a été modifié avec succès.', '2017-09-28 09:21:12', '5', 0, 'admin/loggedUserProfile/41'),
(192, 1, 'Votre profil a été modifié avec succès.', '2017-09-28 17:48:21', '1', -1, 'http://www.msacad.com/admin/loggedUserProfile1'),
(193, 1, 'Nouveau sujet << Installation de WINDEV >> ajouté dans le forum  par TEMANI TEGABWE KAKMO dans la catégorie <b><< DÉVELOPPEMENT D’APPLICATION (WINDEV, VISUAL STUDIO,...) >></b>; peut-être voudriez-vous l\'aider.', '2017-09-29 11:42:44', '1', 0, 'http://www.msacad.com/forum/sujet/installation-de-windev--4'),
(194, 1, 'L\'emploi du temp de la semaine du 02/10/2017 au 07/10/2017 est disponible. Le cours de INITIATION à LA SAISIE ET AU TRAITEMENT DE TEXTE a été programmé.', '2017-09-29 20:10:07', '2', 3, 'none'),
(195, 1, 'L\'emploi du temp de la semaine du 02/10/2017 au 07/10/2017 est disponible. Le cours de Apprentissage des outils de bureautique a été programmé.', '2017-09-29 20:10:07', '2', 2, 'none'),
(196, 1, 'Vous avez avez été aloué l\'enseignement APPRENTISSAGE DES OUTILS DE BUREAUTIQUE.', '2017-10-02 07:30:21', '40', -1, '#'),
(197, 1, 'Vous avez avez été aloué l\'enseignement INITIATION À LA SAISIE ET AU TRAITEMENT DE TEXTE.', '2017-10-02 07:30:43', '40', -1, '#'),
(198, 1, '<p>Les sessions de cours d&#39;hier</p><p>SESS00117Z003</p><p>SESS00217Z003</p>', '2017-10-03 08:33:49', '40', -1, '#'),
(199, 1, '<p>Mercredi 8-11H SESS00317Z003</p>', '2017-10-05 14:08:58', '33', -1, '#'),
(200, 1, '<p><strong>SESS00417Z001</strong><br /><em>APPRENTISSAGE DES OUTILS DE BUREAUTIQUE</em><br />Semaine du 2017-10-02 ~ mardi de 11H &agrave; 14H</p><p>&nbsp;</p><p><strong>SESS00517Z001</strong><br /><em>APPRENTISSAGE DES OUTILS DE BUREAUTIQUE</em><br />Semaine du 2017-10-02 ~ jeudi de 11H &agrave; 14H</p><p>&nbsp;</p><p><strong>SESS00417Z003</strong><br /><em>INITIATION &Agrave; LA SAISIE ET AU TRAITEMENT DE TEXTE</em><br />Semaine du 2017-10-02 ~ jeudi de 14H &agrave; 17H</p><p>&nbsp;</p>', '2017-10-05 14:18:09', '40', -1, '#'),
(201, 1, '<p><strong>SESS00517Z003</strong><br /><em>INITIATION &Agrave; LA SAISIE ET AU TRAITEMENT DE TEXTE</em><br />Semaine du 2017-10-02 ~ vendredi de 8H &agrave; 11H</p><p><strong>SESS00617Z001</strong><br /><em>APPRENTISSAGE DES OUTILS DE BUREAUTIQUE</em><br />Semaine du 2017-10-02 ~ vendredi de 11H &agrave; 14H</p>', '2017-10-08 11:58:14', '40', -1, '#'),
(202, 1, 'L\'emploi du temp de la semaine du 09/10/2017 au 14/10/2017 est disponible. Le cours de Apprentissage des outils de bureautique a été programmé.', '2017-10-09 07:50:36', '2', 2, 'none'),
(203, 1, '<p><strong>SESS00917Z001</strong><br />APPRENTISSAGE DES OUTILS DE BUREAUTIQUE<br />Semaine du 2017-10-09 ~ jeudi de 11H &agrave; 14H</p>', '2017-10-13 06:15:44', '40', -1, '#'),
(204, 1, '<p>SESS01017Z001<br /><br />APPRENTISSAGE DES OUTILS DE BUREAUTIQUE<br /><br />Semaine du 2017-10-09 ~ vendredi de 14H &agrave; 17H</p>', '2017-10-14 22:29:43', '40', -1, '#'),
(205, 1, 'L\'emploi du temp de la semaine du 16/10/2017 au 21/10/2017 est disponible. Le cours de Apprentissage des outils de bureautique a été programmé.', '2017-10-15 18:34:53', '2', 2, 'none'),
(206, 1, 'Vous avez bien été inscrit', '2017-10-18 06:58:10', '42', -1, '#'),
(207, 1, 'Votre inscription a été enregistrée et validée.<br>Vous devez encore payer <b>5000</b> FCFA.', '2017-10-18 07:29:19', '42', -1, ''),
(208, 1, 'Bienvenue dans la plateforme MULTISOFT ACADEMY.', '2017-10-21 13:07:40', '43', -1, '#'),
(209, 1, 'Le planning d\'examen de la semaine du lundi 23/10/2017 au samedi 28/10/2017 est disponible.', '2017-10-23 06:50:51', '3', 0, 'trainerGate/examination/plannings'),
(210, 1, 'Le planning d\'examen de la semaine du lundi 23/10/2017 au samedi 28/10/2017 est disponible.', '2017-10-23 06:50:51', '6', 0, 'admin/examination/planning/all'),
(211, 1, 'Le planning d\'examen de la semaine du lundi 23/10/2017 au samedi 28/10/2017 est disponible.', '2017-10-23 06:50:51', '2', 2, 'studentGate/examination/plannings'),
(212, 1, 'Le planning d\'examen de la semaine du lundi 23/10/2017 au samedi 28/10/2017 est disponible.', '2017-10-23 06:50:51', '2', 3, 'studentGate/examination/plannings'),
(213, 1, 'Vous avez bien été inscrit', '2017-10-25 07:58:52', '44', -1, '#'),
(214, 1, 'Votre inscription a été enregistrée et validée.<br>Vous devez encore payer <b>45000</b> FCFA.', '2017-10-25 08:20:11', '44', -1, ''),
(215, 40, 'Des résultats d\'evaluations de la vague 17Z003 ont été enregistrés.', '2017-10-28 10:52:48', '6', 0, ''),
(216, 40, 'Des résultats d\'evaluations de la vague 17Z003 ont été enregistrés.', '2017-10-28 10:54:24', '6', 0, ''),
(217, 40, 'Des résultats d\'evaluations de la vague 17Z001 ont été enregistrés.', '2017-10-28 10:55:23', '6', 0, ''),
(218, 40, 'Des résultats d\'evaluations de la vague 17Z001 ont été enregistrés.', '2017-10-28 10:56:37', '6', 0, ''),
(219, 1, 'Vous avez bien été inscrit', '2017-10-29 09:33:45', '45', -1, '#'),
(220, 1, 'Votre inscription a été enregistrée et validée.<br>Vous devez encore payer <b>30000</b> FCFA.', '2017-10-29 09:34:21', '45', -1, ''),
(221, 1, 'Vous avez bien été inscrit', '2017-11-06 07:53:15', '46', -1, '#'),
(222, 1, 'Votre inscription a été enregistrée et validée.<br>Vous devez encore payer <b>5000</b> FCFA.', '2017-11-06 08:24:00', '46', -1, ''),
(223, 1, 'Vous avez bien été inscrit', '2017-11-06 10:40:45', '47', -1, '#'),
(224, 1, 'Votre inscription a été enregistrée et validée.<br>Vous devez encore payer <b>20000</b> FCFA.', '2017-11-06 10:41:12', '47', -1, ''),
(225, 1, 'L\'emploi du temp de la semaine du 06/11/2017 au 11/11/2017 est disponible. Le cours de Secrétariat bureautique a été programmé.', '2017-11-06 11:58:24', '2', 6, 'none'),
(226, 1, 'L\'emploi du temp de la semaine du 06/11/2017 au 11/11/2017 est disponible. Le cours de Comptabilité Informatisée et de Gestion a été programmé.', '2017-11-06 11:58:24', '2', 5, 'none'),
(227, 1, 'L\'emploi du temp de la semaine du 06/11/2017 au 11/11/2017 est disponible. Le cours de INITIATION à LA SAISIE ET AU TRAITEMENT DE TEXTE a été programmé.', '2017-11-06 11:58:24', '2', 4, 'none'),
(228, 1, 'L\'emploi du temp de la semaine du 06/11/2017 au 11/11/2017 est disponible. Le cours de INITIATION à LA SAISIE ET AU TRAITEMENT DE TEXTE a été programmé.', '2017-11-06 11:58:24', '2', 3, 'none'),
(229, 1, 'L\'emploi du temp de la semaine du 06/11/2017 au 11/11/2017 est disponible. Le cours de Secrétariat bureautique a été programmé.', '2017-11-06 12:04:30', '2', 6, 'none'),
(230, 1, 'L\'emploi du temp de la semaine du 06/11/2017 au 11/11/2017 est disponible. Le cours de Comptabilité Informatisée et de Gestion a été programmé.', '2017-11-06 12:04:30', '2', 5, 'none'),
(231, 1, 'L\'emploi du temp de la semaine du 06/11/2017 au 11/11/2017 est disponible. Le cours de INITIATION à LA SAISIE ET AU TRAITEMENT DE TEXTE a été programmé.', '2017-11-06 12:04:30', '2', 4, 'none'),
(232, 1, 'L\'emploi du temp de la semaine du 06/11/2017 au 11/11/2017 est disponible. Le cours de Apprentissage des outils de bureautique a été programmé.', '2017-11-06 12:04:30', '2', 2, 'none'),
(233, 1, 'Les résultats de la vague 17Z001 sont disponibles.', '2017-11-07 11:12:59', '6', 0, 'admin/examination/results/17Z001'),
(234, 1, 'Les résultats de la vague 17Z001 sont disponibles.', '2017-11-07 11:12:59', '5', 0, 'admin/examination/results/17Z001'),
(235, 1, 'Les résultats de la vague 17Z001 sont disponibles.', '2017-11-07 11:12:59', '3', 0, 'trainerGate/examination/results/17Z001'),
(236, 1, 'Les résultats de la vague 17Z001 sont disponibles.', '2017-11-07 11:12:59', '2', 2, 'studentGate/examination/results/17Z001'),
(237, 1, 'Les résultats de la vague 17Z001 sont disponibles.', '2017-11-07 11:13:02', '6', 0, 'admin/examination/results/17Z001'),
(238, 1, 'Les résultats de la vague 17Z001 sont disponibles.', '2017-11-07 11:13:02', '5', 0, 'admin/examination/results/17Z001'),
(239, 1, 'Les résultats de la vague 17Z001 sont disponibles.', '2017-11-07 11:13:02', '3', 0, 'trainerGate/examination/results/17Z001'),
(240, 1, 'Les résultats de la vague 17Z001 sont disponibles.', '2017-11-07 11:13:02', '2', 2, 'studentGate/examination/results/17Z001'),
(241, 1, 'Vous avez bien été inscrit', '2017-11-07 11:27:19', '48', -1, '#'),
(242, 1, 'Votre inscription a été enregistrée et validée.<br>', '2017-11-07 11:28:56', '48', -1, ''),
(243, 1, 'Les résultats de la vague 17Z003 sont disponibles.', '2017-11-07 12:11:02', '6', 0, 'admin/examination/results/17Z003'),
(244, 1, 'Les résultats de la vague 17Z003 sont disponibles.', '2017-11-07 12:11:02', '5', 0, 'admin/examination/results/17Z003'),
(245, 1, 'Les résultats de la vague 17Z003 sont disponibles.', '2017-11-07 12:11:02', '3', 0, 'trainerGate/examination/results/17Z003'),
(246, 1, 'Les résultats de la vague 17Z003 sont disponibles.', '2017-11-07 12:11:02', '2', 3, 'studentGate/examination/results/17Z003'),
(247, 1, 'Les résultats de la vague 17Z003 sont disponibles.', '2017-11-07 12:11:09', '6', 0, 'admin/examination/results/17Z003'),
(248, 1, 'Les résultats de la vague 17Z003 sont disponibles.', '2017-11-07 12:11:09', '5', 0, 'admin/examination/results/17Z003'),
(249, 1, 'Les résultats de la vague 17Z003 sont disponibles.', '2017-11-07 12:11:09', '3', 0, 'trainerGate/examination/results/17Z003'),
(250, 1, 'Les résultats de la vague 17Z003 sont disponibles.', '2017-11-07 12:11:09', '2', 3, 'studentGate/examination/results/17Z003'),
(251, 1, 'Vous avez bien été inscrit', '2017-11-07 12:45:58', '49', -1, '#'),
(252, 1, 'Votre inscription a été enregistrée et validée.<br>Vous devez encore payer <b>50000</b> FCFA.', '2017-11-07 12:46:20', '49', -1, ''),
(253, 1, 'Votre promotion(17Z003) est achevée.', '2017-11-07 14:26:53', '2', 3, ''),
(254, 1, 'Vous avez bien été inscrit', '2017-11-09 13:25:39', '50', -1, '#'),
(255, 1, 'Vous avez un nouveau statut: Formateur.', '2017-11-09 13:25:39', '50', -1, '#'),
(256, 1, 'Vous avez avez été aloué l\'enseignement ALGORITHMES ET PROGRAMMATION (C, C++, JAVA, PASCAL).', '2017-11-09 13:39:09', '50', -1, '#'),
(257, 1, 'Le planning d\'examen de la semaine du lundi 06/11/2017 au samedi 11/11/2017 est disponible.', '2017-11-10 08:24:24', '3', 0, 'trainerGate/examination/plannings'),
(258, 1, 'Le planning d\'examen de la semaine du lundi 06/11/2017 au samedi 11/11/2017 est disponible.', '2017-11-10 08:24:24', '6', 0, 'admin/examination/planning/all'),
(259, 1, 'Le planning d\'examen de la semaine du lundi 06/11/2017 au samedi 11/11/2017 est disponible.', '2017-11-10 08:24:24', '2', 2, 'studentGate/examination/plannings'),
(260, 33, 'Des résultats d\'evaluations de la vague 17Z001 ont été enregistrés.', '2017-11-10 13:47:52', '6', 0, ''),
(261, 1, 'Les résultats de la vague 17Z001 sont disponibles.', '2017-11-10 13:49:08', '6', 0, 'admin/examination/results/17Z001'),
(262, 1, 'Les résultats de la vague 17Z001 sont disponibles.', '2017-11-10 13:49:08', '5', 0, 'admin/examination/results/17Z001'),
(263, 1, 'Les résultats de la vague 17Z001 sont disponibles.', '2017-11-10 13:49:08', '3', 0, 'trainerGate/examination/results/17Z001'),
(264, 1, 'Les résultats de la vague 17Z001 sont disponibles.', '2017-11-10 13:49:08', '2', 2, 'studentGate/examination/results/17Z001'),
(265, 1, 'Votre promotion(17Z001) est achevée.', '2017-11-10 13:50:47', '2', 2, ''),
(266, 1, 'Bienvenue dans la plateforme MULTISOFT ACADEMY.', '2017-11-11 11:34:06', '51', -1, '#'),
(267, 1, 'Vous avez bien été inscrit', '2017-11-11 12:01:59', '52', -1, '#'),
(268, 1, 'Votre inscription a été enregistrée et validée.<br>Vous devez encore payer <b>40000</b> FCFA.', '2017-11-11 12:02:38', '52', -1, ''),
(269, 1, 'Bienvenue dans la plateforme MULTISOFT ACADEMY.', '2017-11-11 12:10:22', '53', -1, '#'),
(270, 1, 'L\'emploi du temp de la semaine du 13/11/2017 au 18/11/2017 est disponible. Le cours de INITIATION à LA SAISIE ET AU TRAITEMENT DE TEXTE a été programmé.', '2017-11-11 13:08:25', '2', 4, 'none'),
(271, 1, 'L\'emploi du temp de la semaine du 13/11/2017 au 18/11/2017 est disponible. Le cours de ALGORITHMES ET PROGRAMMATION (C, C++, JAVA, PASCAL) a été programmé.', '2017-11-11 13:08:25', '2', 7, 'none'),
(272, 1, 'L\'emploi du temp de la semaine du 13/11/2017 au 18/11/2017 est disponible. Le cours de Secrétariat bureautique a été programmé.', '2017-11-11 13:08:25', '2', 6, 'none'),
(273, 1, 'L\'emploi du temp de la semaine du 13/11/2017 au 18/11/2017 est disponible. Le cours de Comptabilité Informatisée et de Gestion a été programmé.', '2017-11-11 13:08:25', '2', 5, 'none'),
(274, 1, 'L\'emploi du temp de la semaine du 13/11/2017 au 18/11/2017 est disponible. Le cours de Réseaux informatiques et Administration a été programmé.', '2017-11-11 13:08:25', '2', 8, 'none'),
(275, 1, 'Vous avez bien été inscrit', '2017-11-19 14:59:55', '54', -1, '#'),
(276, 1, 'Votre inscription a été enregistrée et validée.<br>Vous devez encore payer <b>25000</b> FCFA.', '2017-11-19 15:00:32', '54', -1, ''),
(277, 1, 'L\'emploi du temp de la semaine du 20/11/2017 au 25/11/2017 est disponible. Le cours de CREATION DE SITE WEB AVEC HTML ET CSS a été programmé.', '2017-11-19 16:08:29', '2', 9, 'none'),
(278, 1, 'L\'emploi du temp de la semaine du 20/11/2017 au 25/11/2017 est disponible. Le cours de ALGORITHMES ET PROGRAMMATION (C, C++, JAVA, PASCAL) a été programmé.', '2017-11-19 16:08:29', '2', 7, 'none'),
(279, 1, 'L\'emploi du temp de la semaine du 20/11/2017 au 25/11/2017 est disponible. Le cours de Secrétariat bureautique a été programmé.', '2017-11-19 16:08:29', '2', 6, 'none'),
(280, 1, 'L\'emploi du temp de la semaine du 20/11/2017 au 25/11/2017 est disponible. Le cours de Comptabilité Informatisée et de Gestion a été programmé.', '2017-11-19 16:08:29', '2', 5, 'none'),
(281, 1, 'L\'emploi du temp de la semaine du 20/11/2017 au 25/11/2017 est disponible. Le cours de Réseaux informatiques et Administration a été programmé.', '2017-11-19 16:08:29', '2', 8, 'none'),
(282, 1, 'Une réponse a été ajouté par KAKANOU dans le sujet intitulé <b><< Installation de WINDEV >></b>; Cliquez-ici pour la consulter.', '2017-11-20 19:24:08', '1', 0, 'http://www.msacad.com/forum/sujet/installation-de-windev--4#2'),
(283, 1, 'Votre inscription a été enregistrée et validée.<br>Vous devez encore payer <b>25000</b> FCFA.', '2017-11-24 11:34:32', '54', -1, ''),
(284, 1, 'Votre inscription a été enregistrée et validée.<br>Vous devez encore payer <b>30000</b> FCFA.', '2017-11-24 11:46:33', '53', -1, ''),
(285, 1, 'L\'emploi du temp de la semaine du 27/11/2017 au 02/12/2017 est disponible. Le cours de ALGORITHMES ET PROGRAMMATION (C, C++, JAVA, PASCAL,PYTHON) a été programmé.', '2017-11-25 08:48:38', '2', 7, 'none'),
(286, 1, 'L\'emploi du temp de la semaine du 27/11/2017 au 02/12/2017 est disponible. Le cours de CREATION DE SITE WEB AVEC HTML ET CSS a été programmé.', '2017-11-25 08:48:38', '2', 9, 'none'),
(287, 1, 'L\'emploi du temp de la semaine du 27/11/2017 au 02/12/2017 est disponible. Le cours de Réseaux informatiques et Cablâge a été programmé.', '2017-11-25 08:48:38', '2', 8, 'none'),
(288, 1, 'Vous avez bien été inscrit', '2017-12-02 08:56:07', '55', -1, '#'),
(289, 1, 'Votre inscription a été enregistrée et validée.<br>Vous devez encore payer <b>20000</b> FCFA.', '2017-12-02 08:56:21', '55', -1, ''),
(290, 1, 'L\'emploi du temp de la semaine du 04/12/2017 au 09/12/2017 est disponible. Le cours de CREATION DE SITE WEB AVEC HTML ET CSS a été programmé.', '2017-12-03 12:24:54', '2', 9, 'none'),
(291, 1, 'L\'emploi du temp de la semaine du 04/12/2017 au 09/12/2017 est disponible. Le cours de ALGORITHMES ET PROGRAMMATION (C, C++, JAVA, PASCAL,PYTHON) a été programmé.', '2017-12-03 12:24:54', '2', 7, 'none'),
(292, 1, 'L\'emploi du temp de la semaine du 04/12/2017 au 09/12/2017 est disponible. Le cours de MAINTENANCE INFORMATIQUE AVANCéE a été programmé.', '2017-12-03 12:24:54', '2', 10, 'none'),
(293, 1, 'L\'emploi du temp de la semaine du 04/12/2017 au 09/12/2017 est disponible. Le cours de Secrétariat bureautique a été programmé.', '2017-12-03 12:24:54', '2', 6, 'none'),
(294, 1, 'L\'emploi du temp de la semaine du 04/12/2017 au 09/12/2017 est disponible. Le cours de Comptabilité Informatisée et de Gestion a été programmé.', '2017-12-03 12:24:54', '2', 5, 'none'),
(295, 1, 'Vous avez bien été inscrit', '2017-12-04 13:48:37', '56', -1, '#'),
(296, 1, 'Votre inscription a été enregistrée et validée.<br>', '2017-12-04 13:48:52', '56', -1, ''),
(297, 1, 'Votre inscription a été enregistrée et validée.<br>Vous devez encore payer <b>45000</b> FCFA.', '2017-12-04 14:07:52', '56', -1, ''),
(298, 1, 'Une réponse a été ajouté par NGOUNOU dans le sujet intitulé <b><< Installation de WINDEV >></b>; Cliquez-ici pour la consulter.', '2017-12-04 14:48:44', '1', 0, 'http://www.msacad.com/forum/sujet/installation-de-windev--4#3'),
(299, 1, 'Le planning d\'examen de la semaine du lundi 11/12/2017 au samedi 16/12/2017 est disponible.', '2017-12-07 18:34:24', '3', 0, 'trainerGate/examination/plannings'),
(300, 1, 'Le planning d\'examen de la semaine du lundi 11/12/2017 au samedi 16/12/2017 est disponible.', '2017-12-07 18:34:24', '6', 0, 'admin/examination/planning/all'),
(301, 1, 'Le planning d\'examen de la semaine du lundi 11/12/2017 au samedi 16/12/2017 est disponible.', '2017-12-07 18:34:24', '2', 4, 'studentGate/examination/plannings'),
(302, 1, 'Le planning d\'examen de la semaine du lundi 11/12/2017 au samedi 16/12/2017 est disponible.', '2017-12-07 18:34:24', '2', 6, 'studentGate/examination/plannings'),
(303, 1, 'Le planning d\'examen de la semaine du lundi 11/12/2017 au samedi 16/12/2017 est disponible.', '2017-12-07 18:34:24', '2', 7, 'studentGate/examination/plannings'),
(304, 1, 'Le planning d\'examen de la semaine du lundi 11/12/2017 au samedi 16/12/2017 est disponible.', '2017-12-07 18:34:24', '2', 9, 'studentGate/examination/plannings'),
(305, 1, 'L\'emploi du temp de la semaine du 11/12/2017 au 16/12/2017 est disponible. Le cours de ALGORITHMES ET PROGRAMMATION (C, C++, JAVA, PASCAL,PYTHON) a été programmé.', '2017-12-10 20:29:19', '2', 7, 'none'),
(306, 1, 'L\'emploi du temp de la semaine du 11/12/2017 au 16/12/2017 est disponible. Le cours de Secrétariat bureautique a été programmé.', '2017-12-10 20:29:19', '2', 6, 'none'),
(307, 1, 'L\'emploi du temp de la semaine du 11/12/2017 au 16/12/2017 est disponible. Le cours de Comptabilité Informatisée et de Gestion a été programmé.', '2017-12-10 20:29:19', '2', 5, 'none'),
(308, 1, 'L\'emploi du temp de la semaine du 11/12/2017 au 16/12/2017 est disponible. Le cours de MAINTENANCE INFORMATIQUE AVANCéE a été programmé.', '2017-12-10 20:29:19', '2', 10, 'none'),
(309, 1, 'L\'emploi du temp de la semaine du 11/12/2017 au 16/12/2017 est disponible. Le cours de CREATION DE SITE WEB AVEC HTML ET CSS a été programmé.', '2017-12-10 20:29:19', '2', 9, 'none'),
(310, 1, 'L\'emploi du temp de la semaine du 11/12/2017 au 16/12/2017 est disponible. Le cours de Réseaux informatiques et Cablâge a été programmé.', '2017-12-10 20:29:19', '2', 8, 'none'),
(311, 1, 'Vous avez bien été inscrit', '2017-12-11 11:13:15', '57', -1, '#'),
(312, 1, 'Votre inscription a été enregistrée et validée.<br>Vous devez encore payer <b>25000</b> FCFA.', '2017-12-11 11:13:32', '57', -1, ''),
(313, 1, 'Vous avez bien été inscrit', '2017-12-12 13:39:48', '58', -1, '#'),
(314, 1, 'Votre inscription a été enregistrée et validée.<br>Vous devez encore payer <b>38000</b> FCFA.', '2017-12-12 13:41:37', '58', -1, ''),
(315, 1, 'Votre inscription <b>N° TICF171216N023 </b>a été enregistrée. Passez au Centre de Formation pour la valider en payant au moins une tranche des frais de formation avant le 2017-12-17', '2017-12-16 01:12:16', '21', -1, ''),
(316, 1, '<p>Nouveau model d&#39;&eacute;preuve pour &eacute;valuation dans votre panel formateur</p>', '2017-12-16 19:48:56', '50', -1, '#'),
(317, 1, '<p>Nouveau model d&#39;&eacute;preuve pour &eacute;valuation dans votre panel formateur</p>', '2017-12-16 19:49:09', '31', -1, '#'),
(318, 1, '<p>Nouveau model d&#39;&eacute;preuve pour &eacute;valuation dans votre panel formateur</p>', '2017-12-16 19:49:27', '32', -1, '#'),
(319, 1, '<p>Nouveau model d&#39;&eacute;preuve pour &eacute;valuation dans votre panel formateur</p>', '2017-12-16 19:49:39', '33', -1, '#'),
(320, 1, 'L\'emploi du temp de la semaine du 18/12/2017 au 23/12/2017 est disponible. Le cours de ALGORITHMES ET PROGRAMMATION (C, C++, JAVA, PASCAL,PYTHON) a été programmé.', '2017-12-18 09:37:12', '2', 7, 'none'),
(321, 1, 'L\'emploi du temp de la semaine du 18/12/2017 au 23/12/2017 est disponible. Le cours de CREATION DE SITE WEB AVEC HTML ET CSS a été programmé.', '2017-12-18 09:37:12', '2', 9, 'none'),
(322, 1, 'L\'emploi du temp de la semaine du 18/12/2017 au 23/12/2017 est disponible. Le cours de Réseaux informatiques et Cablâge a été programmé.', '2017-12-18 09:37:12', '2', 8, 'none'),
(323, 1, 'L\'emploi du temp de la semaine du 18/12/2017 au 23/12/2017 est disponible. Le cours de Secrétariat bureautique a été programmé.', '2017-12-18 09:37:12', '2', 12, 'none'),
(324, 1, 'L\'emploi du temp de la semaine du 18/12/2017 au 23/12/2017 est disponible. Le cours de Comptabilité Informatisée et de Gestion a été programmé.', '2017-12-18 09:37:12', '2', 5, 'none'),
(325, 1, 'L\'emploi du temp de la semaine du 18/12/2017 au 23/12/2017 est disponible. Le cours de Secrétariat bureautique a été programmé.', '2017-12-18 09:37:12', '2', 6, 'none'),
(326, 1, 'Le planning d\'examen de la semaine du lundi 18/12/2017 au samedi 23/12/2017 est disponible.', '2017-12-18 20:32:52', '3', 0, 'trainerGate/examination/plannings'),
(327, 1, 'Le planning d\'examen de la semaine du lundi 18/12/2017 au samedi 23/12/2017 est disponible.', '2017-12-18 20:32:52', '6', 0, 'admin/examination/planning/all'),
(328, 1, 'Le planning d\'examen de la semaine du lundi 18/12/2017 au samedi 23/12/2017 est disponible.', '2017-12-18 20:32:52', '2', 4, 'studentGate/examination/plannings'),
(329, 1, 'Le planning d\'examen de la semaine du lundi 18/12/2017 au samedi 23/12/2017 est disponible.', '2017-12-18 20:32:52', '2', 6, 'studentGate/examination/plannings'),
(330, 1, 'Le planning d\'examen de la semaine du lundi 18/12/2017 au samedi 23/12/2017 est disponible.', '2017-12-18 20:32:52', '2', 7, 'studentGate/examination/plannings'),
(331, 1, 'Le planning d\'examen de la semaine du lundi 18/12/2017 au samedi 23/12/2017 est disponible.', '2017-12-18 20:32:52', '2', 9, 'studentGate/examination/plannings'),
(332, 1, 'Vous avez bien été inscrit', '2017-12-19 04:07:23', '59', -1, '#'),
(333, 1, 'Vous avez un nouveau statut: Formateur.', '2017-12-19 04:07:23', '59', -1, '#'),
(334, 1, 'Vous avez avez été aloué l\'enseignement MAINTENANCE INFORMATIQUE AVANCÉE.', '2017-12-19 12:14:57', '33', -1, '#'),
(335, 33, 'Des résultats d\'evaluations de la vague 17Z010 ont été enregistrés.', '2017-12-19 12:15:50', '6', 0, ''),
(336, 33, 'Des résultats d\'evaluations de la vague 17Z010 ont été enregistrés.', '2017-12-19 12:24:52', '6', 0, ''),
(337, 33, 'Des résultats d\'evaluations de la vague 17Z010 ont été modifiés.', '2017-12-19 12:25:35', '6', 0, ''),
(338, 33, 'Des résultats d\'evaluations de la vague 17Z010 ont été modifiés.', '2017-12-19 12:25:56', '6', 0, ''),
(339, 33, 'Des résultats d\'evaluations de la vague 17Z010 ont été modifiés.', '2017-12-19 12:26:13', '6', 0, ''),
(340, 33, 'Des résultats d\'evaluations de la vague 17Z010 ont été enregistrés.', '2017-12-19 13:24:31', '6', 0, ''),
(341, 33, 'Des résultats d\'evaluations de la vague 17Z010 ont été enregistrés.', '2017-12-19 13:29:26', '6', 0, ''),
(342, 33, 'Des résultats d\'evaluations de la vague 17Z010 ont été enregistrés.', '2017-12-19 13:49:15', '6', 0, ''),
(343, 33, 'Des résultats d\'evaluations de la vague 17Z010 ont été modifiés.', '2017-12-19 13:50:04', '6', 0, ''),
(344, 33, 'Des résultats d\'evaluations de la vague 17Z010 ont été enregistrés.', '2017-12-19 13:50:41', '6', 0, ''),
(345, 50, 'Des résultats d\'evaluations de la vague 17Z007 ont été enregistrés.', '2017-12-21 06:40:46', '6', 0, ''),
(346, 1, 'Vous avez avez été aloué l\'enseignement RÉSEAUX INFORMATIQUES ET CABLÂGE.', '2017-12-22 08:20:02', '59', -1, '#'),
(347, 1, 'Une réponse a été ajouté par MULTISOFT dans le sujet intitulé <b><< Installation de WINDEV >></b>; Cliquez-ici pour la consulter.', '2017-12-24 05:33:28', '1', 0, 'http://www.msacad.com/forum/sujet/installation-de-windev--4#4'),
(348, 1, 'Vous avez avez été aloué l\'enseignement RÉSEAUX INFORMATIQUES ET CABLÂGE.', '2017-12-24 17:43:19', '33', -1, '#'),
(349, 59, 'Des résultats d\'evaluations de la vague 17Z008 ont été enregistrés.', '2017-12-24 17:46:17', '6', 0, ''),
(350, 59, 'Des résultats d\'evaluations de la vague 17Z008 ont été enregistrés.', '2017-12-24 17:47:18', '6', 0, ''),
(351, 1, 'L\'emploi du temp de la semaine du 25/12/2017 au 30/12/2017 est disponible. Le cours de Secrétariat bureautique a été programmé.', '2017-12-26 05:07:50', '2', 12, 'none'),
(352, 1, 'L\'emploi du temp de la semaine du 25/12/2017 au 30/12/2017 est disponible. Le cours de ALGORITHMES ET PROGRAMMATION (C, C++, JAVA, PASCAL,PYTHON) a été programmé.', '2017-12-26 05:07:50', '2', 7, 'none'),
(353, 1, 'L\'emploi du temp de la semaine du 25/12/2017 au 30/12/2017 est disponible. Le cours de Réseaux informatiques et Cablâge a été programmé.', '2017-12-26 05:07:50', '2', 11, 'none'),
(354, 1, 'L\'emploi du temp de la semaine du 25/12/2017 au 30/12/2017 est disponible. Le cours de INITIATION à LA SAISIE ET AU TRAITEMENT DE TEXTE a été programmé.', '2017-12-26 05:07:50', '2', 4, 'none'),
(355, 33, 'Des résultats d\'evaluations de la vague 17Z006 ont été enregistrés.', '2017-12-26 11:40:13', '6', 0, ''),
(356, 1, 'Vous avez avez été aloué l\'enseignement CREATION DE SITE WEB AVEC HTML ET CSS.', '2017-12-26 11:41:36', '33', -1, '#'),
(357, 1, 'Vous avez avez été aloué l\'enseignement COMPTABILITÉ INFORMATISÉE ET DE GESTION.', '2017-12-26 11:42:02', '33', -1, '#'),
(358, 33, 'Des résultats d\'evaluations de la vague 17Z005 ont été enregistrés.', '2017-12-26 11:44:19', '6', 0, ''),
(359, 33, 'Des résultats d\'evaluations de la vague 17Z005 ont été enregistrés.', '2017-12-26 11:45:34', '6', 0, ''),
(360, 33, 'Des résultats d\'evaluations de la vague 17Z009 ont été enregistrés.', '2017-12-26 11:46:47', '6', 0, ''),
(361, 33, 'Des résultats d\'evaluations de la vague 17Z009 ont été enregistrés.', '2017-12-26 11:46:58', '6', 0, ''),
(362, 33, 'Des résultats d\'evaluations de la vague 17Z009 ont été enregistrés.', '2017-12-26 11:47:25', '6', 0, ''),
(363, 1, 'Vous avez bien été inscrit', '2017-12-30 08:38:11', '60', -1, '#'),
(364, 1, 'Votre inscription a été enregistrée et validée.<br>Vous devez encore payer <b>38500</b> FCFA.', '2017-12-30 08:48:25', '60', -1, ''),
(365, 1, 'Les résultats de la vague 17Z010 sont disponibles.', '2017-12-30 09:43:20', '6', 0, 'admin/examination/results/17Z010'),
(366, 1, 'Les résultats de la vague 17Z010 sont disponibles.', '2017-12-30 09:43:20', '5', 0, 'admin/examination/results/17Z010'),
(367, 1, 'Les résultats de la vague 17Z010 sont disponibles.', '2017-12-30 09:43:20', '3', 0, 'trainerGate/examination/results/17Z010'),
(368, 1, 'Les résultats de la vague 17Z010 sont disponibles.', '2017-12-30 09:43:20', '2', 10, 'studentGate/examination/results/17Z010'),
(369, 1, 'Votre promotion(17Z010) est achevée.', '2017-12-30 09:47:09', '2', 10, ''),
(370, 1, 'L\'emploi du temp de la semaine du 01/01/2018 au 06/01/2018 est disponible. Le cours de Réseaux informatiques et Cablâge a été programmé.', '2018-01-02 09:28:56', '2', 11, 'none'),
(371, 1, 'L\'emploi du temp de la semaine du 01/01/2018 au 06/01/2018 est disponible. Le cours de Secrétariat bureautique a été programmé.', '2018-01-02 09:28:56', '2', 12, 'none'),
(372, 1, 'Vous avez bien été inscrit', '2018-01-09 10:51:48', '61', -1, '#'),
(373, 1, 'Votre inscription a été enregistrée et validée.<br>Vous devez encore payer <b>15000</b> FCFA.', '2018-01-09 10:52:49', '61', -1, ''),
(374, 1, 'Vous avez bien été inscrit', '2018-01-11 11:12:48', '62', -1, '#'),
(375, 1, 'Votre inscription a été enregistrée et validée.<br>Vous devez encore payer <b>40000</b> FCFA.', '2018-01-11 11:13:30', '62', -1, ''),
(376, 1, 'Votre inscription a été enregistrée et validée.<br>Vous devez encore payer <b>40000</b> FCFA.', '2018-01-11 11:16:29', '62', -1, ''),
(377, 1, 'Vous avez bien été inscrit', '2018-01-11 11:24:27', '63', -1, '#'),
(378, 1, 'Votre inscription a été enregistrée et validée.<br>Vous devez encore payer <b>10000</b> FCFA.', '2018-01-11 11:35:30', '63', -1, ''),
(379, 1, 'L\'emploi du temp de la semaine du 08/01/2018 au 13/01/2018 est disponible. Le cours de Secrétariat bureautique a été programmé.', '2018-01-13 09:39:55', '2', 6, 'none'),
(380, 1, 'L\'emploi du temp de la semaine du 08/01/2018 au 13/01/2018 est disponible. Le cours de Secrétariat bureautique a été programmé.', '2018-01-13 09:39:55', '2', 13, 'none'),
(381, 1, 'L\'emploi du temp de la semaine du 08/01/2018 au 13/01/2018 est disponible. Le cours de Réseaux informatiques et Cablâge a été programmé.', '2018-01-13 09:39:55', '2', 11, 'none'),
(382, 33, 'Des résultats d\'evaluations de la vague 17Z004 ont été enregistrés.', '2018-01-15 11:59:51', '6', 0, ''),
(383, 33, 'Des résultats d\'evaluations de la vague 17Z004 ont été enregistrés.', '2018-01-15 12:01:23', '6', 0, ''),
(384, 33, 'Des résultats d\'evaluations de la vague 17Z004 ont été modifiés.', '2018-01-15 12:01:37', '6', 0, ''),
(385, 1, 'Vous avez bien été inscrit', '2018-01-19 11:08:16', '64', -1, '#'),
(386, 1, 'Votre inscription a été enregistrée et validée.<br>Vous devez encore payer <b>25000</b> FCFA.', '2018-01-19 11:08:47', '64', -1, ''),
(387, 33, 'Des résultats d\'evaluations de la vague 17Z004 ont été modifiés.', '2018-01-21 10:30:37', '6', 0, ''),
(388, 33, 'Des résultats d\'evaluations de la vague 17Z004 ont été modifiés.', '2018-01-21 11:04:22', '6', 0, ''),
(389, 33, 'Des résultats d\'evaluations de la vague 17Z004 ont été modifiés.', '2018-01-21 11:27:46', '6', 0, ''),
(390, 33, 'Des résultats d\'evaluations de la vague 17Z004 ont été modifiés.', '2018-01-21 11:28:42', '6', 0, ''),
(391, 33, 'Des résultats d\'evaluations de la vague 17Z004 ont été modifiés.', '2018-01-21 14:05:43', '6', 0, ''),
(392, 1, 'L\'emploi du temp de la semaine du 22/01/2018 au 27/01/2018 est disponible. Le cours de Secrétariat bureautique a été programmé.', '2018-01-21 14:25:42', '2', 12, 'none'),
(393, 1, 'L\'emploi du temp de la semaine du 22/01/2018 au 27/01/2018 est disponible. Le cours de ALGORITHMES ET PROGRAMMATION (C, C++, JAVA, PASCAL,PYTHON) a été programmé.', '2018-01-21 14:25:42', '2', 7, 'none'),
(394, 1, 'L\'emploi du temp de la semaine du 22/01/2018 au 27/01/2018 est disponible. Le cours de Secrétariat bureautique a été programmé.', '2018-01-21 14:25:42', '2', 13, 'none'),
(395, 1, 'L\'emploi du temp de la semaine du 22/01/2018 au 27/01/2018 est disponible. Le cours de CREATION DE SITE WEB AVEC HTML ET CSS a été programmé.', '2018-01-21 14:25:42', '2', 9, 'none'),
(396, 1, 'L\'emploi du temp de la semaine du 22/01/2018 au 27/01/2018 est disponible. Le cours de Réseaux informatiques et Cablâge a été programmé.', '2018-01-21 14:25:42', '2', 11, 'none'),
(397, 1, 'Vous avez bien été inscrit', '2018-01-21 15:01:19', '65', -1, '#'),
(398, 1, 'Vous avez un nouveau statut: Formateur.', '2018-01-21 15:01:19', '65', -1, '#'),
(399, 1, 'Vous avez avez été aloué l\'enseignement SECRÉTARIAT BUREAUTIQUE.', '2018-01-21 15:01:50', '65', -1, '#'),
(400, 1, 'Vous avez avez été aloué l\'enseignement RÉSEAUX INFORMATIQUES ET CABLÂGE.', '2018-01-21 15:02:11', '65', -1, '#'),
(401, 1, 'Vous avez bien été inscrit', '2018-01-21 15:15:58', '66', -1, '#'),
(402, 1, 'Vous avez un nouveau statut: Formateur.', '2018-01-21 15:15:58', '66', -1, '#'),
(403, 1, 'Vous avez avez été aloué l\'enseignement SECRÉTARIAT BUREAUTIQUE.', '2018-01-21 15:17:40', '66', -1, '#'),
(404, 1, 'Vous avez avez été aloué l\'enseignement CREATION DE SITE WEB AVEC HTML ET CSS.', '2018-01-21 15:18:08', '66', -1, '#');
INSERT INTO `notification` (`id`, `sender`, `content`, `send_date`, `target`, `promotion`, `url`) VALUES
(405, 66, 'Votre profil a été modifié avec succès.', '2018-01-21 15:33:38', '66', -1, 'https://www.msacad.com/admin/loggedUserProfile66'),
(406, 1, 'L\'emploi du temp de la semaine du 29/01/2018 au 03/02/2018 est disponible. Le cours de Secrétariat bureautique a été programmé.', '2018-01-28 19:14:58', '2', 12, 'none'),
(407, 1, 'L\'emploi du temp de la semaine du 29/01/2018 au 03/02/2018 est disponible. Le cours de ALGORITHMES ET PROGRAMMATION (C, C++, JAVA, PASCAL,PYTHON) a été programmé.', '2018-01-28 19:14:58', '2', 7, 'none'),
(408, 1, 'L\'emploi du temp de la semaine du 29/01/2018 au 03/02/2018 est disponible. Le cours de Secrétariat bureautique a été programmé.', '2018-01-28 19:14:58', '2', 13, 'none'),
(409, 1, 'L\'emploi du temp de la semaine du 29/01/2018 au 03/02/2018 est disponible. Le cours de INITIATION à LA SAISIE ET AU TRAITEMENT DE TEXTE a été programmé.', '2018-01-28 19:14:58', '2', 4, 'none'),
(410, 1, 'Bienvenue dans la plateforme MULTISOFT ACADEMY.', '2018-01-29 17:23:06', '67', -1, '#'),
(411, 1, 'Nouveau sujet << Qu\'entend t-on par pao >> ajouté dans le forum  par KAKANOU dans la catégorie <b><< PRÉSENTATION ASSISTÉE PAR ORDINATEUR >></b>; peut-être voudriez-vous l\'aider.', '2018-01-30 10:45:28', '1', 0, 'https://www.msacad.com/forum/sujet/quentend-t-on-par-pao--5'),
(412, 1, 'L\'emploi du temp de la semaine du 05/02/2018 au 10/02/2018 est disponible. Le cours de Secrétariat bureautique a été programmé.', '2018-02-04 18:24:56', '2', 6, 'none'),
(413, 1, 'L\'emploi du temp de la semaine du 05/02/2018 au 10/02/2018 est disponible. Le cours de Secrétariat bureautique a été programmé.', '2018-02-04 18:24:56', '2', 12, 'none'),
(414, 1, 'L\'emploi du temp de la semaine du 05/02/2018 au 10/02/2018 est disponible. Le cours de Réseaux informatiques et Cablâge a été programmé.', '2018-02-04 18:24:56', '2', 11, 'none'),
(415, 1, 'L\'emploi du temp de la semaine du 05/02/2018 au 10/02/2018 est disponible. Le cours de ALGORITHMES ET PROGRAMMATION (C, C++, JAVA, PASCAL,PYTHON) a été programmé.', '2018-02-04 18:24:56', '2', 7, 'none'),
(416, 1, 'L\'emploi du temp de la semaine du 05/02/2018 au 10/02/2018 est disponible. Le cours de Secrétariat bureautique a été programmé.', '2018-02-04 18:24:56', '2', 13, 'none'),
(417, 1, 'L\'emploi du temp de la semaine du 05/02/2018 au 10/02/2018 est disponible. Le cours de CREATION DE SITE WEB AVEC HTML ET CSS a été programmé.', '2018-02-04 18:24:56', '2', 9, 'none'),
(418, 1, 'Vous avez bien été inscrit', '2018-02-05 08:47:15', '68', -1, '#'),
(419, 1, 'Votre inscription a été enregistrée et validée.<br>', '2018-02-05 08:47:39', '68', -1, ''),
(420, 1, 'Vous avez avez été aloué l\'enseignement PROGRAMMATION EXCEL.', '2018-02-05 09:00:17', '66', -1, '#'),
(421, 1, 'Votre promotion(17Z004) est achevée.', '2018-02-05 09:12:36', '2', 4, ''),
(422, 1, 'Vous avez bien été inscrit', '2018-02-06 09:57:02', '69', -1, '#'),
(423, 1, 'Votre inscription a été enregistrée et validée.<br>', '2018-02-06 10:02:46', '69', -1, ''),
(424, 66, 'Des résultats d\'evaluations de la vague 18Z015 ont été enregistrés.', '2018-02-06 13:57:50', '6', 0, ''),
(425, 66, 'Des résultats d\'evaluations de la vague 18Z015 ont été enregistrés.', '2018-02-06 13:58:37', '6', 0, ''),
(426, 1, 'Les résultats de la vague 18Z015 sont disponibles.', '2018-02-06 14:13:13', '6', 0, 'admin/examination/results/18Z015'),
(427, 1, 'Les résultats de la vague 18Z015 sont disponibles.', '2018-02-06 14:13:13', '5', 0, 'admin/examination/results/18Z015'),
(428, 1, 'Les résultats de la vague 18Z015 sont disponibles.', '2018-02-06 14:13:13', '3', 0, 'trainerGate/examination/results/18Z015'),
(429, 1, 'Les résultats de la vague 18Z015 sont disponibles.', '2018-02-06 14:13:13', '2', 15, 'studentGate/examination/results/18Z015'),
(430, 1, 'Votre promotion(18Z015) est achevée.', '2018-02-06 14:15:52', '2', 15, ''),
(431, 33, 'Des résultats d\'evaluations de la vague 17Z006 ont été enregistrés.', '2018-02-06 21:05:36', '6', 0, ''),
(432, 1, 'Les résultats de la vague 17Z004 sont disponibles.', '2018-02-08 11:53:18', '6', 0, 'admin/examination/results/17Z004'),
(433, 1, 'Les résultats de la vague 17Z004 sont disponibles.', '2018-02-08 11:53:18', '5', 0, 'admin/examination/results/17Z004'),
(434, 1, 'Les résultats de la vague 17Z004 sont disponibles.', '2018-02-08 11:53:18', '3', 0, 'trainerGate/examination/results/17Z004'),
(435, 1, 'Les résultats de la vague 17Z004 sont disponibles.', '2018-02-08 11:53:18', '2', 4, 'studentGate/examination/results/17Z004'),
(436, 33, 'Des résultats d\'evaluations de la vague 17Z012 ont été enregistrés.', '2018-02-09 08:53:29', '6', 0, ''),
(437, 1, 'L\'emploi du temp de la semaine du 12/02/2018 au 17/02/2018 est disponible. Le cours de Secrétariat bureautique a été programmé.', '2018-02-11 22:01:48', '2', 12, 'none'),
(438, 1, 'L\'emploi du temp de la semaine du 12/02/2018 au 17/02/2018 est disponible. Le cours de Secrétariat bureautique a été programmé.', '2018-02-11 22:01:48', '2', 16, 'none'),
(439, 1, 'L\'emploi du temp de la semaine du 12/02/2018 au 17/02/2018 est disponible. Le cours de Secrétariat bureautique a été programmé.', '2018-02-11 22:01:48', '2', 13, 'none'),
(440, 1, 'L\'emploi du temp de la semaine du 12/02/2018 au 17/02/2018 est disponible. Le cours de ALGORITHMES ET PROGRAMMATION (C, C++, JAVA, PASCAL,PYTHON) a été programmé.', '2018-02-11 22:01:48', '2', 7, 'none'),
(441, 1, 'L\'emploi du temp de la semaine du 12/02/2018 au 17/02/2018 est disponible. Le cours de Réseaux informatiques et Cablâge a été programmé.', '2018-02-11 22:01:48', '2', 11, 'none'),
(442, 1, 'L\'emploi du temp de la semaine du 12/02/2018 au 17/02/2018 est disponible. Le cours de Secrétariat bureautique a été programmé.', '2018-02-11 22:01:48', '2', 6, 'none'),
(443, 1, 'L\'emploi du temp de la semaine du 12/02/2018 au 17/02/2018 est disponible. Le cours de CREATION DE SITE WEB AVEC HTML ET CSS a été programmé.', '2018-02-11 22:01:48', '2', 9, 'none'),
(444, 33, 'Des résultats d\'evaluations de la vague 17Z009 ont été modifiés.', '2018-02-12 12:36:01', '6', 0, ''),
(445, 33, 'Des résultats d\'evaluations de la vague 17Z009 ont été modifiés.', '2018-02-12 12:36:24', '6', 0, ''),
(446, 33, 'Des résultats d\'evaluations de la vague 17Z009 ont été modifiés.', '2018-02-12 12:58:42', '6', 0, ''),
(447, 33, 'Des résultats d\'evaluations de la vague 17Z006 ont été enregistrés.', '2018-02-12 14:32:47', '6', 0, ''),
(448, 65, 'Des résultats d\'evaluations de la vague 17Z013 ont été enregistrés.', '2018-02-12 16:25:34', '6', 0, ''),
(449, 50, 'Des résultats d\'evaluations de la vague 17Z007 ont été enregistrés.', '2018-02-17 12:16:24', '6', 0, ''),
(450, 1, 'Vous avez bien été inscrit', '2018-02-17 12:20:47', '70', -1, '#'),
(451, 1, 'Votre inscription a été enregistrée et validée.<br>Vous devez encore payer <b>40000</b> FCFA.', '2018-02-17 12:21:46', '70', -1, ''),
(452, 1, 'L\'emploi du temp de la semaine du 19/02/2018 au 24/02/2018 est disponible. Le cours de Secrétariat bureautique a été programmé.', '2018-02-18 15:54:32', '2', 16, 'none'),
(453, 1, 'L\'emploi du temp de la semaine du 19/02/2018 au 24/02/2018 est disponible. Le cours de Secrétariat bureautique a été programmé.', '2018-02-18 15:54:32', '2', 13, 'none'),
(454, 1, 'L\'emploi du temp de la semaine du 19/02/2018 au 24/02/2018 est disponible. Le cours de Secrétariat bureautique a été programmé.', '2018-02-18 15:54:32', '2', 6, 'none'),
(455, 1, 'L\'emploi du temp de la semaine du 19/02/2018 au 24/02/2018 est disponible. Le cours de Comptabilité Informatisée et de Gestion a été programmé.', '2018-02-18 15:54:32', '2', 17, 'none'),
(456, 1, 'L\'emploi du temp de la semaine du 19/02/2018 au 24/02/2018 est disponible. Le cours de Réseaux informatiques et Cablâge a été programmé.', '2018-02-18 15:54:32', '2', 11, 'none'),
(457, 1, 'L\'emploi du temp de la semaine du 19/02/2018 au 24/02/2018 est disponible. Le cours de ALGORITHMES ET PROGRAMMATION (C, C++, JAVA, PASCAL,PYTHON) a été programmé.', '2018-02-18 15:54:32', '2', 7, 'none'),
(458, 1, 'L\'emploi du temp de la semaine du 19/02/2018 au 24/02/2018 est disponible. Le cours de Secrétariat bureautique a été programmé.', '2018-02-18 15:54:32', '2', 12, 'none'),
(459, 65, 'Des résultats d\'evaluations de la vague 17Z013 ont été modifiés.', '2018-02-19 10:34:05', '6', 0, ''),
(460, 66, 'Des résultats d\'evaluations de la vague 17Z012 ont été enregistrés.', '2018-02-19 16:06:25', '6', 0, ''),
(461, 59, 'Des résultats d\'evaluations de la vague 17Z011 ont été enregistrés.', '2018-02-21 10:51:00', '6', 0, ''),
(462, 33, 'Des résultats d\'evaluations de la vague 17Z006 ont été modifiés.', '2018-02-21 11:40:46', '6', 0, ''),
(463, 33, 'Des résultats d\'evaluations de la vague 17Z009 ont été modifiés.', '2018-02-23 07:59:57', '6', 0, ''),
(464, 1, 'L\'emploi du temp de la semaine du 26/02/2018 au 03/03/2018 est disponible. Le cours de Secrétariat bureautique a été programmé.', '2018-02-25 17:12:09', '2', 6, 'none'),
(465, 1, 'L\'emploi du temp de la semaine du 26/02/2018 au 03/03/2018 est disponible. Le cours de ALGORITHMES ET PROGRAMMATION (C, C++, JAVA, PASCAL,PYTHON) a été programmé.', '2018-02-25 17:12:09', '2', 7, 'none'),
(466, 1, 'L\'emploi du temp de la semaine du 26/02/2018 au 03/03/2018 est disponible. Le cours de Comptabilité Informatisée et de Gestion a été programmé.', '2018-02-25 17:12:09', '2', 17, 'none'),
(467, 1, 'L\'emploi du temp de la semaine du 26/02/2018 au 03/03/2018 est disponible. Le cours de Secrétariat bureautique a été programmé.', '2018-02-25 17:12:09', '2', 16, 'none'),
(468, 1, 'L\'emploi du temp de la semaine du 26/02/2018 au 03/03/2018 est disponible. Le cours de Secrétariat bureautique a été programmé.', '2018-02-25 17:12:09', '2', 12, 'none'),
(469, 1, 'L\'emploi du temp de la semaine du 26/02/2018 au 03/03/2018 est disponible. Le cours de Secrétariat bureautique a été programmé.', '2018-02-25 17:12:09', '2', 13, 'none'),
(470, 1, 'L\'emploi du temp de la semaine du 26/02/2018 au 03/03/2018 est disponible. Le cours de Réseaux informatiques et Cablâge a été programmé.', '2018-02-25 17:12:09', '2', 11, 'none'),
(471, 66, 'Des résultats d\'evaluations de la vague 18Z016 ont été enregistrés.', '2018-02-28 13:17:38', '6', 0, ''),
(472, 66, 'Des résultats d\'evaluations de la vague 18Z016 ont été modifiés.', '2018-02-28 13:19:04', '6', 0, ''),
(473, 33, 'Des résultats d\'evaluations de la vague 17Z009 ont été enregistrés.', '2018-03-01 15:16:48', '6', 0, ''),
(474, 33, 'Des résultats d\'evaluations de la vague 17Z009 ont été modifiés.', '2018-03-01 15:22:21', '6', 0, ''),
(475, 65, 'Des résultats d\'evaluations de la vague 17Z013 ont été enregistrés.', '2018-03-03 07:15:01', '6', 0, ''),
(476, 1, 'Votre inscription <b>N° AOBU180303N033 </b>a été enregistrée. Passez au Centre de Formation pour la valider en payant au moins une tranche des frais de formation avant le 2018-03-05', '2018-03-03 11:41:52', '21', -1, ''),
(477, 1, 'Votre promotion(17Z009) est achevée.', '2018-03-04 14:15:34', '2', 9, ''),
(478, 1, 'L\'emploi du temp de la semaine du 05/03/2018 au 10/03/2018 est disponible. Le cours de Secrétariat bureautique a été programmé.', '2018-03-05 06:54:59', '2', 16, 'none'),
(479, 1, 'L\'emploi du temp de la semaine du 05/03/2018 au 10/03/2018 est disponible. Le cours de Comptabilité Informatisée et de Gestion a été programmé.', '2018-03-05 06:54:59', '2', 17, 'none'),
(480, 1, 'L\'emploi du temp de la semaine du 05/03/2018 au 10/03/2018 est disponible. Le cours de Secrétariat bureautique a été programmé.', '2018-03-05 06:54:59', '2', 12, 'none'),
(481, 1, 'L\'emploi du temp de la semaine du 05/03/2018 au 10/03/2018 est disponible. Le cours de Secrétariat bureautique a été programmé.', '2018-03-05 06:54:59', '2', 13, 'none'),
(482, 66, 'Des résultats d\'evaluations de la vague 18Z016 ont été enregistrés.', '2018-03-05 13:16:17', '6', 0, ''),
(483, 66, 'Des résultats d\'evaluations de la vague 17Z012 ont été enregistrés.', '2018-03-05 13:17:27', '6', 0, ''),
(484, 1, 'Les résultats de la vague 17Z009 sont disponibles.', '2018-03-09 08:21:43', '6', 0, 'admin/examination/results/17Z009'),
(485, 1, 'Les résultats de la vague 17Z009 sont disponibles.', '2018-03-09 08:21:43', '5', 0, 'admin/examination/results/17Z009'),
(486, 1, 'Les résultats de la vague 17Z009 sont disponibles.', '2018-03-09 08:21:43', '3', 0, 'trainerGate/examination/results/17Z009'),
(487, 1, 'Les résultats de la vague 17Z009 sont disponibles.', '2018-03-09 08:21:43', '2', 9, 'studentGate/examination/results/17Z009'),
(488, 1, 'Vous avez bien été inscrit', '2018-03-09 10:23:18', '71', -1, '#'),
(489, 1, 'Votre inscription a été enregistrée et validée.<br>Vous devez encore payer <b>40000</b> FCFA.', '2018-03-09 10:23:47', '71', -1, ''),
(490, 1, 'L\'emploi du temp de la semaine du 12/03/2018 au 17/03/2018 est disponible. Le cours de Secrétariat bureautique a été programmé.', '2018-03-12 09:48:05', '2', 16, 'none'),
(491, 1, 'L\'emploi du temp de la semaine du 12/03/2018 au 17/03/2018 est disponible. Le cours de Secrétariat bureautique a été programmé.', '2018-03-12 09:48:05', '2', 12, 'none'),
(492, 1, 'L\'emploi du temp de la semaine du 12/03/2018 au 17/03/2018 est disponible. Le cours de Secrétariat bureautique a été programmé.', '2018-03-12 09:48:05', '2', 13, 'none'),
(493, 1, 'L\'emploi du temp de la semaine du 12/03/2018 au 17/03/2018 est disponible. Le cours de ALGORITHMES ET PROGRAMMATION (C, C++, JAVA, PASCAL,PYTHON) a été programmé.', '2018-03-12 09:48:05', '2', 7, 'none'),
(494, 1, 'L\'emploi du temp de la semaine du 12/03/2018 au 17/03/2018 est disponible. Le cours de Comptabilité Informatisée et de Gestion a été programmé.', '2018-03-12 09:48:05', '2', 17, 'none'),
(495, 33, 'Des résultats d\'evaluations de la vague 17Z006 ont été enregistrés.', '2018-03-14 11:23:07', '6', 0, ''),
(496, 33, 'Des résultats d\'evaluations de la vague 17Z006 ont été enregistrés.', '2018-03-14 11:35:47', '6', 0, ''),
(497, 65, 'Des résultats d\'evaluations de la vague 17Z013 ont été enregistrés.', '2018-03-15 09:33:34', '6', 0, ''),
(498, 65, 'Des résultats d\'evaluations de la vague 17Z013 ont été modifiés.', '2018-03-15 09:34:29', '6', 0, ''),
(499, 65, 'Des résultats d\'evaluations de la vague 17Z013 ont été modifiés.', '2018-03-15 09:36:13', '6', 0, ''),
(500, 59, 'Des résultats d\'evaluations de la vague 17Z011 ont été enregistrés.', '2018-03-21 11:02:30', '6', 0, ''),
(501, 59, 'Des résultats d\'evaluations de la vague 17Z011 ont été enregistrés.', '2018-03-21 11:05:07', '6', 0, ''),
(502, 1, 'Vous avez bien été inscrit', '2018-03-21 15:36:55', '72', -1, '#'),
(503, 1, 'Votre inscription a été enregistrée et validée.<br>Vous devez encore payer <b>30000</b> FCFA.', '2018-03-21 15:37:58', '72', -1, ''),
(504, 1, 'Vous avez bien été inscrit', '2018-03-21 15:42:24', '73', -1, '#'),
(505, 1, 'Votre inscription a été enregistrée et validée.<br>Vous devez encore payer <b>35000</b> FCFA.', '2018-03-21 15:42:58', '73', -1, ''),
(506, 1, 'Vous avez bien été inscrit', '2018-03-21 15:46:19', '74', -1, '#'),
(507, 1, 'Votre inscription a été enregistrée et validée.<br>', '2018-03-21 15:46:49', '74', -1, ''),
(508, 65, 'Des résultats d\'evaluations de la vague 17Z013 ont été enregistrés.', '2018-03-22 12:03:11', '6', 0, ''),
(509, 65, 'Des résultats d\'evaluations de la vague 17Z013 ont été enregistrés.', '2018-03-22 12:04:52', '6', 0, ''),
(510, 66, 'Des résultats d\'evaluations de la vague 17Z012 ont été enregistrés.', '2018-03-22 12:39:55', '6', 0, ''),
(511, 66, 'Des résultats d\'evaluations de la vague 18Z016 ont été enregistrés.', '2018-03-22 12:41:45', '6', 0, ''),
(512, 66, 'Des résultats d\'evaluations de la vague 18Z016 ont été enregistrés.', '2018-03-22 12:42:02', '6', 0, ''),
(513, 66, 'Des résultats d\'evaluations de la vague 18Z016 ont été modifiés.', '2018-03-22 12:44:04', '6', 0, ''),
(514, 66, 'Des résultats d\'evaluations de la vague 18Z016 ont été enregistrés.', '2018-03-22 12:47:53', '6', 0, ''),
(515, 66, 'Des résultats d\'evaluations de la vague 18Z016 ont été enregistrés.', '2018-03-22 12:50:37', '6', 0, ''),
(516, 66, 'Des résultats d\'evaluations de la vague 17Z012 ont été enregistrés.', '2018-03-22 13:06:36', '6', 0, ''),
(517, 66, 'Des résultats d\'evaluations de la vague 17Z012 ont été modifiés.', '2018-03-22 13:08:33', '6', 0, ''),
(518, 33, 'Des résultats d\'evaluations de la vague 17Z006 ont été enregistrés.', '2018-03-24 11:35:08', '6', 0, ''),
(519, 1, 'Votre promotion(18Z014) est achevée.', '2018-03-26 06:27:48', '2', 14, ''),
(520, 1, 'L\'emploi du temp de la semaine du 26/03/2018 au 31/03/2018 est disponible. Le cours de Secrétariat bureautique a été programmé.', '2018-03-26 06:36:23', '2', 18, 'none'),
(521, 1, 'L\'emploi du temp de la semaine du 26/03/2018 au 31/03/2018 est disponible. Le cours de Comptabilité Informatisée et de Gestion a été programmé.', '2018-03-26 06:36:23', '2', 17, 'none'),
(522, 1, 'L\'emploi du temp de la semaine du 26/03/2018 au 31/03/2018 est disponible. Le cours de INITIATION à LA SAISIE ET AU TRAITEMENT DE TEXTE a été programmé.', '2018-03-26 06:36:23', '2', 19, 'none'),
(523, 1, 'Vous avez bien été inscrit', '2018-03-26 14:51:22', '75', -1, '#'),
(524, 1, 'Votre inscription a été enregistrée et validée.<br>Vous devez encore payer <b>35000</b> FCFA.', '2018-03-26 14:52:57', '75', -1, ''),
(525, 66, 'Des résultats d\'evaluations de la vague 17Z012 ont été enregistrés.', '2018-03-28 12:35:27', '6', 0, ''),
(526, 66, 'Des résultats d\'evaluations de la vague 18Z016 ont été enregistrés.', '2018-03-28 12:36:15', '6', 0, ''),
(527, 66, 'Des résultats d\'evaluations de la vague 18Z016 ont été modifiés.', '2018-03-28 12:38:16', '6', 0, ''),
(528, 65, 'Des résultats d\'evaluations de la vague 17Z013 ont été enregistrés.', '2018-03-31 05:10:12', '6', 0, ''),
(529, 33, 'Des résultats d\'evaluations de la vague 17Z013 ont été modifiés.', '2018-03-31 11:44:41', '6', 0, ''),
(530, 1, 'Les résultats de la vague 18Z016 sont disponibles.', '2018-03-31 11:46:31', '6', 0, 'admin/examination/results/18Z016'),
(531, 1, 'Les résultats de la vague 18Z016 sont disponibles.', '2018-03-31 11:46:31', '5', 0, 'admin/examination/results/18Z016'),
(532, 1, 'Les résultats de la vague 18Z016 sont disponibles.', '2018-03-31 11:46:31', '3', 0, 'trainerGate/examination/results/18Z016'),
(533, 1, 'Les résultats de la vague 18Z016 sont disponibles.', '2018-03-31 11:46:31', '2', 16, 'studentGate/examination/results/18Z016'),
(534, 1, 'Les résultats de la vague 17Z012 sont disponibles.', '2018-03-31 11:46:48', '6', 0, 'admin/examination/results/17Z012'),
(535, 1, 'Les résultats de la vague 17Z012 sont disponibles.', '2018-03-31 11:46:48', '5', 0, 'admin/examination/results/17Z012'),
(536, 1, 'Les résultats de la vague 17Z012 sont disponibles.', '2018-03-31 11:46:48', '3', 0, 'trainerGate/examination/results/17Z012'),
(537, 1, 'Les résultats de la vague 17Z012 sont disponibles.', '2018-03-31 11:46:48', '2', 12, 'studentGate/examination/results/17Z012'),
(538, 1, 'Les résultats de la vague 17Z013 sont disponibles.', '2018-03-31 11:48:01', '6', 0, 'admin/examination/results/17Z013'),
(539, 1, 'Les résultats de la vague 17Z013 sont disponibles.', '2018-03-31 11:48:01', '5', 0, 'admin/examination/results/17Z013'),
(540, 1, 'Les résultats de la vague 17Z013 sont disponibles.', '2018-03-31 11:48:01', '3', 0, 'trainerGate/examination/results/17Z013'),
(541, 1, 'Les résultats de la vague 17Z013 sont disponibles.', '2018-03-31 11:48:01', '2', 13, 'studentGate/examination/results/17Z013'),
(542, 1, 'Les résultats de la vague 17Z006 sont disponibles.', '2018-03-31 11:48:30', '6', 0, 'admin/examination/results/17Z006'),
(543, 1, 'Les résultats de la vague 17Z006 sont disponibles.', '2018-03-31 11:48:30', '5', 0, 'admin/examination/results/17Z006'),
(544, 1, 'Les résultats de la vague 17Z006 sont disponibles.', '2018-03-31 11:48:30', '3', 0, 'trainerGate/examination/results/17Z006'),
(545, 1, 'Les résultats de la vague 17Z006 sont disponibles.', '2018-03-31 11:48:30', '2', 6, 'studentGate/examination/results/17Z006'),
(546, 1, 'Votre promotion(17Z012) est achevée.', '2018-03-31 13:44:55', '2', 12, ''),
(547, 1, 'Votre promotion(18Z016) est achevée.', '2018-03-31 13:45:13', '2', 16, ''),
(548, 1, 'L\'emploi du temp de la semaine du 02/04/2018 au 07/04/2018 est disponible. Le cours de Secrétariat bureautique a été programmé.', '2018-04-02 06:54:15', '2', 18, 'none'),
(549, 1, 'L\'emploi du temp de la semaine du 02/04/2018 au 07/04/2018 est disponible. Le cours de Comptabilité Informatisée et de Gestion a été programmé.', '2018-04-02 06:54:15', '2', 17, 'none'),
(550, 1, 'L\'emploi du temp de la semaine du 02/04/2018 au 07/04/2018 est disponible. Le cours de INITIATION à LA SAISIE ET AU TRAITEMENT DE TEXTE a été programmé.', '2018-04-02 06:54:15', '2', 19, 'none'),
(551, 1, 'L\'emploi du temp de la semaine du 02/04/2018 au 07/04/2018 est disponible. Le cours de Réseaux informatiques et Cablâge a été programmé.', '2018-04-02 06:54:15', '2', 11, 'none'),
(552, 1, 'L\'emploi du temp de la semaine du 02/04/2018 au 07/04/2018 est disponible. Le cours de ALGORITHMES ET PROGRAMMATION (C, C++, JAVA, PASCAL,PYTHON) a été programmé.', '2018-04-02 06:54:15', '2', 7, 'none'),
(553, 1, 'Votre compte utilisateur a été suspendu.', '2018-04-02 07:32:49', '66', -1, ''),
(554, 1, 'Vous avez bien été inscrit', '2018-04-02 14:59:30', '76', -1, '#'),
(555, 1, 'Votre inscription a été enregistrée et validée.<br>Vous devez encore payer <b>15000</b> FCFA.', '2018-04-02 15:00:04', '76', -1, ''),
(556, 1, 'Vous avez avez été aloué l\'enseignement INITIATION À LA SAISIE ET AU TRAITEMENT DE TEXTE.', '2018-04-04 12:54:37', '65', -1, '#'),
(557, 65, 'Des résultats d\'evaluations de la vague 18Z019 ont été enregistrés.', '2018-04-05 09:19:33', '6', 0, ''),
(558, 1, 'L\'emploi du temp de la semaine du 09/04/2018 au 14/04/2018 est disponible. Le cours de Secrétariat bureautique a été programmé.', '2018-04-09 08:12:07', '2', 18, 'none'),
(559, 1, 'Votre promotion(17Z006) est achevée.', '2018-04-09 08:20:21', '2', 6, ''),
(560, 1, 'Votre promotion(17Z013) est achevée.', '2018-04-09 10:25:51', '2', 13, ''),
(561, 33, 'Des résultats d\'evaluations de la vague 18Z019 ont été enregistrés.', '2018-04-20 08:25:38', '6', 0, ''),
(562, 33, 'Des résultats d\'evaluations de la vague 17Z011 ont été enregistrés.', '2018-04-20 08:27:17', '6', 0, ''),
(563, 1, 'L\'emploi du temp de la semaine du 23/04/2018 au 28/04/2018 est disponible. Le cours de Secrétariat bureautique a été programmé.', '2018-04-23 06:39:35', '2', 18, 'none'),
(564, 1, 'L\'emploi du temp de la semaine du 23/04/2018 au 28/04/2018 est disponible. Le cours de Secrétariat bureautique a été programmé.', '2018-04-23 06:39:35', '2', 20, 'none'),
(565, 33, 'Des résultats d\'evaluations de la vague 17Z011 ont été enregistrés.', '2018-04-26 10:55:17', '6', 0, ''),
(566, 33, 'Des résultats d\'evaluations de la vague 18Z018 ont été enregistrés.', '2018-04-30 10:37:48', '6', 0, ''),
(567, 1, 'Votre promotion(18Z019) est achevée.', '2018-04-30 10:40:17', '2', 19, ''),
(568, 65, 'Des résultats d\'evaluations de la vague 18Z018 ont été enregistrés.', '2018-04-30 12:27:26', '6', 0, ''),
(569, 65, 'Des résultats d\'evaluations de la vague 18Z018 ont été enregistrés.', '2018-05-03 11:28:02', '6', 0, ''),
(570, 1, 'Les résultats de la vague 18Z019 sont disponibles.', '2018-05-07 10:10:46', '6', 0, 'admin/examination/results/18Z019'),
(571, 1, 'Les résultats de la vague 18Z019 sont disponibles.', '2018-05-07 10:10:46', '5', 0, 'admin/examination/results/18Z019'),
(572, 1, 'Les résultats de la vague 18Z019 sont disponibles.', '2018-05-07 10:10:46', '3', 0, 'trainerGate/examination/results/18Z019'),
(573, 1, 'Les résultats de la vague 18Z019 sont disponibles.', '2018-05-07 10:10:46', '2', 19, 'studentGate/examination/results/18Z019'),
(574, 50, 'Des résultats d\'evaluations de la vague 17Z007 ont été enregistrés.', '2018-05-21 17:13:43', '6', 0, ''),
(575, 50, 'Des résultats d\'evaluations de la vague 17Z007 ont été enregistrés.', '2018-05-21 17:14:29', '6', 0, ''),
(576, 33, 'Des résultats d\'evaluations de la vague 18Z017 ont été enregistrés.', '2018-05-23 10:54:33', '6', 0, ''),
(577, 33, 'Des résultats d\'evaluations de la vague 17Z011 ont été modifiés.', '2018-05-31 18:00:59', '6', 0, ''),
(578, 1, 'Votre promotion(17Z011) est achevée.', '2018-05-31 18:03:09', '2', 11, ''),
(579, 65, 'Des résultats d\'evaluations de la vague 18Z018 ont été enregistrés.', '2018-06-04 14:17:21', '6', 0, ''),
(580, 1, 'Vous avez avez été aloué l\'enseignement SECRÉTARIAT BUREAUTIQUE.', '2018-06-07 05:57:59', '50', -1, '#'),
(581, 1, 'Bienvenue dans la plateforme MULTISOFT ACADEMY.', '2018-06-08 15:13:38', '77', -1, '#'),
(582, 1, 'Bienvenue dans la plateforme MULTISOFT ACADEMY.', '2018-06-08 15:29:00', '78', -1, '#'),
(583, 50, 'Des résultats d\'evaluations de la vague 18Z020 ont été enregistrés.', '2018-06-11 14:14:00', '6', 0, ''),
(584, 50, 'Des résultats d\'evaluations de la vague 18Z020 ont été enregistrés.', '2018-06-11 15:20:00', '6', 0, ''),
(585, 1, '<p>dflkndflkddlk</p>', '2018-08-18 07:46:40', '78', -1, '#'),
(586, 78, 'Votre profil a été modifié avec succès.', '2018-08-25 17:12:29', '78', -1, 'http://localhost:8080/msacad/admin/loggedUserProfile/78'),
(587, 1, 'L\'emploi du temp de la semaine du 27/08/2018 au 01/09/2018 est disponible. Le cours de ALGORITHMES ET PROGRAMMATION (C, C++, JAVA, PASCAL,PYTHON) a été programmé.', '2018-08-26 19:20:06', '2', 7, 'none'),
(588, 1, 'L\'emploi du temp de la semaine du 27/08/2018 au 01/09/2018 est disponible. Le cours de Comptabilité Informatisée et de Gestion a été programmé.', '2018-08-26 19:20:06', '2', 17, 'none'),
(589, 1, 'L\'emploi du temp de la semaine du 27/08/2018 au 01/09/2018 est disponible. Le cours de Secrétariat bureautique a été programmé.', '2018-08-26 19:20:06', '2', 18, 'none'),
(590, 1, 'L\'emploi du temp de la semaine du 27/08/2018 au 01/09/2018 est disponible. Le cours de Secrétariat bureautique a été programmé.', '2018-08-26 19:20:06', '2', 20, 'none'),
(591, 1, 'Nouveau sujet << dfkjdfjfrsikjo >> ajouté dans le forum  par MBOUCHE BOMDA dans la catégorie <b><< COMPTABILITÉ INFORMATISÉE ET DE GESTION >></b>; peut-être voudriez-vous l\'aider.', '2018-09-16 17:26:42', '1', 0, 'http://localhost:8080/msacad/forum/sujet/dfkjdfjfrsikjo--6');

-- --------------------------------------------------------

--
-- Structure de la table `notification_model`
--

CREATE TABLE `notification_model` (
  `id` int(11) NOT NULL,
  `content` text COLLATE utf8_general_mysql500_ci NOT NULL
) ENGINE=InnoDB DEFAULT CHARSET=utf8 COLLATE=utf8_general_mysql500_ci;

--
-- Déchargement des données de la table `notification_model`
--

INSERT INTO `notification_model` (`id`, `content`) VALUES
(1, '<p>bsr a otus bienvenu</p>');

-- --------------------------------------------------------

--
-- Structure de la table `notification_views`
--

CREATE TABLE `notification_views` (
  `id` int(11) NOT NULL,
  `user` int(11) NOT NULL,
  `notification` int(11) NOT NULL,
  `viewed` enum('0','1') COLLATE utf8_general_mysql500_ci DEFAULT '0'
) ENGINE=InnoDB DEFAULT CHARSET=utf8 COLLATE=utf8_general_mysql500_ci;

--
-- Déchargement des données de la table `notification_views`
--

INSERT INTO `notification_views` (`id`, `user`, `notification`, `viewed`) VALUES
(33, 1, 33, '1'),
(34, 1, 34, '1'),
(35, 1, 35, '1'),
(44, 1, 44, '1'),
(45, 1, 45, '1'),
(46, 1, 46, '1'),
(47, 1, 47, '1'),
(48, 1, 48, '1'),
(49, 1, 49, '1'),
(50, 1, 51, '1'),
(52, 1, 53, '1'),
(53, 1, 54, '1'),
(54, 1, 55, '1'),
(55, 1, 56, '1'),
(57, 1, 58, '1'),
(58, 1, 59, '1'),
(69, 1, 70, '1'),
(70, 1, 72, '1'),
(72, 1, 74, '1'),
(73, 1, 75, '1'),
(74, 1, 77, '1'),
(76, 1, 79, '1'),
(77, 1, 80, '1'),
(78, 1, 81, '1'),
(79, 1, 83, '1'),
(81, 1, 85, '1'),
(82, 1, 87, '1'),
(84, 1, 89, '1'),
(85, 1, 90, '1'),
(88, 1, 93, '1'),
(93, 1, 96, '1'),
(97, 1, 100, '1'),
(99, 1, 101, '1'),
(101, 1, 103, '1'),
(103, 1, 105, '1'),
(105, 1, 107, '1'),
(107, 1, 109, '1'),
(110, 1, 112, '1'),
(122, 21, 124, '1'),
(125, 24, 127, '1'),
(126, 25, 128, '0'),
(127, 26, 129, '1'),
(128, 19, 130, '0'),
(129, 19, 131, '0'),
(130, 30, 132, '0'),
(131, 30, 133, '0'),
(132, 30, 134, '0'),
(133, 31, 135, '1'),
(134, 31, 136, '1'),
(135, 32, 137, '1'),
(136, 32, 138, '1'),
(137, 32, 139, '1'),
(138, 32, 140, '1'),
(139, 32, 141, '1'),
(140, 32, 142, '1'),
(141, 32, 143, '1'),
(142, 31, 144, '1'),
(143, 31, 145, '1'),
(144, 31, 146, '1'),
(145, 31, 147, '1'),
(146, 33, 148, '1'),
(147, 33, 149, '1'),
(148, 33, 150, '1'),
(149, 33, 151, '1'),
(150, 33, 152, '1'),
(151, 33, 153, '1'),
(152, 33, 154, '1'),
(153, 33, 155, '1'),
(154, 33, 156, '1'),
(155, 33, 157, '1'),
(156, 33, 158, '1'),
(157, 33, 159, '1'),
(158, 19, 160, '0'),
(159, 32, 161, '1'),
(164, 36, 166, '0'),
(165, 36, 167, '0'),
(166, 36, 168, '0'),
(167, 36, 169, '0'),
(168, 33, 170, '1'),
(170, 19, 172, '1'),
(171, 1, 172, '1'),
(172, 36, 173, '0'),
(173, 19, 174, '1'),
(174, 1, 174, '1'),
(175, 36, 175, '0'),
(176, 21, 176, '1'),
(177, 37, 177, '1'),
(178, 37, 178, '1'),
(179, 38, 179, '1'),
(180, 39, 180, '1'),
(181, 39, 181, '1'),
(182, 39, 182, '0'),
(183, 40, 183, '1'),
(184, 40, 184, '1'),
(185, 40, 185, '1'),
(186, 40, 186, '1'),
(187, 40, 187, '1'),
(188, 41, 188, '1'),
(189, 41, 189, '1'),
(190, 19, 190, '0'),
(191, 1, 190, '1'),
(192, 36, 191, '0'),
(193, 1, 192, '1'),
(194, 19, 193, '0'),
(195, 21, 193, '1'),
(196, 24, 193, '0'),
(197, 25, 193, '0'),
(198, 26, 193, '0'),
(199, 30, 193, '0'),
(200, 31, 193, '1'),
(201, 32, 193, '1'),
(202, 33, 193, '1'),
(203, 36, 193, '0'),
(204, 37, 193, '0'),
(205, 38, 193, '0'),
(206, 39, 193, '0'),
(207, 40, 193, '1'),
(208, 41, 193, '0'),
(209, 1, 193, '1'),
(210, 41, 194, '0'),
(211, 39, 195, '0'),
(212, 40, 196, '1'),
(213, 40, 197, '1'),
(214, 40, 198, '1'),
(215, 33, 199, '1'),
(216, 40, 200, '1'),
(217, 40, 201, '1'),
(218, 39, 202, '0'),
(219, 40, 203, '1'),
(220, 40, 204, '1'),
(221, 39, 205, '0'),
(222, 42, 206, '1'),
(223, 42, 207, '1'),
(224, 43, 208, '0'),
(225, 19, 209, '0'),
(226, 30, 209, '0'),
(227, 31, 209, '1'),
(228, 32, 209, '0'),
(229, 33, 209, '1'),
(230, 36, 209, '0'),
(231, 40, 209, '1'),
(232, 19, 210, '0'),
(233, 1, 210, '1'),
(234, 39, 211, '0'),
(235, 41, 212, '0'),
(236, 44, 213, '1'),
(237, 44, 214, '1'),
(238, 19, 215, '0'),
(239, 1, 215, '1'),
(240, 19, 216, '0'),
(241, 1, 216, '1'),
(242, 19, 217, '0'),
(243, 1, 217, '1'),
(244, 19, 218, '0'),
(245, 1, 218, '1'),
(246, 45, 219, '1'),
(247, 45, 220, '1'),
(248, 46, 221, '0'),
(249, 46, 222, '0'),
(250, 47, 223, '1'),
(251, 47, 224, '1'),
(252, 45, 225, '0'),
(253, 47, 225, '0'),
(254, 44, 226, '0'),
(255, 42, 227, '0'),
(256, 46, 227, '0'),
(257, 41, 228, '0'),
(258, 45, 229, '0'),
(259, 47, 229, '0'),
(260, 44, 230, '0'),
(261, 42, 231, '0'),
(262, 46, 231, '0'),
(263, 39, 232, '0'),
(264, 19, 233, '0'),
(265, 1, 233, '1'),
(266, 36, 234, '0'),
(267, 19, 235, '0'),
(268, 30, 235, '0'),
(269, 31, 235, '1'),
(270, 32, 235, '0'),
(271, 33, 235, '1'),
(272, 36, 235, '0'),
(273, 40, 235, '0'),
(274, 39, 236, '0'),
(275, 19, 237, '0'),
(276, 1, 237, '1'),
(277, 36, 238, '0'),
(278, 19, 239, '0'),
(279, 30, 239, '0'),
(280, 31, 239, '1'),
(281, 32, 239, '0'),
(282, 33, 239, '1'),
(283, 36, 239, '0'),
(284, 40, 239, '0'),
(285, 39, 240, '0'),
(286, 48, 241, '0'),
(287, 48, 242, '0'),
(288, 19, 243, '0'),
(289, 1, 243, '1'),
(290, 36, 244, '0'),
(291, 19, 245, '0'),
(292, 30, 245, '0'),
(293, 31, 245, '1'),
(294, 32, 245, '0'),
(295, 33, 245, '1'),
(296, 36, 245, '0'),
(297, 40, 245, '0'),
(298, 41, 246, '0'),
(299, 19, 247, '0'),
(300, 1, 247, '1'),
(301, 36, 248, '0'),
(302, 19, 249, '0'),
(303, 30, 249, '0'),
(304, 31, 249, '1'),
(305, 32, 249, '0'),
(306, 33, 249, '1'),
(307, 36, 249, '0'),
(308, 40, 249, '0'),
(309, 41, 250, '0'),
(310, 49, 251, '0'),
(311, 49, 252, '0'),
(312, 41, 253, '0'),
(313, 50, 254, '1'),
(314, 50, 255, '1'),
(315, 50, 256, '1'),
(316, 19, 257, '0'),
(317, 30, 257, '0'),
(318, 31, 257, '1'),
(319, 32, 257, '0'),
(320, 33, 257, '1'),
(321, 36, 257, '0'),
(322, 40, 257, '0'),
(323, 50, 257, '1'),
(324, 19, 258, '0'),
(325, 1, 258, '1'),
(326, 39, 259, '0'),
(327, 19, 260, '0'),
(328, 1, 260, '1'),
(329, 19, 261, '0'),
(330, 1, 261, '1'),
(331, 36, 262, '0'),
(332, 19, 263, '0'),
(333, 30, 263, '0'),
(334, 31, 263, '1'),
(335, 32, 263, '0'),
(336, 33, 263, '1'),
(337, 36, 263, '0'),
(338, 40, 263, '0'),
(339, 50, 263, '1'),
(340, 39, 264, '0'),
(341, 39, 265, '0'),
(342, 51, 266, '1'),
(343, 52, 267, '0'),
(344, 52, 268, '0'),
(345, 53, 269, '1'),
(346, 42, 270, '0'),
(347, 46, 270, '0'),
(348, 48, 270, '0'),
(349, 49, 271, '0'),
(350, 45, 272, '0'),
(351, 47, 272, '0'),
(352, 44, 273, '0'),
(353, 52, 274, '0'),
(354, 54, 275, '1'),
(355, 54, 276, '1'),
(356, 54, 277, '0'),
(357, 49, 278, '0'),
(358, 45, 279, '0'),
(359, 47, 279, '0'),
(360, 44, 280, '0'),
(361, 52, 281, '0'),
(362, 19, 282, '0'),
(363, 21, 282, '1'),
(364, 24, 282, '0'),
(365, 25, 282, '0'),
(366, 26, 282, '0'),
(367, 30, 282, '0'),
(368, 31, 282, '1'),
(369, 32, 282, '0'),
(370, 33, 282, '1'),
(371, 36, 282, '0'),
(372, 37, 282, '0'),
(373, 38, 282, '0'),
(374, 39, 282, '0'),
(375, 40, 282, '0'),
(376, 41, 282, '0'),
(377, 42, 282, '0'),
(378, 43, 282, '0'),
(379, 44, 282, '0'),
(380, 45, 282, '0'),
(381, 46, 282, '0'),
(382, 47, 282, '0'),
(383, 48, 282, '0'),
(384, 49, 282, '0'),
(385, 50, 282, '1'),
(386, 51, 282, '0'),
(387, 52, 282, '0'),
(388, 53, 282, '0'),
(389, 54, 282, '1'),
(390, 1, 282, '1'),
(391, 54, 283, '1'),
(392, 53, 284, '0'),
(393, 49, 285, '0'),
(394, 54, 286, '0'),
(395, 52, 287, '0'),
(396, 54, 287, '0'),
(397, 55, 288, '1'),
(398, 55, 289, '1'),
(399, 54, 290, '0'),
(400, 49, 291, '0'),
(401, 55, 292, '0'),
(402, 45, 293, '0'),
(403, 47, 293, '0'),
(404, 44, 294, '0'),
(405, 53, 294, '0'),
(406, 56, 295, '0'),
(407, 56, 296, '0'),
(408, 56, 297, '0'),
(409, 19, 298, '0'),
(410, 21, 298, '1'),
(411, 24, 298, '0'),
(412, 25, 298, '0'),
(413, 26, 298, '0'),
(414, 30, 298, '0'),
(415, 31, 298, '1'),
(416, 32, 298, '0'),
(417, 33, 298, '1'),
(418, 36, 298, '0'),
(419, 37, 298, '0'),
(420, 38, 298, '0'),
(421, 39, 298, '0'),
(422, 40, 298, '0'),
(423, 41, 298, '0'),
(424, 42, 298, '0'),
(425, 43, 298, '0'),
(426, 44, 298, '0'),
(427, 45, 298, '0'),
(428, 46, 298, '0'),
(429, 47, 298, '0'),
(430, 48, 298, '0'),
(431, 49, 298, '0'),
(432, 50, 298, '1'),
(433, 51, 298, '0'),
(434, 52, 298, '0'),
(435, 53, 298, '0'),
(436, 54, 298, '0'),
(437, 55, 298, '1'),
(438, 56, 298, '0'),
(439, 1, 298, '1'),
(440, 19, 299, '0'),
(441, 30, 299, '0'),
(442, 31, 299, '1'),
(443, 32, 299, '0'),
(444, 33, 299, '1'),
(445, 36, 299, '0'),
(446, 40, 299, '0'),
(447, 50, 299, '1'),
(448, 19, 300, '0'),
(449, 1, 300, '1'),
(450, 42, 301, '0'),
(451, 46, 301, '0'),
(452, 48, 301, '0'),
(453, 45, 302, '0'),
(454, 47, 302, '0'),
(455, 49, 303, '0'),
(456, 54, 304, '0'),
(457, 49, 305, '0'),
(458, 45, 306, '0'),
(459, 47, 306, '0'),
(460, 44, 307, '0'),
(461, 53, 307, '0'),
(462, 55, 308, '0'),
(463, 56, 308, '0'),
(464, 54, 309, '0'),
(465, 52, 310, '0'),
(466, 54, 310, '0'),
(467, 57, 311, '0'),
(468, 57, 312, '0'),
(469, 58, 313, '0'),
(470, 58, 314, '0'),
(471, 21, 315, '1'),
(472, 50, 316, '1'),
(473, 31, 317, '1'),
(474, 32, 318, '0'),
(475, 33, 319, '1'),
(476, 49, 320, '0'),
(477, 54, 321, '0'),
(478, 52, 322, '0'),
(479, 54, 322, '0'),
(480, 57, 323, '0'),
(481, 58, 323, '0'),
(482, 44, 324, '0'),
(483, 53, 324, '0'),
(484, 45, 325, '0'),
(485, 47, 325, '0'),
(486, 19, 326, '0'),
(487, 30, 326, '0'),
(488, 31, 326, '1'),
(489, 32, 326, '0'),
(490, 33, 326, '1'),
(491, 36, 326, '0'),
(492, 40, 326, '0'),
(493, 50, 326, '1'),
(494, 19, 327, '0'),
(495, 1, 327, '1'),
(496, 42, 328, '0'),
(497, 46, 328, '0'),
(498, 48, 328, '0'),
(499, 45, 329, '0'),
(500, 47, 329, '0'),
(501, 49, 330, '0'),
(502, 54, 331, '0'),
(503, 59, 332, '1'),
(504, 59, 333, '1'),
(505, 33, 334, '1'),
(506, 19, 335, '0'),
(507, 1, 335, '1'),
(508, 19, 336, '0'),
(509, 1, 336, '1'),
(510, 19, 337, '0'),
(511, 1, 337, '1'),
(512, 19, 338, '0'),
(513, 1, 338, '1'),
(514, 19, 339, '0'),
(515, 1, 339, '1'),
(516, 19, 340, '0'),
(517, 1, 340, '1'),
(518, 19, 341, '0'),
(519, 1, 341, '1'),
(520, 19, 342, '0'),
(521, 1, 342, '1'),
(522, 19, 343, '0'),
(523, 1, 343, '1'),
(524, 19, 344, '0'),
(525, 1, 344, '1'),
(526, 19, 345, '0'),
(527, 1, 345, '1'),
(528, 59, 346, '0'),
(529, 19, 347, '0'),
(530, 21, 347, '1'),
(531, 24, 347, '0'),
(532, 25, 347, '0'),
(533, 26, 347, '0'),
(534, 30, 347, '0'),
(535, 31, 347, '1'),
(536, 32, 347, '0'),
(537, 33, 347, '1'),
(538, 36, 347, '0'),
(539, 37, 347, '0'),
(540, 38, 347, '0'),
(541, 39, 347, '0'),
(542, 40, 347, '0'),
(543, 41, 347, '0'),
(544, 42, 347, '0'),
(545, 43, 347, '0'),
(546, 44, 347, '0'),
(547, 45, 347, '0'),
(548, 46, 347, '0'),
(549, 47, 347, '0'),
(550, 48, 347, '0'),
(551, 49, 347, '0'),
(552, 50, 347, '0'),
(553, 51, 347, '0'),
(554, 52, 347, '0'),
(555, 53, 347, '0'),
(556, 54, 347, '0'),
(557, 55, 347, '1'),
(558, 56, 347, '0'),
(559, 57, 347, '0'),
(560, 58, 347, '0'),
(561, 59, 347, '0'),
(562, 1, 347, '1'),
(563, 33, 348, '1'),
(564, 19, 349, '0'),
(565, 1, 349, '1'),
(566, 19, 350, '0'),
(567, 1, 350, '1'),
(568, 57, 351, '0'),
(569, 58, 351, '0'),
(570, 49, 352, '0'),
(571, 56, 353, '0'),
(572, 42, 354, '0'),
(573, 46, 354, '0'),
(574, 48, 354, '0'),
(575, 19, 355, '0'),
(576, 1, 355, '1'),
(577, 33, 356, '1'),
(578, 33, 357, '1'),
(579, 19, 358, '0'),
(580, 1, 358, '1'),
(581, 19, 359, '0'),
(582, 1, 359, '1'),
(583, 19, 360, '0'),
(584, 1, 360, '1'),
(585, 19, 361, '0'),
(586, 1, 361, '1'),
(587, 19, 362, '0'),
(588, 1, 362, '1'),
(589, 60, 363, '0'),
(590, 60, 364, '0'),
(591, 19, 365, '0'),
(592, 1, 365, '1'),
(593, 36, 366, '0'),
(594, 19, 367, '0'),
(595, 30, 367, '0'),
(596, 31, 367, '1'),
(597, 32, 367, '0'),
(598, 33, 367, '1'),
(599, 36, 367, '0'),
(600, 40, 367, '0'),
(601, 50, 367, '0'),
(602, 59, 367, '0'),
(603, 55, 368, '0'),
(604, 56, 368, '0'),
(605, 55, 369, '0'),
(606, 56, 369, '0'),
(607, 56, 370, '0'),
(608, 57, 371, '0'),
(609, 58, 371, '0'),
(610, 61, 372, '0'),
(611, 61, 373, '0'),
(612, 62, 374, '1'),
(613, 62, 375, '1'),
(614, 62, 376, '1'),
(615, 63, 377, '1'),
(616, 63, 378, '1'),
(617, 45, 379, '0'),
(618, 47, 379, '0'),
(619, 60, 380, '0'),
(620, 61, 380, '0'),
(621, 56, 381, '0'),
(622, 62, 381, '0'),
(623, 19, 382, '0'),
(624, 1, 382, '1'),
(625, 19, 383, '0'),
(626, 1, 383, '1'),
(627, 19, 384, '0'),
(628, 1, 384, '1'),
(629, 64, 385, '0'),
(630, 64, 386, '0'),
(631, 19, 387, '0'),
(632, 1, 387, '1'),
(633, 19, 388, '0'),
(634, 1, 388, '1'),
(635, 19, 389, '0'),
(636, 1, 389, '1'),
(637, 19, 390, '0'),
(638, 1, 390, '1'),
(639, 19, 391, '0'),
(640, 1, 391, '1'),
(641, 57, 392, '0'),
(642, 58, 392, '0'),
(643, 49, 393, '0'),
(644, 60, 394, '0'),
(645, 61, 394, '0'),
(646, 64, 394, '0'),
(647, 54, 395, '0'),
(648, 63, 395, '0'),
(649, 56, 396, '0'),
(650, 62, 396, '0'),
(651, 65, 397, '1'),
(652, 65, 398, '1'),
(653, 65, 399, '1'),
(654, 65, 400, '1'),
(655, 66, 401, '1'),
(656, 66, 402, '1'),
(657, 66, 403, '1'),
(658, 66, 404, '1'),
(659, 66, 405, '1'),
(660, 57, 406, '0'),
(661, 58, 406, '0'),
(662, 49, 407, '0'),
(663, 60, 408, '0'),
(664, 61, 408, '0'),
(665, 64, 408, '0'),
(666, 42, 409, '0'),
(667, 46, 409, '0'),
(668, 48, 409, '0'),
(669, 67, 410, '0'),
(670, 19, 411, '0'),
(671, 21, 411, '1'),
(672, 24, 411, '0'),
(673, 25, 411, '0'),
(674, 26, 411, '0'),
(675, 30, 411, '0'),
(676, 31, 411, '0'),
(677, 32, 411, '0'),
(678, 33, 411, '1'),
(679, 36, 411, '0'),
(680, 37, 411, '0'),
(681, 38, 411, '0'),
(682, 39, 411, '0'),
(683, 40, 411, '0'),
(684, 41, 411, '0'),
(685, 42, 411, '0'),
(686, 43, 411, '0'),
(687, 44, 411, '0'),
(688, 45, 411, '0'),
(689, 46, 411, '0'),
(690, 47, 411, '0'),
(691, 48, 411, '0'),
(692, 49, 411, '0'),
(693, 50, 411, '0'),
(694, 51, 411, '0'),
(695, 52, 411, '0'),
(696, 53, 411, '0'),
(697, 54, 411, '0'),
(698, 55, 411, '0'),
(699, 56, 411, '0'),
(700, 57, 411, '0'),
(701, 58, 411, '0'),
(702, 59, 411, '0'),
(703, 60, 411, '0'),
(704, 1, 411, '1'),
(705, 61, 411, '0'),
(706, 62, 411, '0'),
(707, 63, 411, '0'),
(708, 64, 411, '0'),
(709, 65, 411, '1'),
(710, 66, 411, '1'),
(711, 67, 411, '0'),
(712, 45, 412, '0'),
(713, 47, 412, '0'),
(714, 57, 413, '0'),
(715, 58, 413, '0'),
(716, 56, 414, '0'),
(717, 62, 414, '0'),
(718, 49, 415, '0'),
(719, 52, 416, '0'),
(720, 60, 416, '0'),
(721, 61, 416, '0'),
(722, 64, 416, '0'),
(723, 54, 417, '0'),
(724, 63, 417, '0'),
(725, 68, 418, '0'),
(726, 68, 419, '0'),
(727, 66, 420, '1'),
(728, 42, 421, '0'),
(729, 46, 421, '0'),
(730, 48, 421, '0'),
(731, 69, 422, '0'),
(732, 69, 423, '0'),
(733, 19, 424, '0'),
(734, 1, 424, '1'),
(735, 19, 425, '0'),
(736, 1, 425, '1'),
(737, 19, 426, '0'),
(738, 1, 426, '1'),
(739, 36, 427, '0'),
(740, 19, 428, '0'),
(741, 30, 428, '0'),
(742, 31, 428, '0'),
(743, 32, 428, '0'),
(744, 33, 428, '1'),
(745, 36, 428, '0'),
(746, 40, 428, '0'),
(747, 50, 428, '0'),
(748, 59, 428, '0'),
(749, 65, 428, '1'),
(750, 66, 428, '1'),
(751, 68, 429, '0'),
(752, 68, 430, '0'),
(753, 19, 431, '0'),
(754, 1, 431, '1'),
(755, 19, 432, '0'),
(756, 1, 432, '1'),
(757, 36, 433, '0'),
(758, 19, 434, '0'),
(759, 30, 434, '0'),
(760, 31, 434, '0'),
(761, 32, 434, '0'),
(762, 33, 434, '1'),
(763, 36, 434, '0'),
(764, 40, 434, '0'),
(765, 50, 434, '0'),
(766, 59, 434, '0'),
(767, 65, 434, '1'),
(768, 66, 434, '1'),
(769, 42, 435, '0'),
(770, 46, 435, '0'),
(771, 48, 435, '0'),
(772, 19, 436, '0'),
(773, 1, 436, '1'),
(774, 57, 437, '0'),
(775, 58, 437, '0'),
(776, 69, 438, '0'),
(777, 52, 439, '0'),
(778, 60, 439, '0'),
(779, 61, 439, '0'),
(780, 64, 439, '0'),
(781, 49, 440, '0'),
(782, 56, 441, '0'),
(783, 62, 441, '0'),
(784, 45, 442, '0'),
(785, 47, 442, '0'),
(786, 54, 443, '0'),
(787, 63, 443, '0'),
(788, 19, 444, '0'),
(789, 1, 444, '1'),
(790, 19, 445, '0'),
(791, 1, 445, '1'),
(792, 19, 446, '0'),
(793, 1, 446, '1'),
(794, 19, 447, '0'),
(795, 1, 447, '1'),
(796, 19, 448, '0'),
(797, 1, 448, '1'),
(798, 19, 449, '0'),
(799, 1, 449, '1'),
(800, 70, 450, '0'),
(801, 70, 451, '0'),
(802, 69, 452, '0'),
(803, 52, 453, '0'),
(804, 60, 453, '0'),
(805, 61, 453, '0'),
(806, 64, 453, '0'),
(807, 45, 454, '0'),
(808, 47, 454, '0'),
(809, 70, 455, '0'),
(810, 56, 456, '0'),
(811, 62, 456, '0'),
(812, 49, 457, '0'),
(813, 57, 458, '0'),
(814, 58, 458, '0'),
(815, 19, 459, '0'),
(816, 1, 459, '1'),
(817, 19, 460, '0'),
(818, 1, 460, '1'),
(819, 19, 461, '0'),
(820, 1, 461, '1'),
(821, 19, 462, '0'),
(822, 1, 462, '1'),
(823, 19, 463, '0'),
(824, 1, 463, '1'),
(825, 45, 464, '0'),
(826, 47, 464, '0'),
(827, 49, 465, '0'),
(828, 70, 466, '0'),
(829, 69, 467, '0'),
(830, 57, 468, '0'),
(831, 58, 468, '0'),
(832, 52, 469, '0'),
(833, 60, 469, '0'),
(834, 61, 469, '0'),
(835, 64, 469, '0'),
(836, 56, 470, '0'),
(837, 62, 470, '0'),
(838, 19, 471, '0'),
(839, 1, 471, '1'),
(840, 19, 472, '0'),
(841, 1, 472, '1'),
(842, 19, 473, '0'),
(843, 1, 473, '1'),
(844, 19, 474, '0'),
(845, 1, 474, '1'),
(846, 19, 475, '0'),
(847, 1, 475, '1'),
(848, 21, 476, '1'),
(849, 54, 477, '0'),
(850, 63, 477, '0'),
(851, 69, 478, '0'),
(852, 70, 479, '0'),
(853, 57, 480, '0'),
(854, 58, 480, '0'),
(855, 52, 481, '0'),
(856, 60, 481, '0'),
(857, 61, 481, '0'),
(858, 64, 481, '0'),
(859, 19, 482, '0'),
(860, 1, 482, '1'),
(861, 19, 483, '0'),
(862, 1, 483, '1'),
(863, 19, 484, '0'),
(864, 1, 484, '1'),
(865, 36, 485, '0'),
(866, 19, 486, '0'),
(867, 30, 486, '0'),
(868, 31, 486, '0'),
(869, 32, 486, '0'),
(870, 33, 486, '1'),
(871, 36, 486, '0'),
(872, 40, 486, '0'),
(873, 50, 486, '0'),
(874, 59, 486, '0'),
(875, 65, 486, '1'),
(876, 66, 486, '1'),
(877, 54, 487, '0'),
(878, 63, 487, '0'),
(879, 71, 488, '0'),
(880, 71, 489, '0'),
(881, 69, 490, '0'),
(882, 57, 491, '0'),
(883, 58, 491, '0'),
(884, 52, 492, '0'),
(885, 60, 492, '0'),
(886, 61, 492, '0'),
(887, 64, 492, '0'),
(888, 49, 493, '0'),
(889, 70, 494, '0'),
(890, 71, 494, '0'),
(891, 19, 495, '0'),
(892, 1, 495, '1'),
(893, 19, 496, '0'),
(894, 1, 496, '1'),
(895, 19, 497, '0'),
(896, 1, 497, '1'),
(897, 19, 498, '0'),
(898, 1, 498, '1'),
(899, 19, 499, '0'),
(900, 1, 499, '1'),
(901, 19, 500, '0'),
(902, 1, 500, '1'),
(903, 19, 501, '0'),
(904, 1, 501, '1'),
(905, 72, 502, '0'),
(906, 72, 503, '0'),
(907, 73, 504, '0'),
(908, 73, 505, '0'),
(909, 74, 506, '0'),
(910, 74, 507, '0'),
(911, 19, 508, '0'),
(912, 1, 508, '1'),
(913, 19, 509, '0'),
(914, 1, 509, '1'),
(915, 19, 510, '0'),
(916, 1, 510, '1'),
(917, 19, 511, '0'),
(918, 1, 511, '1'),
(919, 19, 512, '0'),
(920, 1, 512, '1'),
(921, 19, 513, '0'),
(922, 1, 513, '1'),
(923, 19, 514, '0'),
(924, 1, 514, '1'),
(925, 19, 515, '0'),
(926, 1, 515, '1'),
(927, 19, 516, '0'),
(928, 1, 516, '1'),
(929, 19, 517, '0'),
(930, 1, 517, '1'),
(931, 19, 518, '0'),
(932, 1, 518, '1'),
(933, 62, 519, '0'),
(934, 72, 520, '0'),
(935, 70, 521, '0'),
(936, 71, 521, '0'),
(937, 73, 521, '0'),
(938, 74, 522, '0'),
(939, 75, 523, '0'),
(940, 75, 524, '0'),
(941, 19, 525, '0'),
(942, 1, 525, '1'),
(943, 19, 526, '0'),
(944, 1, 526, '1'),
(945, 19, 527, '0'),
(946, 1, 527, '1'),
(947, 19, 528, '0'),
(948, 1, 528, '1'),
(949, 19, 529, '0'),
(950, 1, 529, '1'),
(951, 19, 530, '0'),
(952, 1, 530, '1'),
(953, 36, 531, '0'),
(954, 19, 532, '0'),
(955, 30, 532, '0'),
(956, 31, 532, '0'),
(957, 32, 532, '0'),
(958, 33, 532, '1'),
(959, 36, 532, '0'),
(960, 40, 532, '0'),
(961, 50, 532, '0'),
(962, 59, 532, '0'),
(963, 65, 532, '0'),
(964, 66, 532, '1'),
(965, 69, 533, '0'),
(966, 19, 534, '0'),
(967, 1, 534, '1'),
(968, 36, 535, '0'),
(969, 19, 536, '0'),
(970, 30, 536, '0'),
(971, 31, 536, '0'),
(972, 32, 536, '0'),
(973, 33, 536, '1'),
(974, 36, 536, '0'),
(975, 40, 536, '0'),
(976, 50, 536, '0'),
(977, 59, 536, '0'),
(978, 65, 536, '0'),
(979, 66, 536, '1'),
(980, 57, 537, '0'),
(981, 58, 537, '0'),
(982, 19, 538, '0'),
(983, 1, 538, '1'),
(984, 36, 539, '0'),
(985, 19, 540, '0'),
(986, 30, 540, '0'),
(987, 31, 540, '0'),
(988, 32, 540, '0'),
(989, 33, 540, '1'),
(990, 36, 540, '0'),
(991, 40, 540, '0'),
(992, 50, 540, '0'),
(993, 59, 540, '0'),
(994, 65, 540, '0'),
(995, 66, 540, '1'),
(996, 52, 541, '0'),
(997, 60, 541, '0'),
(998, 61, 541, '0'),
(999, 19, 542, '0'),
(1000, 1, 542, '1'),
(1001, 36, 543, '0'),
(1002, 19, 544, '0'),
(1003, 30, 544, '0'),
(1004, 31, 544, '0'),
(1005, 32, 544, '0'),
(1006, 33, 544, '1'),
(1007, 36, 544, '0'),
(1008, 40, 544, '0'),
(1009, 50, 544, '0'),
(1010, 59, 544, '0'),
(1011, 65, 544, '0'),
(1012, 66, 544, '1'),
(1013, 45, 545, '0'),
(1014, 47, 545, '0'),
(1015, 57, 546, '0'),
(1016, 58, 546, '0'),
(1017, 69, 547, '0'),
(1018, 64, 548, '0'),
(1019, 72, 548, '0'),
(1020, 75, 548, '0'),
(1021, 70, 549, '0'),
(1022, 71, 549, '0'),
(1023, 73, 549, '0'),
(1024, 74, 550, '0'),
(1025, 56, 551, '0'),
(1026, 62, 551, '0'),
(1027, 49, 552, '0'),
(1028, 66, 553, '0'),
(1029, 76, 554, '0'),
(1030, 76, 555, '0'),
(1031, 65, 556, '1'),
(1032, 19, 557, '0'),
(1033, 1, 557, '1'),
(1034, 64, 558, '0'),
(1035, 72, 558, '0'),
(1036, 75, 558, '0'),
(1037, 45, 559, '0'),
(1038, 47, 559, '0'),
(1039, 52, 560, '0'),
(1040, 60, 560, '0'),
(1041, 61, 560, '0'),
(1042, 19, 561, '0'),
(1043, 1, 561, '1'),
(1044, 19, 562, '0'),
(1045, 1, 562, '1'),
(1046, 64, 563, '0'),
(1047, 72, 563, '0'),
(1048, 75, 563, '0'),
(1049, 76, 564, '0'),
(1050, 19, 565, '0'),
(1051, 1, 565, '1'),
(1052, 19, 566, '0'),
(1053, 1, 566, '1'),
(1054, 74, 567, '0'),
(1055, 19, 568, '0'),
(1056, 1, 568, '1'),
(1057, 19, 569, '0'),
(1058, 1, 569, '1'),
(1059, 19, 570, '0'),
(1060, 1, 570, '1'),
(1061, 36, 571, '0'),
(1062, 19, 572, '0'),
(1063, 30, 572, '0'),
(1064, 31, 572, '0'),
(1065, 32, 572, '0'),
(1066, 33, 572, '1'),
(1067, 36, 572, '0'),
(1068, 40, 572, '0'),
(1069, 50, 572, '0'),
(1070, 59, 572, '0'),
(1071, 65, 572, '0'),
(1072, 66, 572, '0'),
(1073, 74, 573, '0'),
(1074, 19, 574, '0'),
(1075, 1, 574, '1'),
(1076, 19, 575, '0'),
(1077, 1, 575, '1'),
(1078, 19, 576, '0'),
(1079, 1, 576, '1'),
(1080, 19, 577, '0'),
(1081, 1, 577, '1'),
(1082, 56, 578, '0'),
(1083, 62, 578, '0'),
(1084, 19, 579, '0'),
(1085, 1, 579, '1'),
(1086, 50, 580, '0'),
(1087, 77, 581, '0'),
(1088, 78, 582, '1'),
(1089, 19, 583, '0'),
(1090, 1, 583, '1'),
(1091, 19, 584, '0'),
(1092, 1, 584, '1'),
(1093, 78, 585, '1'),
(1094, 78, 586, '1'),
(1095, 49, 587, '0'),
(1096, 70, 588, '0'),
(1097, 71, 588, '0'),
(1098, 73, 588, '0'),
(1099, 64, 589, '0'),
(1100, 72, 589, '0'),
(1101, 75, 589, '0'),
(1102, 76, 590, '0'),
(1103, 1, 591, '0'),
(1104, 21, 591, '0'),
(1105, 24, 591, '0'),
(1106, 25, 591, '0'),
(1107, 26, 591, '0'),
(1108, 30, 591, '0'),
(1109, 31, 591, '0'),
(1110, 32, 591, '0'),
(1111, 33, 591, '0'),
(1112, 36, 591, '0'),
(1113, 37, 591, '0'),
(1114, 38, 591, '0'),
(1115, 39, 591, '0'),
(1116, 40, 591, '0'),
(1117, 41, 591, '0'),
(1118, 42, 591, '0'),
(1119, 43, 591, '0'),
(1120, 44, 591, '0'),
(1121, 45, 591, '0'),
(1122, 46, 591, '0'),
(1123, 47, 591, '0'),
(1124, 48, 591, '0'),
(1125, 49, 591, '0'),
(1126, 50, 591, '0'),
(1127, 51, 591, '0'),
(1128, 52, 591, '0'),
(1129, 53, 591, '0'),
(1130, 54, 591, '0'),
(1131, 55, 591, '0'),
(1132, 56, 591, '0'),
(1133, 57, 591, '0'),
(1134, 58, 591, '0'),
(1135, 59, 591, '0'),
(1136, 60, 591, '0'),
(1137, 61, 591, '0'),
(1138, 62, 591, '0'),
(1139, 63, 591, '0'),
(1140, 64, 591, '0'),
(1141, 65, 591, '0'),
(1142, 66, 591, '0'),
(1143, 67, 591, '0'),
(1144, 68, 591, '0'),
(1145, 69, 591, '0'),
(1146, 70, 591, '0'),
(1147, 71, 591, '0'),
(1148, 72, 591, '0'),
(1149, 73, 591, '0'),
(1150, 74, 591, '0'),
(1151, 75, 591, '0'),
(1152, 76, 591, '0');

-- --------------------------------------------------------

--
-- Structure de la table `period`
--

CREATE TABLE `period` (
  `id` int(11) NOT NULL,
  `start` int(11) NOT NULL,
  `end` int(11) NOT NULL
) ENGINE=InnoDB DEFAULT CHARSET=utf8 COLLATE=utf8_general_mysql500_ci;

--
-- Déchargement des données de la table `period`
--

INSERT INTO `period` (`id`, `start`, `end`) VALUES
(1, 8, 11),
(2, 11, 14),
(3, 14, 17);

-- --------------------------------------------------------

--
-- Structure de la table `post`
--

CREATE TABLE `post` (
  `id` int(11) NOT NULL,
  `title` varchar(500) COLLATE utf8_general_mysql500_ci DEFAULT NULL,
  `content` text COLLATE utf8_general_mysql500_ci NOT NULL,
  `post_date` datetime NOT NULL,
  `solved` enum('0','1') COLLATE utf8_general_mysql500_ci NOT NULL DEFAULT '0',
  `user` int(11) NOT NULL,
  `visible` enum('0','1') COLLATE utf8_general_mysql500_ci NOT NULL DEFAULT '0',
  `category` int(11) NOT NULL,
  `comment_nbr` int(11) NOT NULL DEFAULT '0'
) ENGINE=InnoDB DEFAULT CHARSET=utf8 COLLATE=utf8_general_mysql500_ci;

--
-- Déchargement des données de la table `post`
--

INSERT INTO `post` (`id`, `title`, `content`, `post_date`, `solved`, `user`, `visible`, `category`, `comment_nbr`) VALUES
(1, 'Comment installer le logiciel SAGE SAARI', '<p>Bonjour &agrave; tous je suis apprenant &agrave; la formtion de <strong>Comptabilit&eacute; Informatis&eacute;e et de Gestion</strong> et j&#39;aimerai savoir cmoment installer le logiciel SAGE SAARI</p>', '2017-09-04 18:43:26', '1', 1, '1', 1, 1),
(2, 'markDown (simplifie la saisie HTML)', '<p>bonjour admin je propose d&#39;inclure markdown dans ce site pour facilliter la mise en forme du texte dans nos commentaires.&nbsp;<a href=\"https://openclassrooms.com/courses/redigez-en-markdown\">Lien du cours</a>.</p>', '2017-09-19 08:57:54', '0', 25, '1', 7, 0),
(4, 'Installation de WINDEV', 'Comment installé windev', '2017-09-29 11:42:44', '0', 24, '1', 6, 3),
(5, 'Qu\'entend t-on par pao', '<p>plus de d&eacute;tail</p>', '2018-01-30 10:45:28', '1', 21, '1', 17, 0),
(6, 'dfkjdfjfrsikjo', '<p>dfxuivfgbweonsre</p>', '2018-09-16 17:26:42', '0', 78, '1', 1, 0);

-- --------------------------------------------------------

--
-- Structure de la table `promotion`
--

CREATE TABLE `promotion` (
  `id` int(10) UNSIGNED NOT NULL,
  `code` char(16) COLLATE utf8_general_mysql500_ci NOT NULL,
  `start_date` date NOT NULL,
  `end_date` date DEFAULT NULL,
  `lesson` int(11) NOT NULL,
  `state` enum('-1','0','1','2') COLLATE utf8_general_mysql500_ci NOT NULL DEFAULT '0'
) ENGINE=InnoDB DEFAULT CHARSET=utf8 COLLATE=utf8_general_mysql500_ci;

--
-- Déchargement des données de la table `promotion`
--

INSERT INTO `promotion` (`id`, `code`, `start_date`, `end_date`, `lesson`, `state`) VALUES
(2, '17Z001', '2017-09-26', '2017-11-10', 22, '2'),
(3, '17Z003', '2017-09-28', '2017-11-07', 11, '2'),
(4, '17Z004', '2017-10-18', '2018-02-05', 11, '2'),
(5, '17Z005', '2017-10-25', NULL, 2, '-1'),
(6, '17Z006', '2017-10-29', '2018-04-09', 1, '2'),
(7, '17Z007', '2017-11-07', NULL, 10, '1'),
(8, '17Z008', '2017-11-11', NULL, 3, '-1'),
(9, '17Z009', '2017-11-19', '2018-03-04', 23, '2'),
(10, '17Z010', '2017-12-02', '2017-12-30', 17, '2'),
(11, '17Z011', '2017-12-04', '2018-05-31', 3, '2'),
(12, '17Z012', '2017-12-11', '2018-03-31', 1, '2'),
(13, '17Z013', '2017-12-30', '2018-04-09', 1, '2'),
(14, '18Z014', '2018-01-11', '2018-03-25', 4, '2'),
(15, '18Z015', '2018-02-05', '2018-02-06', 13, '2'),
(16, '18Z016', '2018-02-06', '2018-03-31', 1, '2'),
(17, '18Z017', '2018-02-17', NULL, 2, '1'),
(18, '18Z018', '2018-03-21', NULL, 1, '1'),
(19, '18Z019', '2018-03-21', '2018-04-30', 11, '2'),
(20, '18Z020', '2018-04-02', NULL, 1, '1');

-- --------------------------------------------------------

--
-- Structure de la table `pws_sms`
--

CREATE TABLE `pws_sms` (
  `id` int(11) NOT NULL,
  `phone` varchar(30) NOT NULL,
  `message` text NOT NULL,
  `date` varchar(255) NOT NULL,
  `state` int(11) NOT NULL
) ENGINE=MyISAM DEFAULT CHARSET=latin1;

--
-- Déchargement des données de la table `pws_sms`
--

INSERT INTO `pws_sms` (`id`, `phone`, `message`, `date`, `state`) VALUES
(1, '690983673', 'Halu mec !', '1513749181', 1);

-- --------------------------------------------------------

--
-- Structure de la table `registration`
--

CREATE TABLE `registration` (
  `id` int(11) NOT NULL,
  `code` char(16) COLLATE utf8_general_mysql500_ci NOT NULL,
  `registration_date` datetime NOT NULL,
  `state` enum('0','-1','1','2') COLLATE utf8_general_mysql500_ci NOT NULL,
  `amount` int(11) NOT NULL,
  `installment` mediumint(9) NOT NULL,
  `last_instalment` int(11) NOT NULL DEFAULT '0',
  `user` int(11) NOT NULL,
  `dead_line` date DEFAULT NULL,
  `promotion` int(11) DEFAULT NULL,
  `validate_date` date DEFAULT NULL,
  `lesson` int(11) NOT NULL,
  `slice_number` int(11) DEFAULT '1',
  `card` int(11) DEFAULT '0'
) ENGINE=InnoDB DEFAULT CHARSET=utf8 COLLATE=utf8_general_mysql500_ci;

--
-- Déchargement des données de la table `registration`
--

INSERT INTO `registration` (`id`, `code`, `registration_date`, `state`, `amount`, `installment`, `last_instalment`, `user`, `dead_line`, `promotion`, `validate_date`, `lesson`, `slice_number`, `card`) VALUES
(2, 'CART170923N001', '2017-09-23 15:03:13', '-1', 20000, 0, 0, 21, '2017-09-25', NULL, NULL, 16, 0, 0),
(3, 'SECO170924N003', '2017-09-24 22:09:35', '-1', 65000, 0, 0, 37, '2017-09-26', NULL, NULL, 2, 0, 0),
(4, 'AOBU170926N004', '2017-09-26 10:22:35', '2', 25000, 25000, 0, 39, NULL, 2, '2017-09-26', 22, 1, 0),
(5, 'SATT170928N005', '2017-09-28 07:58:02', '2', 15000, 15000, 0, 41, NULL, 3, '2017-09-28', 11, 1, 0),
(6, 'SATT171018N006', '2017-10-18 07:29:19', '-1', 15000, 10000, 0, 42, NULL, 4, '2017-10-18', 11, 1, 0),
(7, 'SECO171025N007', '2017-10-25 08:20:11', '1', 65000, 60000, 10000, 44, NULL, 5, '2017-10-25', 2, 4, 3),
(8, 'SEBU171029N008', '2017-10-29 09:34:21', '-1', 55000, 45000, 10000, 45, NULL, 6, '2017-10-29', 1, 3, 2),
(9, 'SATT171106N009', '2017-11-06 08:24:00', '2', 15000, 15000, 5000, 46, NULL, 4, '2017-11-06', 11, 2, 1),
(10, 'SEBU171106N010', '2017-11-06 10:41:12', '2', 40000, 40000, 20000, 47, NULL, 6, '2017-11-06', 1, 2, 2),
(12, 'SATT171107N011', '2017-11-07 11:28:56', '2', 11000, 11000, 0, 48, NULL, 4, '2017-11-07', 11, 1, 0),
(13, 'ALGO171107N013', '2017-11-07 12:46:20', '1', 75000, 75000, 25000, 49, NULL, 7, '2017-11-07', 10, 3, 4),
(14, 'SEBU171111N014', '2017-11-11 12:02:38', '2', 70000, 70000, 5000, 52, NULL, 13, '2017-11-11', 1, 6, 5),
(15, 'HTML171119N015', '2017-11-19 15:00:32', '-1', 50000, 25000, 0, 54, NULL, 9, '2017-11-19', 23, 1, 0),
(16, 'RICA171124N016', '2017-11-24 11:34:32', '1', 75000, 75000, 25000, 54, NULL, 8, '2017-11-24', 3, 2, 1),
(17, 'SECO171124N017', '2017-11-24 11:46:33', '1', 60000, 30000, 0, 53, NULL, 5, '2017-11-24', 2, 1, 0),
(18, 'MINA171202N018', '2017-12-02 08:56:21', '2', 35000, 35000, 20000, 55, NULL, 10, '2017-12-02', 17, 2, 1),
(19, 'MINA171204N019', '2017-12-04 13:48:52', '2', 35000, 35000, 0, 56, NULL, 10, '2017-12-04', 17, 1, 0),
(20, 'RICA171204N020', '2017-12-04 14:07:52', '2', 85000, 85000, 45000, 56, NULL, 11, '2017-12-04', 3, 2, 1),
(21, 'SEBU171211N021', '2017-12-11 11:13:32', '-1', 55000, 30000, 0, 57, NULL, 12, '2017-12-11', 1, 1, 0),
(22, 'SEBU171212N022', '2017-12-12 13:41:37', '2', 55000, 55000, 8000, 58, NULL, 12, '2017-12-12', 1, 3, 3),
(23, 'TICF171216N023', '2017-12-16 01:12:16', '-1', 15000, 0, 0, 21, '2017-12-17', NULL, NULL, 21, 0, 0),
(24, 'SEBU171230N024', '2017-12-30 08:48:25', '-1', 55000, 36500, 20000, 60, NULL, 13, '2017-12-30', 1, 2, 1),
(25, 'SEBU180109N025', '2018-01-09 10:52:49', '2', 55000, 55000, 15000, 61, NULL, 13, '2018-01-09', 1, 2, 1),
(26, 'MINF180111N026', '2018-01-11 11:13:30', '-1', 60000, 20000, 0, 62, NULL, 14, '2018-01-11', 4, 1, 0),
(27, 'RICA180111N027', '2018-01-11 11:16:29', '2', 60000, 60000, 20000, 62, NULL, 11, '2018-01-11', 3, 3, 2),
(28, 'HTML180111N028', '2018-01-11 11:35:30', '2', 35000, 35000, 10000, 63, NULL, 9, '2018-01-11', 23, 2, 1),
(29, 'SEBU180119N029', '2018-01-19 11:08:47', '1', 55000, 30000, 0, 64, NULL, 18, '2018-01-19', 1, 1, 0),
(30, 'EXCA180205N030', '2018-02-05 08:47:39', '2', 24000, 24000, 0, 68, NULL, 15, '2018-02-05', 13, 1, 0),
(31, 'SEBU180206N031', '2018-02-06 10:02:46', '2', 45000, 45000, 0, 69, NULL, 16, '2018-02-06', 1, 1, 0),
(32, 'SECO180217N032', '2018-02-17 12:21:46', '1', 65000, 45000, 20000, 70, NULL, 17, '2018-02-17', 2, 2, 1),
(33, 'AOBU180303N033', '2018-03-03 11:41:52', '-1', 30000, 0, 0, 21, '2018-03-05', NULL, NULL, 22, 0, 0),
(34, 'SECO180309N034', '2018-03-09 10:23:47', '1', 65000, 45000, 20000, 71, NULL, 17, '2018-03-09', 2, 2, 1),
(35, 'SEBU180321N035', '2018-03-21 15:37:58', '1', 55000, 55000, 10000, 72, NULL, 18, '2018-03-21', 1, 3, 2),
(36, 'SECO180321N036', '2018-03-21 15:42:58', '1', 65000, 40000, 10000, 73, NULL, 17, '2018-03-21', 2, 2, 1),
(37, 'SATT180321N037', '2018-03-21 15:46:49', '2', 15000, 15000, 0, 74, NULL, 19, '2018-03-21', 11, 1, 0),
(38, 'SEBU180326N038', '2018-03-26 14:52:57', '1', 55000, 40000, 20000, 75, NULL, 18, '2018-03-26', 1, 2, 1),
(39, 'SEBU180402N039', '2018-04-02 15:00:04', '1', 55000, 40000, 0, 76, NULL, 20, '2018-04-02', 1, 1, 0);

-- --------------------------------------------------------

--
-- Structure de la table `role`
--

CREATE TABLE `role` (
  `id` int(11) NOT NULL,
  `label` varchar(128) COLLATE utf8_general_mysql500_ci NOT NULL
) ENGINE=InnoDB DEFAULT CHARSET=utf8 COLLATE=utf8_general_mysql500_ci;

--
-- Déchargement des données de la table `role`
--

INSERT INTO `role` (`id`, `label`) VALUES
(1, 'Inscrit'),
(2, 'Apprenant'),
(3, 'Formateur'),
(4, 'Moderateur'),
(5, 'Gérant'),
(6, 'Administrateur');

-- --------------------------------------------------------

--
-- Structure de la table `sessions`
--

CREATE TABLE `sessions` (
  `id` int(11) NOT NULL,
  `code` varchar(25) COLLATE utf8_general_mysql500_ci NOT NULL,
  `lesson` int(11) DEFAULT NULL,
  `promotion` varchar(255) COLLATE utf8_general_mysql500_ci NOT NULL,
  `user` int(11) DEFAULT NULL,
  `start_date` date NOT NULL,
  `period` int(11) NOT NULL,
  `duration` tinyint(3) UNSIGNED NOT NULL,
  `day` int(10) UNSIGNED NOT NULL
) ENGINE=InnoDB DEFAULT CHARSET=utf8 COLLATE=utf8_general_mysql500_ci;

--
-- Déchargement des données de la table `sessions`
--

INSERT INTO `sessions` (`id`, `code`, `lesson`, `promotion`, `user`, `start_date`, `period`, `duration`, `day`) VALUES
(16, 'SESS00117Z001', NULL, '#2#', 33, '2017-09-25', 2, 3, 2),
(17, 'SESS00217Z001', NULL, '#2#', 33, '2017-09-25', 2, 3, 4),
(18, 'SESS00317Z001', NULL, '#2#', 33, '2017-09-25', 2, 3, 5),
(19, 'SESS00117Z003', NULL, '#3#', 40, '2017-10-02', 1, 3, 1),
(20, 'SESS00417Z001', NULL, '#2#', 40, '2017-10-02', 2, 3, 2),
(21, 'SESS00217Z003', NULL, '#3#', 40, '2017-10-02', 3, 3, 2),
(22, 'SESS00317Z003', NULL, '#3#', 33, '2017-10-02', 1, 3, 3),
(23, 'SESS00517Z001', NULL, '#2#', 40, '2017-10-02', 2, 3, 4),
(24, 'SESS00417Z003', NULL, '#3#', 40, '2017-10-02', 3, 3, 4),
(25, 'SESS00517Z003', NULL, '#3#', 40, '2017-10-02', 1, 3, 5),
(26, 'SESS00617Z001', NULL, '#2#', 40, '2017-10-02', 2, 3, 5),
(27, 'SESS00717Z001', NULL, '#2#', NULL, '2017-10-09', 2, 3, 1),
(28, 'SESS00817Z001', NULL, '#2#', NULL, '2017-10-09', 2, 3, 2),
(29, 'SESS00917Z001', NULL, '#2#', 40, '2017-10-09', 2, 3, 4),
(30, 'SESS01017Z001', NULL, '#2#', 40, '2017-10-09', 3, 3, 5),
(31, 'SESS01117Z001', NULL, '#2#', NULL, '2017-10-16', 2, 3, 1),
(32, 'SESS01217Z001', NULL, '#2#', NULL, '2017-10-16', 2, 3, 2),
(40, 'SESS001#654', NULL, '#6#5#4#', 33, '2017-11-06', 1, 3, 2),
(41, 'SESS01317Z001', NULL, '#2#', 33, '2017-11-06', 2, 3, 2),
(42, 'SESS001#56', NULL, '#5#6#', 33, '2017-11-06', 1, 3, 3),
(43, 'SESS002#56', NULL, '#5#6#', NULL, '2017-11-06', 1, 3, 4),
(44, 'SESS00117Z004', NULL, '#4#', NULL, '2017-11-06', 2, 3, 4),
(45, 'SESS00217Z004', NULL, '#4#', NULL, '2017-11-06', 3, 3, 5),
(46, 'SESS003#56', NULL, '#5#6#', NULL, '2017-11-06', 1, 3, 6),
(47, 'SESS00317Z004', NULL, '#4#', NULL, '2017-11-13', 1, 3, 1),
(48, 'SESS00117Z007', NULL, '#7#', NULL, '2017-11-13', 2, 3, 1),
(49, 'SESS001#65', NULL, '#6#5#', NULL, '2017-11-13', 1, 3, 2),
(50, 'SESS00117Z008', NULL, '#8#', NULL, '2017-11-13', 3, 3, 2),
(51, 'SESS002#65', NULL, '#6#5#', NULL, '2017-11-13', 1, 3, 3),
(52, 'SESS00417Z004', NULL, '#4#', NULL, '2017-11-13', 2, 3, 3),
(53, 'SESS003#65', NULL, '#6#5#', NULL, '2017-11-13', 1, 3, 4),
(54, 'SESS00217Z007', NULL, '#7#', NULL, '2017-11-13', 2, 3, 4),
(55, 'SESS00217Z008', NULL, '#8#', NULL, '2017-11-13', 3, 3, 4),
(56, 'SESS00517Z004', NULL, '#4#', NULL, '2017-11-13', 1, 3, 5),
(57, 'SESS00317Z008', NULL, '#8#', NULL, '2017-11-13', 3, 3, 5),
(58, 'SESS004#65', NULL, '#6#5#', NULL, '2017-11-13', 1, 3, 6),
(59, 'SESS00317Z007', NULL, '#7#', NULL, '2017-11-13', 3, 3, 6),
(60, 'SESS00117Z009', NULL, '#9#', NULL, '2017-11-20', 1, 3, 1),
(61, 'SESS00417Z007', NULL, '#7#', NULL, '2017-11-20', 2, 3, 1),
(62, 'SESS005#65', NULL, '#6#5#', NULL, '2017-11-20', 1, 3, 2),
(63, 'SESS00217Z009', NULL, '#9#', NULL, '2017-11-20', 1, 3, 3),
(64, 'SESS00417Z008', NULL, '#8#', NULL, '2017-11-20', 2, 3, 3),
(65, 'SESS006#65', NULL, '#6#5#', NULL, '2017-11-20', 1, 3, 4),
(66, 'SESS00517Z007', NULL, '#7#', NULL, '2017-11-20', 2, 3, 4),
(67, 'SESS00517Z008', NULL, '#8#', NULL, '2017-11-20', 3, 3, 4),
(68, 'SESS007#65', NULL, '#6#5#', NULL, '2017-11-20', 1, 3, 5),
(69, 'SESS00317Z009', NULL, '#9#', NULL, '2017-11-20', 2, 3, 5),
(70, 'SESS00417Z009', NULL, '#9#', NULL, '2017-11-20', 1, 3, 6),
(71, 'SESS00617Z008', NULL, '#8#', NULL, '2017-11-20', 2, 3, 6),
(72, 'SESS00617Z007', NULL, '#7#', NULL, '2017-11-20', 3, 3, 6),
(73, 'SESS00717Z007', NULL, '#7#', NULL, '2017-11-27', 2, 3, 1),
(74, 'SESS00517Z009', NULL, '#9#', NULL, '2017-11-27', 2, 3, 2),
(75, 'SESS00717Z008', NULL, '#8#', NULL, '2017-11-27', 1, 3, 3),
(76, 'SESS00617Z009', NULL, '#9#', NULL, '2017-11-27', 2, 3, 3),
(77, 'SESS00817Z007', NULL, '#7#', NULL, '2017-11-27', 2, 3, 4),
(78, 'SESS00817Z008', NULL, '#8#', NULL, '2017-11-27', 3, 3, 4),
(79, 'SESS00717Z009', NULL, '#9#', NULL, '2017-11-27', 2, 3, 5),
(80, 'SESS00917Z008', NULL, '#8#', NULL, '2017-11-27', 1, 3, 6),
(81, 'SESS01017Z008', NULL, '#8#', NULL, '2017-11-27', 2, 3, 6),
(82, 'SESS00917Z007', NULL, '#7#', NULL, '2017-11-27', 3, 3, 6),
(83, 'SESS00817Z009', NULL, '#9#', NULL, '2017-12-04', 1, 3, 1),
(84, 'SESS01017Z007', NULL, '#7#', NULL, '2017-12-04', 2, 3, 1),
(85, 'SESS00117Z010', NULL, '#10#', NULL, '2017-12-04', 3, 3, 1),
(86, 'SESS008#65', NULL, '#6#5#', NULL, '2017-12-04', 1, 3, 2),
(87, 'SESS00917Z009', NULL, '#9#', NULL, '2017-12-04', 2, 3, 2),
(88, 'SESS00217Z010', NULL, '#10#', NULL, '2017-12-04', 1, 3, 3),
(89, 'SESS01017Z009', NULL, '#9#', NULL, '2017-12-04', 2, 3, 3),
(90, 'SESS009#65', NULL, '#6#5#', NULL, '2017-12-04', 1, 3, 4),
(91, 'SESS01117Z007', NULL, '#7#', NULL, '2017-12-04', 2, 3, 4),
(92, 'SESS00317Z010', NULL, '#10#', NULL, '2017-12-04', 1, 3, 5),
(93, 'SESS01117Z009', NULL, '#9#', NULL, '2017-12-04', 2, 3, 5),
(94, 'SESS010#65', NULL, '#6#5#', NULL, '2017-12-04', 1, 3, 6),
(95, 'SESS00417Z010', NULL, '#10#', NULL, '2017-12-04', 2, 3, 6),
(96, 'SESS01217Z007', NULL, '#7#', NULL, '2017-12-04', 3, 3, 6),
(97, 'SESS01317Z007', NULL, '#7#', NULL, '2017-12-11', 1, 3, 1),
(98, 'SESS011#65', NULL, '#6#5#', NULL, '2017-12-11', 2, 3, 1),
(99, 'SESS00517Z010', NULL, '#10#', NULL, '2017-12-11', 3, 3, 1),
(100, 'SESS00617Z010', NULL, '#10#', NULL, '2017-12-11', 1, 3, 2),
(101, 'SESS01217Z009', NULL, '#9#', NULL, '2017-12-11', 2, 3, 2),
(102, 'SESS00717Z010', NULL, '#10#', NULL, '2017-12-11', 1, 3, 3),
(103, 'SESS01317Z009', NULL, '#9#', NULL, '2017-12-11', 2, 3, 3),
(104, 'SESS01117Z008', NULL, '#8#', NULL, '2017-12-11', 3, 3, 3),
(105, 'SESS00817Z010', NULL, '#10#', NULL, '2017-12-11', 1, 3, 4),
(106, 'SESS01417Z007', NULL, '#7#', NULL, '2017-12-11', 2, 3, 4),
(107, 'SESS01417Z009', NULL, '#9#', NULL, '2017-12-11', 3, 3, 4),
(108, 'SESS001#109', NULL, '#10#9#', NULL, '2017-12-11', 1, 3, 5),
(109, 'SESS01217Z008', NULL, '#8#', NULL, '2017-12-11', 2, 3, 5),
(110, 'SESS01317Z008', NULL, '#8#', NULL, '2017-12-11', 3, 3, 5),
(111, 'SESS00917Z010', NULL, '#10#', NULL, '2017-12-11', 1, 3, 6),
(112, 'SESS01417Z008', NULL, '#8#', NULL, '2017-12-11', 2, 3, 6),
(113, 'SESS01517Z007', NULL, '#7#', NULL, '2017-12-11', 3, 3, 6),
(114, 'SESS001#79', NULL, '#7#9#', NULL, '2017-12-18', 2, 3, 1),
(115, 'SESS01517Z008', NULL, '#8#', NULL, '2017-12-18', 3, 3, 1),
(116, 'SESS01517Z009', NULL, '#9#', NULL, '2017-12-18', 1, 3, 2),
(117, 'SESS001#812', NULL, '#8#12#', NULL, '2017-12-18', 2, 3, 2),
(118, 'SESS01617Z008', NULL, '#8#', NULL, '2017-12-18', 3, 3, 2),
(119, 'SESS01617Z009', NULL, '#9#', NULL, '2017-12-18', 1, 3, 3),
(120, 'SESS002#812', NULL, '#8#12#', NULL, '2017-12-18', 2, 3, 3),
(121, 'SESS001#89', NULL, '#8#9#', NULL, '2017-12-18', 3, 3, 3),
(122, 'SESS004#56', NULL, '#5#6#', NULL, '2017-12-18', 1, 3, 4),
(123, 'SESS001#712', NULL, '#7#12#', NULL, '2017-12-18', 2, 3, 4),
(124, 'SESS01617Z007', NULL, '#7#', NULL, '2017-12-18', 3, 3, 4),
(125, 'SESS005#56', NULL, '#5#6#', NULL, '2017-12-18', 1, 3, 5),
(126, 'SESS001#912', NULL, '#9#12#', NULL, '2017-12-18', 2, 3, 5),
(127, 'SESS006#56', NULL, '#5#6#', NULL, '2017-12-18', 1, 3, 6),
(128, 'SESS01717Z007', NULL, '#7#', NULL, '2017-12-18', 3, 3, 6),
(129, 'SESS00117Z012', NULL, '#12#', NULL, '2017-12-25', 1, 3, 2),
(130, 'SESS01817Z007', NULL, '#7#', NULL, '2017-12-25', 2, 3, 2),
(131, 'SESS00117Z011', NULL, '#11#', NULL, '2017-12-25', 1, 3, 3),
(132, 'SESS00217Z012', NULL, '#12#', NULL, '2017-12-25', 2, 3, 3),
(133, 'SESS001#117', NULL, '#11#7#', NULL, '2017-12-25', 1, 3, 4),
(134, 'SESS001#412', NULL, '#4#12#', NULL, '2017-12-25', 2, 3, 4),
(135, 'SESS002#712', NULL, '#7#12#', NULL, '2017-12-25', 1, 3, 5),
(136, 'SESS00617Z004', NULL, '#4#', NULL, '2017-12-25', 1, 3, 6),
(137, 'SESS00217Z011', NULL, '#11#', NULL, '2018-01-01', 1, 3, 3),
(138, 'SESS00317Z012', NULL, '#12#', NULL, '2018-01-01', 2, 3, 3),
(139, 'SESS00317Z011', NULL, '#11#', NULL, '2018-01-01', 1, 3, 4),
(140, 'SESS00417Z012', NULL, '#12#', NULL, '2018-01-01', 2, 3, 4),
(141, 'SESS00517Z012', NULL, '#12#', NULL, '2018-01-01', 2, 3, 5),
(142, 'SESS00117Z006', NULL, '#6#', NULL, '2018-01-15', 1, 3, 1),
(143, 'SESS00217Z006', NULL, '#6#', NULL, '2018-01-15', 1, 3, 2),
(144, 'SESS00117Z013', NULL, '#13#', NULL, '2018-01-15', 2, 3, 2),
(145, 'SESS00217Z013', NULL, '#13#', NULL, '2018-01-15', 1, 3, 4),
(146, 'SESS00417Z011', NULL, '#11#', NULL, '2018-01-15', 2, 3, 5),
(147, 'SESS00317Z013', NULL, '#13#', NULL, '2018-01-15', 1, 3, 6),
(148, 'SESS00517Z011', NULL, '#11#', NULL, '2018-01-15', 2, 3, 6),
(149, 'SESS00617Z012', NULL, '#12#', NULL, '2018-01-22', 1, 3, 1),
(150, 'SESS01917Z007', NULL, '#7#', NULL, '2018-01-22', 2, 3, 1),
(151, 'SESS00417Z013', NULL, '#13#', NULL, '2018-01-22', 3, 3, 1),
(152, 'SESS01717Z009', NULL, '#9#', NULL, '2018-01-22', 1, 3, 2),
(153, 'SESS00517Z013', NULL, '#13#', NULL, '2018-01-22', 2, 3, 2),
(154, 'SESS00717Z012', NULL, '#12#', NULL, '2018-01-22', 3, 3, 2),
(155, 'SESS00817Z012', NULL, '#12#', NULL, '2018-01-22', 1, 3, 3),
(156, 'SESS02017Z007', NULL, '#7#', NULL, '2018-01-22', 2, 3, 3),
(157, 'SESS01817Z009', NULL, '#9#', NULL, '2018-01-22', 1, 3, 4),
(158, 'SESS00617Z013', NULL, '#13#', NULL, '2018-01-22', 2, 3, 4),
(159, 'SESS02117Z007', NULL, '#7#', NULL, '2018-01-22', 3, 3, 4),
(160, 'SESS00917Z012', NULL, '#12#', NULL, '2018-01-22', 1, 3, 5),
(161, 'SESS00617Z011', NULL, '#11#', NULL, '2018-01-22', 2, 3, 5),
(162, 'SESS02217Z007', NULL, '#7#', NULL, '2018-01-22', 3, 3, 5),
(163, 'SESS00717Z013', NULL, '#13#', NULL, '2018-01-22', 1, 3, 6),
(164, 'SESS00717Z011', NULL, '#11#', NULL, '2018-01-22', 2, 3, 6),
(165, 'SESS02317Z007', NULL, '#7#', NULL, '2018-01-22', 3, 3, 6),
(166, 'SESS01017Z012', NULL, '#12#', NULL, '2018-01-29', 1, 3, 1),
(167, 'SESS02417Z007', NULL, '#7#', NULL, '2018-01-29', 2, 3, 1),
(168, 'SESS00817Z013', NULL, '#13#', NULL, '2018-01-29', 3, 3, 1),
(169, 'SESS01117Z012', NULL, '#12#', NULL, '2018-01-29', 1, 3, 2),
(170, 'SESS00917Z013', NULL, '#13#', NULL, '2018-01-29', 2, 3, 2),
(171, 'SESS02517Z007', NULL, '#7#', NULL, '2018-01-29', 3, 3, 2),
(172, 'SESS02617Z007', NULL, '#7#', NULL, '2018-01-29', 1, 3, 3),
(173, 'SESS01217Z012', NULL, '#12#', NULL, '2018-01-29', 2, 3, 3),
(174, 'SESS02717Z007', NULL, '#7#', NULL, '2018-01-29', 1, 3, 4),
(175, 'SESS01017Z013', NULL, '#13#', NULL, '2018-01-29', 2, 3, 4),
(176, 'SESS01317Z012', NULL, '#12#', NULL, '2018-01-29', 1, 3, 5),
(177, 'SESS00717Z004', NULL, '#4#', NULL, '2018-01-29', 3, 3, 5),
(178, 'SESS01117Z013', NULL, '#13#', NULL, '2018-01-29', 1, 3, 6),
(179, 'SESS00817Z004', NULL, '#4#', NULL, '2018-01-29', 3, 3, 6),
(180, 'SESS00317Z006', NULL, '#6#', NULL, '2018-02-05', 1, 3, 1),
(181, 'SESS01417Z012', NULL, '#12#', NULL, '2018-02-05', 2, 3, 1),
(182, 'SESS00417Z006', NULL, '#6#', NULL, '2018-02-05', 1, 3, 2),
(183, 'SESS001#1112', NULL, '#11#12#', NULL, '2018-02-05', 2, 3, 2),
(184, 'SESS02817Z007', NULL, '#7#', NULL, '2018-02-05', 3, 3, 2),
(185, 'SESS001#76', NULL, '#7#6#', NULL, '2018-02-05', 1, 3, 3),
(186, 'SESS01217Z013', NULL, '#13#', NULL, '2018-02-05', 2, 3, 3),
(187, 'SESS01917Z009', NULL, '#9#', NULL, '2018-02-05', 3, 3, 3),
(188, 'SESS002#76', NULL, '#7#6#', NULL, '2018-02-05', 1, 3, 4),
(189, 'SESS01317Z013', NULL, '#13#', NULL, '2018-02-05', 2, 3, 4),
(190, 'SESS02017Z009', NULL, '#9#', NULL, '2018-02-05', 3, 3, 4),
(191, 'SESS001#116', NULL, '#11#6#', NULL, '2018-02-05', 1, 3, 5),
(192, 'SESS01417Z013', NULL, '#13#', NULL, '2018-02-05', 2, 3, 5),
(193, 'SESS02117Z009', NULL, '#9#', NULL, '2018-02-05', 3, 3, 5),
(194, 'SESS002#116', NULL, '#11#6#', NULL, '2018-02-05', 1, 3, 6),
(195, 'SESS01517Z012', NULL, '#12#', NULL, '2018-02-05', 2, 3, 6),
(196, 'SESS001#1216', NULL, '#12#16#', NULL, '2018-02-12', 2, 3, 1),
(197, 'SESS01517Z013', NULL, '#13#', NULL, '2018-02-12', 3, 3, 1),
(198, 'SESS01617Z012', NULL, '#12#', NULL, '2018-02-12', 1, 3, 2),
(199, 'SESS001#1613', NULL, '#16#13#', NULL, '2018-02-12', 2, 3, 2),
(200, 'SESS02917Z007', NULL, '#7#', NULL, '2018-02-12', 3, 3, 2),
(201, 'SESS003#116', NULL, '#11#6#', NULL, '2018-02-12', 2, 3, 3),
(202, 'SESS02217Z009', NULL, '#9#', NULL, '2018-02-12', 3, 3, 3),
(203, 'SESS03017Z007', NULL, '#7#', NULL, '2018-02-12', 1, 3, 4),
(204, 'SESS004#116', NULL, '#11#6#', NULL, '2018-02-12', 2, 3, 4),
(205, 'SESS02317Z009', NULL, '#9#', NULL, '2018-02-12', 3, 3, 4),
(206, 'SESS03117Z007', NULL, '#7#', NULL, '2018-02-12', 1, 3, 5),
(207, 'SESS001#126', NULL, '#12#6#', NULL, '2018-02-12', 2, 3, 5),
(208, 'SESS02417Z009', NULL, '#9#', NULL, '2018-02-12', 3, 3, 5),
(209, 'SESS00817Z011', NULL, '#11#', NULL, '2018-02-12', 1, 3, 6),
(210, 'SESS002#1613', NULL, '#16#13#', NULL, '2018-02-12', 2, 3, 6),
(211, 'SESS00118Z016', NULL, '#16#', NULL, '2018-02-19', 1, 3, 1),
(212, 'SESS001#136', NULL, '#13#6#', NULL, '2018-02-19', 2, 3, 1),
(213, 'SESS00118Z017', NULL, '#17#', NULL, '2018-02-19', 3, 3, 1),
(214, 'SESS001#1116', NULL, '#11#16#', NULL, '2018-02-19', 1, 3, 2),
(215, 'SESS001#713', NULL, '#7#13#', NULL, '2018-02-19', 2, 3, 2),
(216, 'SESS00218Z017', NULL, '#17#', NULL, '2018-02-19', 3, 3, 2),
(217, 'SESS00917Z011', NULL, '#11#', NULL, '2018-02-19', 1, 3, 3),
(218, 'SESS002#126', NULL, '#12#6#', NULL, '2018-02-19', 2, 3, 3),
(219, 'SESS001#131617', NULL, '#13#16#17#', NULL, '2018-02-19', 3, 3, 3),
(220, 'SESS001#711', NULL, '#7#11#', NULL, '2018-02-19', 1, 3, 4),
(221, 'SESS003#126', NULL, '#12#6#', NULL, '2018-02-19', 2, 3, 4),
(222, 'SESS002#131617', NULL, '#13#16#17#', NULL, '2018-02-19', 3, 3, 4),
(223, 'SESS001#1211', NULL, '#12#11#', NULL, '2018-02-19', 1, 3, 5),
(224, 'SESS002#713', NULL, '#7#13#', NULL, '2018-02-19', 2, 3, 5),
(225, 'SESS001#1716', NULL, '#17#16#', NULL, '2018-02-19', 3, 3, 5),
(226, 'SESS01017Z011', NULL, '#11#', NULL, '2018-02-19', 1, 3, 6),
(227, 'SESS001#137', NULL, '#13#7#', NULL, '2018-02-19', 2, 3, 6),
(228, 'SESS002#1716', NULL, '#17#16#', NULL, '2018-02-19', 3, 3, 6),
(229, 'SESS00517Z006', NULL, '#6#', NULL, '2018-02-26', 3, 3, 1),
(230, 'SESS03217Z007', NULL, '#7#', NULL, '2018-02-26', 2, 3, 2),
(231, 'SESS003#1716', NULL, '#17#16#', NULL, '2018-02-26', 3, 3, 2),
(232, 'SESS00617Z006', NULL, '#6#', NULL, '2018-02-26', 1, 3, 3),
(233, 'SESS01717Z012', NULL, '#12#', NULL, '2018-02-26', 2, 3, 3),
(234, 'SESS004#1716', NULL, '#17#16#', NULL, '2018-02-26', 3, 3, 3),
(235, 'SESS003#713', NULL, '#7#13#', NULL, '2018-02-26', 1, 3, 4),
(236, 'SESS01817Z012', NULL, '#12#', NULL, '2018-02-26', 2, 3, 4),
(237, 'SESS001#1213', NULL, '#12#13#', NULL, '2018-02-26', 1, 3, 5),
(238, 'SESS03317Z007', NULL, '#7#', NULL, '2018-02-26', 2, 3, 5),
(239, 'SESS001#1611', NULL, '#16#11#', NULL, '2018-02-26', 3, 3, 5),
(240, 'SESS01617Z013', NULL, '#13#', NULL, '2018-02-26', 1, 3, 6),
(241, 'SESS03417Z007', NULL, '#7#', NULL, '2018-02-26', 2, 3, 6),
(242, 'SESS01117Z011', NULL, '#11#', NULL, '2018-02-26', 3, 3, 6),
(243, 'SESS00218Z016', NULL, '#16#', NULL, '2018-03-05', 2, 3, 1),
(244, 'SESS00318Z017', NULL, '#17#', NULL, '2018-03-05', 3, 3, 1),
(245, 'SESS01917Z012', NULL, '#12#', NULL, '2018-03-05', 1, 3, 2),
(246, 'SESS00318Z016', NULL, '#16#', NULL, '2018-03-05', 2, 3, 2),
(247, 'SESS01717Z013', NULL, '#13#', NULL, '2018-03-05', 1, 3, 3),
(248, 'SESS00418Z016', NULL, '#16#', NULL, '2018-03-05', 2, 3, 3),
(249, 'SESS01817Z013', NULL, '#13#', NULL, '2018-03-05', 1, 3, 4),
(250, 'SESS02017Z012', NULL, '#12#', NULL, '2018-03-05', 1, 3, 5),
(251, 'SESS00518Z016', NULL, '#16#', NULL, '2018-03-12', 2, 3, 1),
(252, 'SESS02117Z012', NULL, '#12#', NULL, '2018-03-12', 3, 3, 1),
(253, 'SESS01917Z013', NULL, '#13#', NULL, '2018-03-12', 1, 3, 2),
(254, 'SESS03517Z007', NULL, '#7#', NULL, '2018-03-12', 2, 3, 2),
(255, 'SESS03617Z007', NULL, '#7#', NULL, '2018-03-12', 1, 3, 3),
(256, 'SESS00618Z016', NULL, '#16#', NULL, '2018-03-12', 3, 3, 3),
(257, 'SESS02017Z013', NULL, '#13#', NULL, '2018-03-12', 1, 3, 4),
(258, 'SESS00718Z016', NULL, '#16#', NULL, '2018-03-12', 2, 3, 4),
(259, 'SESS00418Z017', NULL, '#17#', NULL, '2018-03-12', 3, 3, 4),
(260, 'SESS03717Z007', NULL, '#7#', NULL, '2018-03-12', 1, 3, 5),
(261, 'SESS02217Z012', NULL, '#12#', NULL, '2018-03-12', 1, 3, 6),
(262, 'SESS00118Z018', NULL, '#18#', NULL, '2018-03-26', 2, 3, 1),
(263, 'SESS00518Z017', NULL, '#17#', NULL, '2018-03-26', 3, 3, 1),
(264, 'SESS00118Z019', NULL, '#19#', NULL, '2018-03-26', 1, 3, 2),
(265, 'SESS00218Z019', NULL, '#19#', NULL, '2018-03-26', 2, 3, 3),
(266, 'SESS00218Z018', NULL, '#18#', NULL, '2018-03-26', 3, 3, 3),
(267, 'SESS00318Z019', NULL, '#19#', NULL, '2018-03-26', 1, 3, 4),
(268, 'SESS00618Z017', NULL, '#17#', NULL, '2018-03-26', 2, 3, 4),
(269, 'SESS00318Z018', NULL, '#18#', NULL, '2018-03-26', 3, 3, 4),
(270, 'SESS00418Z018', NULL, '#18#', NULL, '2018-03-26', 2, 3, 5),
(271, 'SESS00718Z017', NULL, '#17#', NULL, '2018-03-26', 3, 3, 5),
(272, 'SESS00418Z019', NULL, '#19#', NULL, '2018-03-26', 1, 3, 6),
(273, 'SESS00518Z018', NULL, '#18#', NULL, '2018-04-02', 2, 3, 1),
(274, 'SESS00818Z017', NULL, '#17#', NULL, '2018-04-02', 3, 3, 1),
(275, 'SESS00518Z019', NULL, '#19#', NULL, '2018-04-02', 1, 3, 2),
(276, 'SESS01217Z011', NULL, '#11#', NULL, '2018-04-02', 2, 3, 2),
(277, 'SESS00618Z018', NULL, '#18#', NULL, '2018-04-02', 3, 3, 2),
(278, 'SESS01317Z011', NULL, '#11#', NULL, '2018-04-02', 2, 3, 3),
(279, 'SESS00718Z018', NULL, '#18#', NULL, '2018-04-02', 3, 3, 3),
(280, 'SESS00618Z019', NULL, '#19#', NULL, '2018-04-02', 1, 3, 4),
(281, 'SESS002#117', NULL, '#11#7#', NULL, '2018-04-02', 2, 3, 4),
(282, 'SESS00918Z017', NULL, '#17#', NULL, '2018-04-02', 3, 3, 4),
(283, 'SESS003#117', NULL, '#11#7#', NULL, '2018-04-02', 2, 3, 5),
(284, 'SESS01018Z017', NULL, '#17#', NULL, '2018-04-02', 3, 3, 5),
(285, 'SESS01417Z011', NULL, '#11#', NULL, '2018-04-02', 1, 3, 6),
(286, 'SESS01517Z011', NULL, '#11#', NULL, '2018-04-02', 2, 3, 6),
(287, 'SESS03817Z007', NULL, '#7#', NULL, '2018-04-02', 3, 3, 6),
(288, 'SESS00818Z018', NULL, '#18#', NULL, '2018-04-09', 2, 3, 1),
(289, 'SESS00918Z018', NULL, '#18#', NULL, '2018-04-09', 3, 3, 2),
(290, 'SESS01018Z018', NULL, '#18#', NULL, '2018-04-09', 1, 3, 4),
(291, 'SESS01118Z018', NULL, '#18#', NULL, '2018-04-23', 2, 3, 1),
(292, 'SESS00118Z020', NULL, '#20#', NULL, '2018-04-23', 3, 3, 1),
(293, 'SESS01218Z018', NULL, '#18#', NULL, '2018-04-23', 2, 3, 4),
(294, 'SESS00218Z020', NULL, '#20#', NULL, '2018-04-23', 3, 3, 4),
(295, 'SESS001#2018', NULL, '#20#18#', NULL, '2018-04-23', 3, 3, 5),
(296, 'SESS03917Z007', NULL, '#7#', NULL, '2018-08-27', 1, 3, 1),
(297, 'SESS01118Z017', NULL, '#17#', NULL, '2018-08-27', 2, 3, 1),
(298, 'SESS01318Z018', NULL, '#18#', NULL, '2018-08-27', 3, 3, 1),
(299, 'SESS00318Z020', NULL, '#20#', NULL, '2018-08-27', 1, 3, 2),
(300, 'SESS04017Z007', NULL, '#7#', NULL, '2018-08-27', 1, 3, 3);

-- --------------------------------------------------------

--
-- Structure de la table `settings`
--

CREATE TABLE `settings` (
  `pay_dead_line` int(10) UNSIGNED NOT NULL,
  `lesson_slip_dead_line` int(10) UNSIGNED NOT NULL,
  `reg_instalment` mediumint(8) UNSIGNED NOT NULL,
  `min_mention_last` int(10) UNSIGNED NOT NULL,
  `min_lesson_last` int(10) UNSIGNED NOT NULL,
  `max_absence_nbr` int(10) UNSIGNED NOT NULL,
  `visit` int(11) NOT NULL
) ENGINE=InnoDB DEFAULT CHARSET=utf8 COLLATE=utf8_general_mysql500_ci;

--
-- Déchargement des données de la table `settings`
--

INSERT INTO `settings` (`pay_dead_line`, `lesson_slip_dead_line`, `reg_instalment`, `min_mention_last`, `min_lesson_last`, `max_absence_nbr`, `visit`) VALUES
(2, 1, 30, 30, 2, 30, 630);

-- --------------------------------------------------------

--
-- Structure de la table `test`
--

CREATE TABLE `test` (
  `date` date NOT NULL,
  `id` int(11) NOT NULL
) ENGINE=InnoDB DEFAULT CHARSET=utf8 COLLATE=utf8_general_mysql500_ci;

--
-- Déchargement des données de la table `test`
--

INSERT INTO `test` (`date`, `id`) VALUES
('2017-09-07', 1),
('2017-09-08', 2),
('2017-09-09', 3),
('2017-09-08', 4);

-- --------------------------------------------------------

--
-- Structure de la table `transaction`
--

CREATE TABLE `transaction` (
  `id` int(11) NOT NULL,
  `type` varchar(128) COLLATE utf8_general_mysql500_ci NOT NULL,
  `qty` int(11) NOT NULL,
  `date` date NOT NULL,
  `user` int(11) NOT NULL,
  `material` int(11) NOT NULL
) ENGINE=InnoDB DEFAULT CHARSET=utf8 COLLATE=utf8_general_mysql500_ci;

-- --------------------------------------------------------

--
-- Structure de la table `user`
--

CREATE TABLE `user` (
  `id` int(11) NOT NULL,
  `number_id` char(16) COLLATE utf8_general_mysql500_ci DEFAULT NULL,
  `firstname` varchar(128) COLLATE utf8_general_mysql500_ci DEFAULT NULL,
  `lastname` varchar(128) COLLATE utf8_general_mysql500_ci NOT NULL,
  `mail` varchar(128) COLLATE utf8_general_mysql500_ci NOT NULL,
  `birth_date` date NOT NULL,
  `birth_place` varchar(128) COLLATE utf8_general_mysql500_ci NOT NULL,
  `nationality` varchar(128) COLLATE utf8_general_mysql500_ci NOT NULL,
  `address` varchar(128) COLLATE utf8_general_mysql500_ci NOT NULL,
  `phone` varchar(16) COLLATE utf8_general_mysql500_ci NOT NULL,
  `school` varchar(128) COLLATE utf8_general_mysql500_ci DEFAULT NULL,
  `school_area` varchar(128) COLLATE utf8_general_mysql500_ci DEFAULT NULL,
  `school_level` varchar(32) COLLATE utf8_general_mysql500_ci DEFAULT NULL,
  `mcq` varchar(128) COLLATE utf8_general_mysql500_ci DEFAULT NULL,
  `question` varchar(256) COLLATE utf8_general_mysql500_ci NOT NULL,
  `answer` varchar(128) COLLATE utf8_general_mysql500_ci NOT NULL,
  `login` varchar(128) COLLATE utf8_general_mysql500_ci NOT NULL,
  `pwd` varchar(256) COLLATE utf8_general_mysql500_ci NOT NULL,
  `register_date` datetime NOT NULL,
  `e_register_date` datetime DEFAULT NULL COMMENT 'Date d''ajout de l''apprenant à une vague e_learning',
  `state` enum('-1','0','1') COLLATE utf8_general_mysql500_ci NOT NULL,
  `avatar` varchar(128) COLLATE utf8_general_mysql500_ci NOT NULL COMMENT 'Avatar du compte de l''utilisateur',
  `photo` varchar(128) COLLATE utf8_general_mysql500_ci NOT NULL,
  `last_connexion` datetime DEFAULT NULL,
  `sexe` int(11) DEFAULT '0',
  `occupation` enum('Elève','Etudiant','Enseignant','Chercheur','Employer','Autre') COLLATE utf8_general_mysql500_ci NOT NULL DEFAULT 'Etudiant',
  `place_occupation` varchar(44) COLLATE utf8_general_mysql500_ci NOT NULL
) ENGINE=InnoDB DEFAULT CHARSET=utf8 COLLATE=utf8_general_mysql500_ci;

--
-- Déchargement des données de la table `user`
--

INSERT INTO `user` (`id`, `number_id`, `firstname`, `lastname`, `mail`, `birth_date`, `birth_place`, `nationality`, `address`, `phone`, `school`, `school_area`, `school_level`, `mcq`, `question`, `answer`, `login`, `pwd`, `register_date`, `e_register_date`, `state`, `avatar`, `photo`, `last_connexion`, `sexe`, `occupation`, `place_occupation`) VALUES
(1, '17S001MA', 'ACADEMY', 'MULTISOFT', 'multisoftacademy@gmail.com', '2016-05-29', 'NGaoundéré', 'Cameroun', 'Ngaoundéré, Cameroun', '+237690903673', 'Faculté de Sciences', 'Génie Informatique', 'V', 'Un proche;Une plaque d\'information', 'Qui suis-je?', 'vl', 'Pegasus', '70352f41061eda4ff3c322094af068ba70c3b38b', '2017-07-13 05:00:00', '2018-09-29 11:51:08', '1', 'assets/uploads/images/avatars/profil-17s001ma.png', 'assets/uploads/images/photos/profil.jpg', '2018-09-30 13:36:02', 1, 'Etudiant', 'FBDS'),
(19, '17-003-Z', 'Jean-louis', 'Fendji', 'lfendji@gmail.com', '2017-09-07', 'douala', 'Cameroun', 'Ngaoundéré, Cameroun', '655811916', 'none', 'none', 'none', 'Une plaque d\'information', 'azertyui', 'azer', 'multisoftacademy@gmail.com', '70352f41061eda4ff3c322094af068ba70c3b38b', '2017-09-07 12:00:00', NULL, '1', 'assets/img/img_avatar2.png', 'assets/img/img_avatar.png', NULL, 1, 'Etudiant', ''),
(21, '17-005-Z', 'albert', 'KAKANOU', 'albertheophane@gmail.com', '2017-09-06', 'douala', 'Cameroun', 'ndere dang', '698400747', 'none', 'none', 'none', 'Les affiches', 'comment tu t\'appeles', 'kevin', 'albertheophane@gmail.com', '0bf919eb4f5d35e695049bd969d646d5eb7487a0', '2017-09-17 13:00:00', NULL, '1', 'assets/uploads/images/avatars/profil-17-005-z.JPG', 'assets/img/img_avatar.png', '2018-03-03 11:33:28', 1, 'Etudiant', ''),
(24, '17-006-Z', '', 'TEMANI TEGABWE KAKMO', 'temaniigor@gmail.com', '1997-05-19', 'Yaound&eacute;', 'Choisissez votre pays d\'origine...', 'qwerty', '697596885', 'none', 'none', 'none', 'Un proche;La radio;Pocket', 'Quel est le nom de ton chat?', 'minou', 'temaniigor@gmail.com', '70352f41061eda4ff3c322094af068ba70c3b38b', '2017-09-18 09:00:00', NULL, '1', 'assets/img/img_avatar2.png', 'assets/img/img_avatar.png', '2017-09-29 12:27:47', 1, 'Etudiant', ''),
(25, '17-007-Z', 'arsene', 'DAO', 'daocreate@yahoo.com', '2010-09-30', 'fongo-tongo', 'Cameroun', 'ddqsd', '676656747', 'none', 'none', 'none', NULL, 'none', 'none', 'daocreate@yahoo.com', 'bdc82f95bd5cb9cbbe52355e62cc2c4059ad49df', '2017-09-19 14:00:00', NULL, '0', 'assets/img/img_avatar.png', 'assets/img/img_avatar.png', '2017-09-19 08:51:32', 1, 'Etudiant', ''),
(26, '17-008-Z', 'Carin', 'TSASSE F.', 'tfcarin02@gmail.com', '1995-03-04', 'BATCHAM', 'Cameroun', 'HP', '697223656', 'none', 'none', 'none', 'Un proche', 'Qui suis-je?', 'Moi', 'tfcarin02@gmail.com', 'b69646e94c9ee8eb5a89472bad3b1183bd1ac549', '2017-09-20 00:00:00', NULL, '1', 'assets/img/img_avatar2.png', 'assets/img/img_avatar.png', '2017-09-20 08:34:02', 1, 'Etudiant', ''),
(30, '17-027-Z', 'Adam', 'SALE', 'saleadam@yahoo.fr', '2017-09-20', 'Garoua', 'Cameroun', 'Ngaoundéré', '697969696', NULL, NULL, NULL, NULL, 'none', 'none', 'saleadam@yahoo.fr', '647f41395193a67b14f6a42cb0b40224a932abcb', '2017-09-20 14:45:58', NULL, '0', 'assets/img/img_avatar.png', 'assets/img/img_avatar.png', NULL, 1, 'Etudiant', ''),
(31, '17-031-Z', 'Dimitry', 'NGOUNOU', 'ngounoudimitry@gmail.com', '2017-09-20', 'Yaoundé', 'Cameroun', 'Ngaoundéré', '694862313', NULL, NULL, NULL, 'Un proche', 'Qui aime tu le plus au monde ?', 'Jesus', 'ngounoudimitry@gmail.com', '668610763d812ce12cca6eef15fc1f17f65c0fd0', '2017-09-20 14:48:33', NULL, '1', 'assets/uploads/images/Capture.PNG', 'assets/img/img_avatar.png', '2018-01-21 14:34:47', 1, 'Etudiant', ''),
(32, '17-032-Z', 'Bertrand', 'AMADOU', 'amadoubertrand@gmail.com', '2017-09-20', 'Ngaoundéré', 'Cameroun', 'NGaoundéré', '696226056', NULL, NULL, NULL, 'C\'est nous qui avons crées le centre', 'Ma femme', 'zara', 'amadoubertrang@gmail.com', '2472e85358ccb9eaeb810870cf7e639acb261026', '2017-09-20 14:50:24', NULL, '1', 'assets/img/img_avatar2.png', 'assets/img/img_avatar.png', '2017-10-01 16:39:50', 1, 'Etudiant', ''),
(33, '17-033-Z', 'Félicien', 'MOTCHEBOUNG', 'motchebonhefelicien@gmail.com', '1955-04-19', 'Douala', 'Cameroun', 'Ngaoundéré', '690983673', NULL, NULL, NULL, 'Les affiches', 'Suis-je un loup?', 'bien sur', 'motchebonhefelicien@gmail.com', '70352f41061eda4ff3c322094af068ba70c3b38b', '2017-09-20 15:24:34', NULL, '1', 'assets/img/img_avatar2.png', 'assets/img/img_avatar.png', '2018-05-31 18:00:13', 1, 'Etudiant', ''),
(36, '17-034-Z', 'Rodrigue', 'KOGNE', 'rodriguekongne@gmail.com', '2017-09-13', 'Yaoundé', 'Cameroun', 'Ngaoundéré', '698292866', NULL, NULL, NULL, NULL, 'none', 'none', 'rodriguekongne@gmail.com', 'eb57882103ec3f787bfa182b48d26d50df4d61d6', '2017-09-20 15:58:05', NULL, '0', 'assets/img/img_avatar.png', 'assets/img/img_avatar.png', '2017-09-20 16:01:20', 1, 'Etudiant', ''),
(37, '17-037-Z', '', 'LE FINDEX', 'lefindex@gmail.com', '2017-09-24', 'Douala', 'Cameroun', 'Ngaound&eacute;r&eacute;', '674240705', 'none', 'none', 'none', 'Les affiches', 'Le findex', 'oui cest ca', 'lefindex@gmail.com', '9e26371fdf097a116a803d053d9aa30e1c156880', '2017-09-24 00:00:00', NULL, '1', 'assets/img/img_avatar2.png', 'assets/img/img_avatar.png', '2017-09-24 22:08:30', 1, 'Etudiant', ''),
(38, '17-038-Z', 'sorel', 'KOUYIM', 'kouyimsorel@gmail.com', '1995-03-08', 'galim', 'Cameroun', 'bini', '693280737', 'none', 'none', 'none', NULL, 'none', 'none', 'kouyimsorel@gmail.com', '144529fd931d29303efb47202c67be399a57cd76', '2017-09-25 00:00:00', NULL, '0', 'assets/img/img_avatar.png', 'assets/img/img_avatar.png', '2017-09-25 15:58:07', 0, 'Etudiant', ''),
(39, '17-039-Z', 'Jean', 'HAMADOU', 'sediente87@gmail.com', '1987-12-20', 'BOGNO BAME', 'Cameroun', 'Dang, Sorbonne', '695121098', 'Lycée de NGong', 'A4 Esp', 'Terminale', 'Les affiches;Une plaque d\'information', 'donnez la capitale delùespagne', 'madrid', 'sediente87@gmail.com', 'c88c6846d926e5d3f3e604e8a25e88937ba995cf', '2017-09-26 10:21:49', NULL, '1', 'assets/img/img_avatar2.png', 'assets/img/img_avatar.png', '2017-09-26 12:48:26', 1, 'Etudiant', ''),
(40, '17-040-Z', 'manuel', 'TAIRA', 'desiretaira@gmail.com', '1990-05-08', 'garoua', 'Cameroun', 'dang, Wouro sangue', '690669909', NULL, NULL, NULL, 'au centre Multisoft', 'qui est jesus', 'mon Sauveur', 'desiretaira@gmail.com', '225fd1f9a3a7ce9f38070bed44d74bd85e7250f2', '2017-09-26 14:07:11', NULL, '1', 'assets/uploads/images/avatars/profil-17-040-z.jpg', 'assets/img/img_avatar.png', '2017-10-28 10:51:11', 1, 'Etudiant', ''),
(41, '17-041-Z', '', 'KABALA NGUIDIFI', 'augustokabson1996@gmail.com', '1996-12-18', 'Tourou', 'Cameroun', 'Ngaoundéré, Bantaï', '668121353', 'FS/UN', 'Biologie', 'L2', NULL, 'none', 'none', 'augustokabson1996@gmail.com', 'd4c4dc8dfbc315dcac5139c764b32169ac06b4bd', '2017-09-28 07:57:52', NULL, '1', 'assets/img/img_avatar.png', 'assets/img/img_avatar.png', '2017-09-28 09:22:32', 1, 'Etudiant', ''),
(42, '17-042-Z', 'Abakar Bachar', 'MAKAYE', 'makaye.abakar6680@gmail.com', '1997-03-08', 'MOUNDOU', 'Tchad', 'BINI DANG', '668057660', 'FSJP', '', 'I', 'Un proche', 'Quelle est votre adresse de Recuperation?', 'mounirodjabar@gmail.com', 'makaye.abakar6680@gmail.com', '25abd00bec2eb641c1dbf5f51e430a3237943099', '2017-10-18 06:58:10', NULL, '1', 'assets/img/img_avatar2.png', 'assets/img/img_avatar.png', '2017-11-06 21:59:38', 1, 'Etudiant', ''),
(43, '17-043-Z', '', 'A-NY', 'payferral.board@gmail.com', '1986-05-05', 'Cameroun', 'Cameroun', '1950 Eldridge Pkwy', '8328328322', 'none', 'none', 'none', NULL, 'none', 'none', 'payferral.board@gmail.com', '37186dd11647939fbf70d572bf49fc3bedaa43c7', '2017-10-21 13:07:40', NULL, '0', 'assets/img/img_avatar.png', 'assets/img/img_avatar.png', '2017-10-21 13:08:21', 1, 'Etudiant', ''),
(44, '17-044-Z', 'Valerie', 'REMADJI', 'vremadji@gmail.com', '1994-04-28', 'N\'Djamena', 'Tchad', '', '664048570', 'FSEG', 'Science economique et Gestion', 'L1', 'Les affiches', 'quel est le prenom de mon papa?', 'thomas', 'vremadji@gmail.com', 'f31b033e2763db13c277a8bed189241da0031e0d', '2017-10-25 07:58:52', NULL, '1', 'assets/img/img_avatar2.png', 'assets/img/img_avatar.png', '2017-11-08 10:40:09', 0, 'Etudiant', ''),
(45, '17-045-Z', '', 'ISMAÏL MAHAMAT TAHIR', 'ismailmahamattahir@gmail.com', '1993-07-07', 'N\'DJAMENA', 'Cameroun', '', '693230891', '', '', '1', 'Les affiches', 'qui est tu', 'je suis ismail', 'ismailmahamattahir@gmail.com', '3e9cc39983f9ff98b03bb0f1bc2eb97012f558a5', '2017-10-29 09:33:45', NULL, '1', 'assets/img/img_avatar2.png', 'assets/img/img_avatar.png', '2017-11-15 11:41:47', 1, 'Etudiant', ''),
(46, '17-046-Z', '', 'BARGONODJIEL MBAÏGUELE', 'bargonodjiel@gmail.com', '1964-12-24', 'NJamena', 'Tchad', '', '668800551', 'FALSH', 'Langue et Linguistique', 'M1', 'Une plaque d\'information', 'quel est mon numero de telephone', '668800551', 'bargonodjiel@gmail.com', 'b473d364f1a26f4346163905279a258221dd614a', '2017-11-06 07:53:15', NULL, '1', 'assets/img/img_avatar2.png', 'assets/img/img_avatar.png', '2017-11-06 11:33:36', 1, 'Etudiant', ''),
(47, '17-047-Z', 'Isabelle', 'BOBON  NGONME', 'bobonisabelle9@gmail.com', '1993-01-20', 'ATTA', 'Cameroun', 'Dang', '695481280', 'FSJP', 'Droit des Affaires', 'M2', 'Une plaque d\'information', 'comment tu t\'appelles?', 'isabelle', 'bobonisabelle9@gmail.com', '194a8e31e80cb3a2dbefc2374f12e37cf615a4a7', '2017-11-06 10:40:45', NULL, '1', 'assets/img/img_avatar2.png', 'assets/img/img_avatar.png', '2017-11-08 10:42:05', 0, 'Etudiant', ''),
(48, '17-048-Z', 'Adji', 'HEISSEIN MOUSTAPHA', 'hisseinmoustaphaadji@gmail.com', '1995-01-02', 'Bol', 'Tchad', 'Dang', '664073600', 'FS', 'Informatique', 'L1', NULL, 'none', 'none', 'hisseinmoustaphaadji@gmail.com', '458509d844146e5d95dd464e0cf365bc47db5a1f', '2017-11-07 11:27:19', NULL, '0', 'assets/img/img_avatar.png', 'assets/img/img_avatar.png', NULL, 1, 'Etudiant', ''),
(49, '17-049-Z', 'Guy Rostand', 'NGONGANG KAMENI', 'ngongangkam@yahoo.fr', '1989-06-10', 'Bafang', 'Cameroun', 'Ngaoundéré', '694344541', 'FSEG', 'Finance Internationalle', 'M1', 'Un proche', 'Tu aime qui', 'JESUS', 'ngongangkam@yahoo.fr', '9c1b0aec92eab3d93c0f0d18ed303a16df702d68', '2017-11-07 12:45:58', NULL, '1', 'assets/uploads/images/2016-03-14_00_34_19.jpg', 'assets/img/img_avatar.png', '2018-02-04 22:39:48', 1, 'Etudiant', ''),
(50, '17-050-Z', 'Victor', 'ELOUNDOU', 'mvogoeloundou@gmail.com', '1995-08-10', 'EDZEN', 'Cameroun', 'Ngaoundéré', '690215563', NULL, NULL, NULL, 'Une plaque d\'information', 'série préférée', 'Breaking bad', 'mvogoeloundou@gmail.com', 'be26a5fad4ac35ea9ddf7f424ae52c1a8476f71c', '2017-11-09 13:25:39', NULL, '1', 'assets/img/img_avatar2.png', 'assets/img/img_avatar.png', '2018-06-11 15:18:05', 1, 'Etudiant', ''),
(51, '17-051-Z', 'zorobabel', 'MARAIDAMSOU', 'zorobabelalphonso@gmail.com', '1987-12-30', 'doreissou', 'Cameroun', 'maroua', '698509032', 'none', 'none', 'none', 'Un proche', 'Le nom de famille', 'Alao', 'zorobabelalphonso@gmail.com', 'b8b33649eb18144ad1837965d89fabb7efb5bd6e', '2017-11-11 11:34:06', NULL, '1', 'assets/img/img_avatar2.png', 'assets/img/img_avatar.png', '2017-11-14 18:39:43', 1, 'Etudiant', ''),
(52, '17-052-Z', 'Ali', 'AL-HADI ZAKARIA', 'alhaizakaria92@gmail.com', '1992-01-01', 'AM-TIMAN', 'Tchad', 'Dang', '667614714', 'FALSH', 'ARABE', '2', NULL, 'none', 'none', 'alhaizakaria92@gmail.com', '02c56dfa82bdf3864fb2c66546e8299798bf6176', '2017-11-11 12:01:59', NULL, '0', 'assets/img/img_avatar.png', 'assets/img/img_avatar.png', NULL, 1, 'Etudiant', ''),
(53, '17-053-Z', 'IBRAHIM', 'ABOUBAKAR', 'aboubakaribrahim325@gmail.com', '1970-01-01', 'Malang-Ngaoundere', 'Cameroun', 'Dang', '690905902', 'none', 'none', 'none', NULL, 'none', 'none', 'aboubakaribrahim325@gmail.com', 'be64094482f5f12cacfb6ce849f8343d9961e678', '2017-11-11 12:10:22', NULL, '0', 'assets/img/img_avatar.png', 'assets/img/img_avatar.png', '2017-11-11 12:14:09', 1, 'Etudiant', ''),
(54, '17-054-Z', 'Yves', 'MBA-SHO', 'mbairassem2000@yahoo.fr', '1979-01-22', 'Moundou', 'Tchad', 'Dang', '652386732', 'ENSAI', 'Informatique electronique automatique', 'Master II', 'Une plaque d\'information', 'A qui faire confiance?', 'moi meme', 'mbairassem2000@yahoo.fr', '368a5a5d095c9a1a6aef9c51517545cc126e6142', '2017-11-19 14:59:55', NULL, '1', 'assets/img/img_avatar2.png', 'assets/img/img_avatar.png', '2017-11-28 12:48:10', 1, 'Etudiant', ''),
(55, '17-055-Z', 'Donatien', 'DJERAYOM', 'djerayomdonatien@yahoo.fr', '1980-05-27', 'Massa 1', 'Tchad', 'Bini Dang', '671802098', 'ENSAI', 'IEAI', 'Master II', 'Les affiches', 'mon prenom', 'donatien', 'djerayomdonatien@yahoo.fr', '923877c5055d987b8074f830662cd4f1533b7812', '2017-12-02 08:56:07', NULL, '1', 'assets/img/img_avatar2.png', 'assets/img/img_avatar.png', '2018-01-04 14:54:19', 1, 'Etudiant', ''),
(56, '17-056-Z', '', 'YANYABE DESSANG', 'yangdesdo@gmail.com', '1993-07-08', 'MBIO (GOUAYE-GOUDOUM)', 'Tchad', 'BINI/RACHEL-CITY', '693979958', 'FSJP', 'Droit Public', 'Master II', 'Les affiches;Un proche', 'nom de papa', 'Dessang', 'yangdesdo@gmail.com', '58a1c6bc1e91ecc90fc165fac545815697108a0a', '2017-12-04 13:48:37', NULL, '1', 'assets/img/img_avatar2.png', 'assets/img/img_avatar.png', '2017-12-19 10:09:12', 1, 'Etudiant', ''),
(57, '17-057-Z', 'HAMADAMA', 'MAIMOUNATOU DJAORO', 'maimounatoudjaoro@yahoo.fr', '1992-10-14', 'MBARANG-MEIGANGA', 'Cameroun', 'VILLE', '695239644', 'FSJP/UN', 'Droit public', 'Master II', NULL, 'none', 'none', 'maimounatoudjaoro@yahoo.fr', 'eaf68304dc999a2e50d0c0ee465bb6230ada0c15', '2017-12-11 11:13:15', NULL, '0', 'assets/img/img_avatar.png', 'assets/img/img_avatar.png', NULL, 0, 'Etudiant', ''),
(58, '17-058-Z', 'MOKSIA', 'BIANA', 'bianamoksia@yahoo.fr', '1992-10-10', 'NDjamena', 'Tchad', 'Dang', '694914817', 'FSJP', 'Droit Public', 'Master I', NULL, 'none', 'none', 'bianamoksia@yahoo.fr', '64d1e87b0ddf8ca024825db5638cc39e59864240', '2017-12-12 13:39:48', NULL, '0', 'assets/img/img_avatar.png', 'assets/img/img_avatar.png', NULL, 0, 'Etudiant', ''),
(59, '17-059-Z', 'PATIENCE LEOPOLD', 'BAGONA', 'bpatienceleopold@gmail.com', '2017-12-19', 'Douala', 'Cameroun', 'Ville / BEKA', '695219930', NULL, NULL, NULL, 'Un proche', 'le trio?', 'Maman, Mon grand et moi', 'bpatienceleopold@gmail.com', 'f506e35bfd4f7d978fee7f5722b1180e85b53838', '2017-12-19 04:07:23', NULL, '1', 'assets/img/img_avatar2.png', 'assets/img/img_avatar.png', '2018-03-21 10:57:48', 1, 'Etudiant', ''),
(60, '17-060-Z', 'HELENE', 'WIWA', 'dasepbankim@gmail.com', '1994-01-01', 'MEKIN', 'Choisissez votre pays d\'origine...', 'Bini Dang', '662011872', 'DOUKOULA - Extreme Nord', 'Secondaire', '3', NULL, 'none', 'none', 'dasepbankim@gmail.com', '44a2c5d42acd78d69d6adcba1b6bdcd3ab03261d', '2017-12-30 08:38:11', NULL, '0', 'assets/img/img_avatar.png', 'assets/img/img_avatar.png', NULL, 0, 'Etudiant', ''),
(61, '18-061-Z', '', 'HANWA MANWE', 'hanwema@gmail.com', '1994-07-13', 'Ngaoundéré', 'Cameroun', 'DANG', '691588479', 'FALSH', 'Lettre', 'I', NULL, 'none', 'none', 'hanwema@gmail.com', 'cb7a2d7b5a4ef9d9c91f6edc3c66ef297d9b727c', '2018-01-09 10:51:48', NULL, '0', 'assets/img/img_avatar.png', 'assets/img/img_avatar.png', NULL, 0, 'Etudiant', ''),
(62, '18-062-Z', '', 'DOUMARA MANGALASSOU', 'mangalassou_doumara@yahoo.fr', '1989-05-20', 'BONGOR', 'Tchad', 'BINI', '691001892', 'FALSH', 'Géographie de pratique de Développement', 'Master I', 'Un proche', 'où suis je né?', 'bongor', 'mangalassou_doumara@yahoo.fr', '76e5b635534fa95b33f7c1434c3db2b651260dd1', '2018-01-11 11:12:48', NULL, '1', 'assets/img/img_avatar2.png', 'assets/img/img_avatar.png', '2018-01-19 10:18:13', 1, 'Etudiant', ''),
(63, '18-063-Z', 'ABDRAMANE INE AHMAT', 'HABIB', 'habibabdramane00@gmail.com', '1989-01-11', 'NDjamena', 'Tchad', 'Bini', '668702703', 'FALSH', 'Géographie Physique', 'Master I', 'Les affiches', 'arrissala', 'idriss', 'habibabdramane00@gmail.com', '2bcc56d783ef82374485fd6922ec25c7bb8ba022', '2018-01-11 11:24:27', NULL, '1', 'assets/uploads/images/avatars/profil-18-063-z.jpg', 'assets/img/img_avatar.png', '2018-01-19 10:01:29', 1, 'Etudiant', ''),
(64, '18-064-Z', 'LILIANE', 'MEMADJI', 'danngar10@gmail.com', '1997-09-23', 'Doba', 'Tchad', 'Bini', '691981819', 'Lycée de Hérédité (Tchad)', 'Serie A4', 'Terminale', NULL, 'none', 'none', 'danngar10@gmail.com', '93eb7aea55a2d4a15641560311e55cd54b22766f', '2018-01-19 11:08:16', NULL, '0', 'assets/img/img_avatar.png', 'assets/img/img_avatar.png', NULL, 0, 'Etudiant', ''),
(65, '18-065-Z', 'Blondeau', 'LONFO', 'blondeaufofe00@gmail.com', '1994-06-11', 'Foumbot', 'Cameroun', 'Bini', '691256509', NULL, NULL, NULL, 'Un proche;Une plaque d\'information', 'lieux actuel?', 'ngaoundere', 'blondeaufofe00@gmail.com', 'c1901dff3255f6c62d1c8cc6978852521fc706dc', '2018-01-21 15:01:19', NULL, '1', 'assets/img/img_avatar2.png', 'assets/img/img_avatar.png', '2018-06-04 14:07:03', 1, 'Etudiant', ''),
(66, '18-066-Z', 'Derrick Méthode', 'BAGAZA', 'derrickmethodebagaza@gmail.com', '1992-11-30', 'Bangui', 'République centrafricaine', 'Bini', '656711137', 'Faculté des Sciences', 'SLED', 'M1', 'Un proche', 'derrickson', 'derrickson', 'derrickmethodebagaza@gmail.com', 'f7b689cf516395aa82df123f18c1544c19907d10', '2018-01-21 15:15:58', NULL, '-1', 'assets/img/img_avatar2.png', 'assets/img/img_avatar.png', '2018-03-31 15:47:33', 1, 'Etudiant', ''),
(67, '18-067-Z', 'corinne', 'KOUAM', 'corinnakouam@gmail.com', '1970-01-01', 'nkongsamba', 'Cameroun', 'ngaoundere', '655659544', 'none', 'none', 'none', NULL, 'none', 'none', 'corinnakouam@gmail.com', 'e97f35ac24983e2525ff960dc929e4154fc90e77', '2018-01-29 17:23:06', NULL, '0', 'assets/img/img_avatar.png', 'assets/img/img_avatar.png', '2018-01-29 17:24:33', 0, 'Etudiant', ''),
(68, '18-068-Z', 'CELESTIN', 'MAH BRUNO', 'mc_bruno@yahoo.com', '1995-01-01', 'TIBATI', 'Cameroun', 'DANG', '699346329', 'FALSH', 'Histoire', 'Mastere II', NULL, 'none', 'none', 'mc_bruno@yahoo.com', '7b05be5c11358a7e8371f66c2035aa7ea2083024', '2018-02-05 08:47:15', NULL, '0', 'assets/img/img_avatar.png', 'assets/img/img_avatar.png', NULL, 1, 'Etudiant', ''),
(69, '18-069-Z', 'Julienne', 'BOGOLTA', 'jbogolta@gmail.com', '1991-10-27', 'TOKOMBERE', 'Cameroun', 'Bini', '697527691', 'FALSH', 'FALSH', 'M2', NULL, 'none', 'none', 'jbogolta@gmail.com', 'f1e46d4b16417e1348937a8ecb448f886362510d', '2018-02-06 09:57:02', NULL, '0', 'assets/img/img_avatar.png', 'assets/img/img_avatar.png', NULL, 0, 'Etudiant', ''),
(70, '18-070-Z', 'SHADRACK', 'SABONENZI ITTAÏ', 'ittaishadraksabonenzi@gmail.com', '1990-12-18', 'Bangui', 'République centrafricaine', 'PACKEM', '690165206', 'Lycée des Martyrs', 'Economie', 'BAC', NULL, 'none', 'none', 'ittaishadraksabonenzi@gmail.com', '955de61ec3d658ccaf3d4d042a84e785dd48d3af', '2018-02-17 12:20:47', NULL, '0', 'assets/img/img_avatar.png', 'assets/img/img_avatar.png', NULL, 1, 'Etudiant', ''),
(71, '18-071-Z', 'ABBO', 'SADIYAH', 'sadiyahhalimatou@gmail.cm', '1993-05-27', 'NGAOUNDERE', 'Cameroun', 'BINI', '697806127', 'FSJP', 'DROIT PUBLIC', 'MASTER I', NULL, 'none', 'none', 'sadiyahhalimatou@gmail.cm', 'ef423b1c10c78b128c6226aa2ac5f270c672047b', '2018-03-09 10:23:18', NULL, '0', 'assets/img/img_avatar.png', 'assets/img/img_avatar.png', NULL, 0, 'Etudiant', ''),
(72, '18-072-Z', 'LARY', 'IYANOTA DJOUE', 'iyanotalary@gmail.com', '1999-11-08', 'MASSENYA', 'Tchad', '', '693212636', 'FSEG', 'Economie et Gestion', 'I', NULL, 'none', 'none', 'iyanotalary@gmail.com', '90c85ea750df6d86164b9714af908c5cacdf456f', '2018-03-21 15:36:55', NULL, '0', 'assets/img/img_avatar.png', 'assets/img/img_avatar.png', NULL, 0, 'Etudiant', ''),
(73, '18-073-Z', '', 'HAMADOU HAMAOUNDE', 'hamadouhamaounde667@gmail.com', '1992-11-30', 'NASSARAO', 'Cameroun', '', '695098603', 'FSEG', 'STP', 'IV', NULL, 'none', 'none', 'hamadouhamaounde667@gmail.com', '87658a27533af6df9b438b3de73e56a116174028', '2018-03-21 15:42:24', NULL, '0', 'assets/img/img_avatar.png', 'assets/img/img_avatar.png', NULL, 1, 'Etudiant', ''),
(74, '18-074-Z', 'SERGES', 'REOULEMBAYE', 'reoulembayeserge@gmail.com', '1997-03-25', 'BEBALEM', 'Tchad', '', '668038075', 'FALSH', 'Géographie', 'Licence II', NULL, 'none', 'none', 'reoulembayeserge@gmail.com', 'bdaa9452ffb31ce94e50aeecb565ea1757d845d2', '2018-03-21 15:46:19', NULL, '0', 'assets/img/img_avatar.png', 'assets/img/img_avatar.png', NULL, 0, 'Etudiant', ''),
(75, '18-075-Z', 'MOUSSA', 'IBRAHIMA', 'ibrahimamoussa1995@gmail.com', '1995-05-05', 'TIBATI', 'Cameroun', 'BINI', '696233002', 'FALSH', 'LANGUE ET CIVILISATION ARABE', 'LICENCE III', NULL, 'none', 'none', 'ibrahimamoussa1995@gmail.com', '46ae3af178f4bc12c546c7ffa0ca1c889e58fe99', '2018-03-26 14:51:22', NULL, '0', 'assets/img/img_avatar.png', 'assets/img/img_avatar.png', NULL, 1, 'Etudiant', ''),
(76, '18-076-Z', '', 'MADIHA', 'madihaabdouramane07@yahoo.com', '1987-06-07', 'Maroua', 'Cameroun', 'Bini dang', '696328015', 'FSJP', 'DROIT PUBLIC', 'MASTER I', NULL, 'none', 'none', 'madihaabdouramane07@yahoo.com', 'fa517af11ef93f5f5518267ff0921144aaaa0b21', '2018-04-02 14:59:30', NULL, '0', 'assets/img/img_avatar.png', 'assets/img/img_avatar.png', NULL, 0, 'Etudiant', ''),
(77, '18-077-Z', 'leonel', 'HENGUE', 'leonel65kuaya@gmail.com', '1997-11-02', 'yaounde', 'Cameroun', 'Dang, cameroun', '698083345', 'none', 'none', 'none', 'Un proche;La radio', 'leonel est fort', 'oui', 'leonel65kuaya@gmail.com', 'd1e56e6facd95529cf92dada601639cb912bdc04', '2018-06-08 15:13:38', NULL, '1', 'assets/img/img_avatar2.png', 'assets/img/img_avatar.png', '2018-08-27 09:19:48', 1, 'Etudiant', ''),
(78, '18-078-Z', 'Ulrich', 'MBOUCHE BOMDA', 'mbouchebomdaulriche@gmail.com', '1998-04-13', 'Ngaoundéré', 'Cameroun', 'mbouchebomdauriche@gmail', '698204289', 'iut', 'none', 'none', 'J\'y suis !!!', 'qui est mon avatar?', 'kurapika', 'mbouchebomdaulriche@gmail.com', 'd1e56e6facd95529cf92dada601639cb912bdc04', '2018-06-08 15:29:00', '2018-09-30 13:34:56', '1', 'assets/uploads/images/avatars/profil-18-078-z.png', 'assets/img/img_avatar.png', '2018-10-03 02:51:47', 1, 'Etudiant', 'GGP');

-- --------------------------------------------------------

--
-- Structure de la table `user_role`
--

CREATE TABLE `user_role` (
  `id` int(11) NOT NULL,
  `user` int(11) NOT NULL,
  `role` int(11) NOT NULL,
  `locked` int(11) NOT NULL DEFAULT '1'
) ENGINE=InnoDB DEFAULT CHARSET=utf8 COLLATE=utf8_general_mysql500_ci;

--
-- Déchargement des données de la table `user_role`
--

INSERT INTO `user_role` (`id`, `user`, `role`, `locked`) VALUES
(1, 1, 1, 1),
(3, 1, 6, 1),
(49, 1, 4, 1),
(72, 21, 1, 1),
(75, 24, 1, 1),
(76, 25, 1, 1),
(77, 26, 1, 1),
(78, 19, 3, 1),
(79, 19, 3, 1),
(80, 19, 6, 1),
(81, 30, 1, 1),
(82, 30, 3, 1),
(83, 31, 1, 1),
(84, 31, 3, 1),
(85, 32, 1, 1),
(86, 32, 3, 1),
(87, 33, 1, 1),
(88, 33, 3, 1),
(93, 36, 1, 1),
(94, 36, 5, 1),
(95, 36, 3, 1),
(96, 24, 2, 1),
(97, 37, 1, 1),
(98, 38, 1, 1),
(99, 39, 1, 1),
(100, 39, 2, 1),
(101, 40, 1, 1),
(102, 40, 3, 1),
(103, 41, 1, 1),
(104, 41, 2, 1),
(105, 42, 1, 1),
(106, 42, 2, 1),
(107, 43, 1, 1),
(108, 24, 4, 1),
(109, 44, 1, 1),
(110, 44, 2, 1),
(111, 45, 1, 1),
(112, 45, 2, 1),
(113, 46, 1, 1),
(114, 46, 2, 1),
(115, 47, 1, 1),
(116, 47, 2, 1),
(117, 48, 1, 1),
(118, 48, 2, 1),
(119, 49, 1, 1),
(120, 49, 2, 1),
(121, 50, 1, 1),
(122, 50, 3, 1),
(123, 51, 1, 1),
(124, 52, 1, 1),
(125, 52, 2, 1),
(126, 53, 1, 1),
(127, 54, 1, 1),
(128, 54, 2, 1),
(129, 53, 2, 1),
(130, 55, 1, 1),
(131, 55, 2, 1),
(132, 56, 1, 1),
(133, 56, 2, 1),
(134, 57, 1, 1),
(135, 57, 2, 1),
(136, 58, 1, 1),
(137, 58, 2, 1),
(138, 59, 1, 1),
(139, 59, 3, 1),
(140, 60, 1, 1),
(141, 60, 2, 1),
(142, 61, 1, 1),
(143, 61, 2, 1),
(144, 62, 1, 1),
(145, 62, 2, 1),
(146, 63, 1, 1),
(147, 63, 2, 1),
(148, 64, 1, 1),
(149, 64, 2, 1),
(150, 65, 1, 1),
(151, 65, 3, 1),
(152, 66, 1, 1),
(153, 66, 3, 1),
(154, 67, 1, 1),
(155, 68, 1, 1),
(156, 68, 2, 1),
(157, 69, 1, 1),
(158, 69, 2, 1),
(159, 70, 1, 1),
(160, 70, 2, 1),
(161, 71, 1, 1),
(162, 71, 2, 1),
(163, 72, 1, 1),
(164, 72, 2, 1),
(165, 73, 1, 1),
(166, 73, 2, 1),
(167, 74, 1, 1),
(168, 74, 2, 1),
(169, 75, 1, 1),
(170, 75, 2, 1),
(171, 76, 1, 1),
(172, 76, 2, 1),
(173, 77, 3, 1),
(174, 78, 2, 1);

-- --------------------------------------------------------

--
-- Structure de la table `visitors`
--

CREATE TABLE `visitors` (
  `ip` varchar(20) NOT NULL,
  `last_visite` datetime NOT NULL,
  `view_page` int(11) NOT NULL DEFAULT '1'
) ENGINE=InnoDB DEFAULT CHARSET=latin1;

--
-- Déchargement des données de la table `visitors`
--

INSERT INTO `visitors` (`ip`, `last_visite`, `view_page`) VALUES
('1.186.117.131', '2018-03-09 14:19:08', 2),
('1.186.185.46', '2018-02-13 06:59:55', 2),
('1.215.246.146', '2018-01-18 16:48:40', 2),
('1.217.30.37', '2018-01-14 15:56:52', 2),
('1.32.83.231', '2018-02-26 11:43:19', 2),
('1.43.165.248', '2018-02-06 07:18:55', 2),
('1.52.38.171', '2018-02-03 02:12:31', 2),
('1.53.109.221', '2018-02-22 17:03:38', 2),
('1.55.196.187', '2018-01-29 21:59:27', 2),
('100.11.222.208', '2018-03-01 09:23:28', 2),
('100.12.237.174', '2018-02-24 18:33:30', 2),
('100.2.220.88', '2017-10-10 21:38:08', 1),
('100.35.47.77', '2017-09-27 10:05:32', 293),
('100.36.198.44', '2017-12-03 12:19:08', 2),
('100.43.81.102', '2017-11-06 20:29:58', 13),
('100.43.81.106', '2018-01-27 15:27:54', 4),
('100.43.81.109', '2018-01-17 22:05:21', 1),
('100.43.81.200', '2018-03-20 16:50:16', 2),
('100.43.85.107', '2018-01-22 07:32:50', 1),
('100.43.85.111', '2018-01-08 18:20:01', 8),
('100.43.85.118', '2017-11-05 02:36:16', 8),
('100.43.85.167', '2017-10-24 06:40:39', 35),
('100.43.85.172', '2018-01-26 13:58:07', 3),
('100.43.85.187', '2017-11-16 19:01:40', 2),
('100.43.85.200', '2018-05-11 13:15:52', 1),
('100.43.90.102', '2017-11-16 19:01:37', 2),
('100.43.90.113', '2017-11-04 00:23:58', 13),
('100.43.91.100', '2018-01-17 12:34:46', 1),
('100.43.91.126', '2017-10-24 06:40:35', 25),
('100.43.91.201', '2017-12-17 14:28:46', 1),
('101.100.156.171', '2018-01-24 02:02:15', 2),
('101.108.71.194', '2018-02-09 05:51:19', 2),
('101.178.229.115', '2018-01-30 05:15:15', 2),
('101.199.112.50', '2018-05-13 23:32:49', 1),
('101.50.127.199', '2018-01-30 10:08:30', 2),
('101.50.72.156', '2018-03-04 11:55:45', 2),
('102.169.218.122', '2018-01-21 19:32:50', 1),
('102.244.104.38', '2018-04-04 17:12:21', 1),
('103.10.28.195', '2018-01-11 00:32:13', 2),
('103.101.212.122', '2018-02-16 20:23:53', 2),
('103.104.76.80', '2018-02-13 11:59:48', 2),
('103.104.76.90', '2018-02-16 15:01:48', 2),
('103.104.77.48', '2018-03-05 19:10:10', 2),
('103.14.126.162', '2018-02-15 18:59:51', 2),
('103.15.240.54', '2018-02-22 10:18:38', 2),
('103.19.225.151', '2018-02-17 13:23:53', 2),
('103.19.253.46', '2018-02-11 12:39:28', 1),
('103.192.221.120', '2018-02-04 15:44:50', 2),
('103.194.132.221', '2018-01-14 09:26:33', 2),
('103.196.139.212', '2018-02-03 10:55:05', 2),
('103.196.76.157', '2018-01-31 23:51:34', 2),
('103.206.137.109', '2018-02-22 15:31:14', 2),
('103.208.246.235', '2018-02-02 19:34:27', 2),
('103.209.83.170', '2018-02-07 09:11:46', 2),
('103.21.170.228', '2018-01-14 19:28:06', 2),
('103.21.170.247', '2018-01-15 09:02:00', 2),
('103.210.45.189', '2018-02-03 13:45:24', 2),
('103.211.12.147', '2018-02-14 20:02:59', 2),
('103.212.140.118', '2018-01-28 22:53:21', 2),
('103.212.146.123', '2018-02-28 06:18:45', 2),
('103.212.43.8', '2017-12-01 22:51:59', 2),
('103.213.130.252', '2018-01-17 15:50:52', 2),
('103.214.232.21', '2018-03-09 04:12:05', 2),
('103.215.243.182', '2018-03-09 00:13:13', 2),
('103.216.215.43', '2018-02-01 05:20:40', 2),
('103.217.234.41', '2018-02-04 13:23:51', 2),
('103.218.113.220', '2018-02-26 18:08:40', 2),
('103.220.16.104', '2018-01-31 15:30:04', 2),
('103.224.6.185', '2018-03-07 13:31:35', 2),
('103.225.92.19', '2018-02-26 09:38:27', 2),
('103.227.244.90', '2018-01-22 10:38:34', 2),
('103.229.24.199', '2018-02-24 06:26:18', 2),
('103.229.80.174', '2018-02-09 13:25:02', 2),
('103.240.194.93', '2018-01-21 13:15:33', 2),
('103.242.3.145', '2018-05-05 05:42:03', 1),
('103.251.232.17', '2018-02-04 23:44:33', 2),
('103.255.254.123', '2018-03-02 05:25:29', 3),
('103.255.254.135', '2018-03-02 18:01:41', 2),
('103.255.4.68', '2018-02-12 07:51:23', 2),
('103.255.4.97', '2018-02-01 12:47:01', 2),
('103.255.5.44', '2018-05-04 18:59:53', 2),
('103.255.5.68', '2018-02-04 20:49:21', 2),
('103.255.5.82', '2018-02-02 09:57:04', 2),
('103.38.14.226', '2018-01-21 15:54:01', 2),
('103.42.173.234', '2018-03-07 18:08:55', 2),
('103.44.175.29', '2018-01-12 08:22:51', 2),
('103.48.103.114', '2018-02-24 16:36:29', 2),
('103.48.68.10', '2018-02-20 16:27:15', 2),
('103.49.228.2', '2018-02-01 04:48:51', 2),
('103.5.132.7', '2018-02-13 12:41:51', 2),
('103.5.133.100', '2018-01-11 11:52:50', 2),
('103.5.133.73', '2018-02-14 14:30:33', 2),
('103.54.145.119', '2018-01-31 22:47:53', 2),
('103.57.41.6', '2018-02-17 23:06:31', 2),
('103.6.198.82', '2017-09-20 06:32:45', 1),
('103.66.79.124', '2018-01-31 03:46:09', 2),
('103.66.81.98', '2018-02-28 07:43:06', 2),
('103.67.179.185', '2018-02-13 19:22:46', 2),
('103.70.60.66', '2018-03-09 14:30:33', 2),
('103.74.236.99', '2018-02-09 13:54:37', 2),
('103.78.221.2', '2018-01-16 04:48:56', 2),
('103.82.209.130', '2018-03-09 10:38:51', 2),
('103.83.136.2', '2018-01-18 06:10:10', 2),
('103.91.251.119', '2018-02-04 21:33:32', 2),
('103.93.221.27', '2018-02-02 03:12:33', 2),
('103.95.83.122', '2018-01-26 07:47:18', 2),
('103.97.186.82', '2018-02-02 16:41:40', 2),
('103.99.129.5', '2018-02-02 11:36:26', 1),
('104.130.124.209', '2017-10-18 23:18:16', 4),
('104.131.120.152', '2018-05-10 06:35:43', 1),
('104.131.147.112', '2018-05-17 16:12:15', 6),
('104.131.160.248', '2018-02-19 00:39:07', 205),
('104.131.29.247', '2018-06-07 07:26:15', 1),
('104.131.63.182', '2018-01-01 21:12:17', 365),
('104.132.20.92', '2017-09-16 11:05:06', 3),
('104.140.243.57', '2017-12-04 00:34:42', 1),
('104.144.18.12', '2018-04-04 17:13:43', 1),
('104.182.158.144', '2018-02-05 21:15:33', 2),
('104.192.74.36', '2018-04-13 06:41:31', 3),
('104.192.74.46', '2017-09-22 09:10:21', 6),
('104.193.252.187', '2018-05-16 16:29:11', 2),
('104.194.139.110', '2018-04-28 17:06:47', 1),
('104.194.206.14', '2018-03-09 06:21:15', 2),
('104.197.113.171', '2018-01-02 20:24:33', 4),
('104.197.226.145', '2017-11-07 14:23:32', 4),
('104.202.42.8', '2018-06-04 17:38:21', 38),
('104.218.63.74', '2017-11-19 09:44:02', 1),
('104.219.54.233', '2018-03-27 14:27:49', 1),
('104.223.123.98', '2018-02-18 08:28:21', 4),
('104.227.204.73', '2017-09-30 17:08:48', 1),
('104.235.151.45', '2018-01-31 20:42:43', 2),
('104.236.100.63', '2018-06-07 06:41:47', 1),
('104.236.122.37', '2017-12-03 08:38:17', 6),
('104.236.177.9', '2017-12-03 08:38:21', 5),
('104.236.178.150', '2017-12-03 08:38:05', 14),
('104.236.179.84', '2017-12-03 08:38:19', 17),
('104.236.23.177', '2018-04-04 14:36:27', 1),
('104.236.38.241', '2018-04-09 09:00:36', 1),
('104.236.53.98', '2017-11-15 02:31:52', 313),
('104.236.54.236', '2018-04-09 09:13:29', 1),
('104.237.130.93', '2017-10-10 08:00:46', 1),
('104.237.242.160', '2018-04-12 18:26:15', 1),
('104.237.242.83', '2017-10-09 19:31:28', 1),
('104.237.243.167', '2018-03-15 13:22:18', 1),
('104.237.243.239', '2017-10-18 19:40:03', 1),
('104.237.86.136', '2018-02-12 18:09:08', 2),
('104.238.248.15', '2017-09-27 14:29:37', 16),
('104.239.149.11', '2017-09-23 09:35:23', 2),
('104.36.16.34', '2018-06-06 01:06:10', 1),
('104.36.17.88', '2018-05-28 18:42:02', 1),
('104.36.19.149', '2018-05-02 01:27:52', 1),
('104.48.217.138', '2018-03-07 05:12:16', 2),
('105.100.66.190', '2018-02-27 17:39:10', 2),
('105.102.218.242', '2018-02-21 14:44:58', 2),
('105.102.4.122', '2018-02-04 21:08:33', 2),
('105.103.112.236', '2018-02-25 12:21:18', 4),
('105.103.139.169', '2018-01-24 09:44:26', 2),
('105.103.178.183', '2018-03-16 17:18:14', 2),
('105.103.88.176', '2018-01-30 16:22:51', 2),
('105.104.58.91', '2018-02-21 23:23:33', 2),
('105.104.72.72', '2018-03-08 18:31:14', 2),
('105.104.90.31', '2018-04-16 08:51:51', 2),
('105.105.207.209', '2018-03-16 21:13:22', 1),
('105.105.83.179', '2018-02-03 17:47:43', 2),
('105.105.94.255', '2018-02-02 01:09:03', 2),
('105.107.125.149', '2018-01-11 16:28:45', 2),
('105.107.177.55', '2018-02-04 01:37:03', 2),
('105.108.173.232', '2018-02-28 08:54:40', 2),
('105.108.37.38', '2018-01-22 18:46:27', 1),
('105.108.53.204', '2018-01-16 09:31:06', 2),
('105.108.86.112', '2018-04-08 07:58:59', 2),
('105.110.23.37', '2018-02-20 15:11:22', 2),
('105.110.65.217', '2018-02-17 21:07:16', 1),
('105.110.65.227', '2018-02-12 14:19:20', 2),
('105.154.28.119', '2018-03-08 16:18:35', 1),
('105.155.10.161', '2017-12-05 22:40:34', 4),
('105.157.177.163', '2018-01-26 02:30:57', 2),
('105.157.186.175', '2018-03-01 17:50:56', 2),
('105.157.214.168', '2018-04-01 18:03:06', 2),
('105.157.235.202', '2018-02-08 11:22:37', 2),
('105.158.107.42', '2018-02-27 21:35:39', 5),
('105.158.116.118', '2018-03-01 10:00:24', 2),
('105.158.205.76', '2018-02-27 09:46:15', 2),
('105.158.37.25', '2018-02-11 16:23:13', 2),
('105.159.22.136', '2018-03-06 20:19:18', 3),
('105.159.224.13', '2018-05-15 14:12:39', 1),
('105.159.62.182', '2018-03-28 11:22:18', 1),
('105.159.90.94', '2018-02-11 15:37:48', 2),
('105.186.155.112', '2018-02-19 17:14:37', 2),
('105.2.185.131', '2018-01-31 18:38:48', 2),
('105.225.186.10', '2018-02-06 20:01:07', 2),
('105.225.64.50', '2018-02-01 10:38:21', 2),
('105.226.179.195', '2018-02-08 08:10:42', 2),
('105.228.59.202', '2018-01-31 22:41:30', 2),
('105.228.69.120', '2018-02-23 23:07:36', 2),
('105.234.164.17', '2018-02-09 06:30:36', 2),
('105.235.137.85', '2018-04-18 23:01:42', 2),
('105.67.4.106', '2018-06-09 10:14:51', 1),
('105.96.13.158', '2018-02-07 17:29:09', 2),
('105.98.253.15', '2018-01-13 17:03:58', 2),
('105.98.89.122', '2018-01-23 04:15:00', 2),
('105.99.203.214', '2018-02-03 21:20:04', 1),
('106.111.64.235', '2017-10-27 09:19:00', 1),
('106.175.38.38', '2018-02-18 04:01:35', 2),
('106.185.52.36', '2018-05-02 10:09:52', 1),
('106.203.150.211', '2018-01-14 15:42:58', 2),
('106.51.104.176', '2018-03-10 12:38:00', 2),
('106.51.16.23', '2017-10-01 12:44:16', 1),
('106.71.61.210', '2018-02-14 00:23:57', 2),
('107.1.74.42', '2018-03-01 14:00:38', 2),
('107.131.252.72', '2018-01-12 01:32:45', 2),
('107.150.59.98', '2018-06-03 01:55:55', 2),
('107.158.219.18', '2017-12-03 14:49:34', 1),
('107.158.219.28', '2017-12-03 03:56:25', 1),
('107.158.219.98', '2017-12-12 08:35:49', 1),
('107.159.23.21', '2018-06-02 18:51:14', 2),
('107.167.102.123', '2018-02-04 07:48:25', 3),
('107.167.103.11', '2018-01-19 13:51:25', 1),
('107.167.103.14', '2018-02-17 10:48:19', 1),
('107.167.103.224', '2018-02-04 16:04:38', 1),
('107.167.103.233', '2017-12-19 19:48:09', 1),
('107.167.103.50', '2018-01-17 21:13:25', 1),
('107.167.103.8', '2018-02-26 03:27:00', 2),
('107.167.108.17', '2018-05-13 18:31:14', 1),
('107.167.112.126', '2018-04-25 03:20:24', 2),
('107.167.112.127', '2017-09-18 10:00:24', 2),
('107.167.112.148', '2017-11-19 08:25:56', 1),
('107.167.112.191', '2018-02-18 16:39:23', 1),
('107.167.112.26', '2017-12-28 16:32:07', 1),
('107.167.112.44', '2017-12-27 12:40:00', 1),
('107.167.112.53', '2018-02-03 19:07:16', 1),
('107.167.112.57', '2018-01-29 14:38:32', 1),
('107.167.112.91', '2018-01-30 11:34:25', 1),
('107.167.113.0', '2017-12-18 10:17:26', 1),
('107.167.113.101', '2018-02-05 11:58:07', 6),
('107.167.113.103', '2017-12-17 21:03:36', 1),
('107.167.113.104', '2018-02-27 22:10:07', 1),
('107.167.113.126', '2017-12-18 10:17:26', 1),
('107.167.113.140', '2017-12-27 12:40:00', 2),
('107.167.113.142', '2018-01-06 18:15:35', 3),
('107.167.113.146', '2018-03-05 07:27:46', 1),
('107.167.113.147', '2018-02-09 09:26:30', 2),
('107.167.113.153', '2018-02-06 08:47:56', 4),
('107.167.113.177', '2018-06-06 10:24:35', 2),
('107.167.113.26', '2017-12-11 06:29:53', 2),
('107.167.113.50', '2018-01-14 17:38:11', 3),
('107.167.113.6', '2017-11-08 14:56:39', 3),
('107.167.113.86', '2018-02-04 12:11:24', 1),
('107.167.98.144', '2017-11-17 15:52:21', 6),
('107.167.98.4', '2018-01-29 07:02:22', 1),
('107.167.98.74', '2018-01-02 12:16:20', 3),
('107.167.98.81', '2018-02-12 05:07:30', 3),
('107.167.99.185', '2018-01-14 14:36:08', 1),
('107.167.99.198', '2017-12-19 19:53:24', 4),
('107.167.99.243', '2018-02-04 18:59:18', 1),
('107.167.99.251', '2017-11-10 16:39:58', 11),
('107.170.96.6', '2017-09-18 10:02:06', 3),
('107.173.248.35', '2018-03-25 23:50:26', 1),
('107.178.194.55', '2018-01-06 02:57:09', 1),
('107.181.135.127', '2017-12-03 08:40:02', 1),
('107.181.189.87', '2018-03-09 18:30:02', 2),
('107.189.16.55', '2018-05-27 03:18:37', 1),
('107.191.126.112', '2018-06-09 07:10:09', 221),
('107.21.1.8', '2018-05-04 15:36:25', 1),
('107.77.100.32', '2017-10-12 14:53:24', 1),
('108.183.38.123', '2018-02-01 14:02:15', 2),
('108.41.242.218', '2018-02-18 20:23:20', 2),
('108.59.8.70', '2017-10-11 18:54:16', 4),
('108.59.8.80', '2018-01-20 14:54:43', 4),
('109.101.104.148', '2018-01-26 15:11:20', 2),
('109.101.90.20', '2018-02-26 12:14:31', 2),
('109.103.181.15', '2018-01-30 13:43:41', 2),
('109.105.39.2', '2018-03-08 20:33:20', 2),
('109.115.70.75', '2018-01-31 09:20:59', 2),
('109.13.233.77', '2018-02-11 20:35:24', 2),
('109.130.221.201', '2018-02-21 16:51:26', 2),
('109.131.225.203', '2018-03-04 20:26:02', 2),
('109.153.236.81', '2018-01-11 19:49:46', 2),
('109.160.91.83', '2018-02-26 04:51:31', 2),
('109.166.218.106', '2018-01-12 12:21:22', 2),
('109.166.79.63', '2017-09-23 14:11:53', 1),
('109.173.36.142', '2017-11-01 05:55:22', 1),
('109.173.54.216', '2017-12-09 06:21:06', 1),
('109.173.58.56', '2018-02-15 15:26:56', 1),
('109.175.101.192', '2018-03-01 23:30:01', 2),
('109.184.39.251', '2018-05-08 08:54:51', 9),
('109.190.140.194', '2018-02-16 14:48:53', 2),
('109.200.145.58', '2018-02-14 09:49:34', 2),
('109.201.133.100', '2017-11-26 01:14:23', 1),
('109.206.56.70', '2018-01-12 13:49:07', 2),
('109.21.56.155', '2018-02-04 15:33:34', 2),
('109.216.114.31', '2018-02-20 15:39:32', 4),
('109.235.193.130', '2018-03-05 13:47:42', 1),
('109.240.197.175', '2018-02-15 06:46:00', 2),
('109.242.147.82', '2018-02-08 17:26:41', 2),
('109.245.191.159', '2018-01-16 09:12:47', 2),
('109.48.145.238', '2018-02-10 19:52:38', 2),
('109.62.100.63', '2018-02-12 13:37:35', 2),
('109.63.140.74', '2017-10-13 10:00:14', 1),
('109.63.159.66', '2018-01-27 11:45:59', 1),
('109.63.168.204', '2017-12-26 17:28:36', 1),
('109.63.179.93', '2018-01-07 22:14:01', 1),
('109.63.233.94', '2017-12-27 17:16:37', 1),
('109.64.198.222', '2018-02-03 06:08:02', 2),
('109.65.8.173', '2018-01-23 16:58:55', 2),
('109.66.139.116', '2018-01-19 17:57:24', 2),
('109.67.82.231', '2018-01-10 23:49:43', 2),
('109.69.112.233', '2018-02-09 14:45:40', 2),
('109.8.122.54', '2018-01-11 14:16:45', 2),
('109.8.134.213', '2018-03-03 12:40:20', 2),
('109.86.210.25', '2018-01-28 02:36:08', 1),
('109.86.72.163', '2018-01-20 15:29:44', 7),
('109.92.154.244', '2018-02-16 09:17:45', 2),
('109.92.183.246', '2018-03-01 23:47:01', 2),
('109.93.200.221', '2018-01-30 08:14:01', 2),
('109.93.24.96', '2018-01-21 23:58:02', 2),
('109.94.224.220', '2018-01-15 10:02:54', 2),
('109.98.234.48', '2018-01-15 01:40:40', 2),
('109.99.206.74', '2018-01-22 20:48:05', 2),
('110.136.4.233', '2018-01-16 07:57:27', 2),
('110.141.216.16', '2018-02-17 03:46:05', 2),
('110.159.185.134', '2018-02-14 02:39:10', 2),
('110.168.220.78', '2018-01-15 08:49:33', 2),
('110.169.13.151', '2018-02-28 16:24:44', 2),
('110.172.160.150', '2018-01-29 10:44:35', 2),
('110.232.87.52', '2018-01-31 15:39:53', 2),
('110.235.195.119', '2018-02-24 14:43:21', 2),
('110.38.8.120', '2018-02-28 11:00:59', 2),
('110.39.48.142', '2018-01-23 09:29:57', 4),
('110.54.132.112', '2018-01-23 11:08:36', 1),
('110.54.213.24', '2018-03-01 19:25:58', 2),
('110.55.3.154', '2018-01-22 02:42:02', 2),
('110.74.219.172', '2018-01-28 05:41:50', 2),
('110.77.132.216', '2018-02-28 17:44:25', 4),
('110.81.40.208', '2018-01-16 16:10:58', 2),
('111.104.210.219', '2018-02-20 20:05:41', 2),
('111.125.109.176', '2018-02-24 03:19:56', 2),
('111.125.110.53', '2018-02-25 07:05:14', 2),
('111.248.30.159', '2018-02-26 21:18:32', 2),
('111.88.109.194', '2018-01-19 12:11:27', 2),
('111.95.151.26', '2018-02-04 10:18:29', 2),
('112.134.190.174', '2018-02-11 02:50:50', 2),
('112.134.203.49', '2018-01-22 11:13:27', 2),
('112.134.38.126', '2018-02-15 08:31:17', 2),
('112.134.45.24', '2018-02-12 11:44:57', 2),
('112.134.47.57', '2018-01-23 15:23:14', 2),
('112.134.75.9', '2018-01-13 06:20:38', 2),
('112.135.124.112', '2018-02-23 14:34:12', 2),
('112.135.8.35', '2018-02-21 19:05:10', 2),
('112.169.246.50', '2017-11-09 07:41:17', 1),
('112.196.180.99', '2018-03-05 07:01:58', 2),
('112.198.218.56', '2018-01-12 08:09:48', 2),
('112.200.203.17', '2018-01-23 07:35:14', 2),
('112.200.96.168', '2018-02-10 03:02:37', 2),
('112.201.247.168', '2018-03-07 23:22:18', 2),
('112.202.33.232', '2018-01-19 11:17:22', 2),
('112.202.51.120', '2018-01-18 04:05:52', 2),
('112.203.233.218', '2018-02-24 08:26:37', 2),
('112.204.239.74', '2018-01-12 17:43:20', 2),
('112.205.188.22', '2018-03-01 07:25:54', 2),
('112.207.178.79', '2018-02-25 10:09:53', 2),
('112.207.242.214', '2018-01-29 13:54:38', 2),
('112.210.136.140', '2018-02-06 05:03:56', 2),
('112.210.48.133', '2018-02-09 18:47:15', 2),
('112.5.248.203', '2018-05-19 19:02:49', 1),
('112.66.107.120', '2017-10-26 16:57:11', 1),
('113.21.228.118', '2018-03-07 22:17:22', 2),
('114.108.236.242', '2018-02-05 01:44:37', 2),
('114.109.237.50', '2018-01-30 07:18:21', 2),
('114.109.40.136', '2018-02-05 12:28:58', 2),
('114.115.171.188', '2018-03-21 12:20:34', 1),
('114.221.127.85', '2017-10-27 22:32:45', 1),
('114.29.225.127', '2018-01-22 05:29:37', 2),
('114.72.127.192', '2018-02-07 18:50:37', 2),
('114.77.192.148', '2018-02-21 20:40:05', 2),
('115.112.64.154', '2018-05-21 05:07:15', 2),
('115.124.85.137', '2018-02-01 09:51:42', 2),
('115.132.117.146', '2018-02-03 22:03:31', 2),
('115.132.209.41', '2018-03-05 06:56:38', 2),
('115.132.227.245', '2018-02-05 03:20:11', 2),
('115.132.44.45', '2018-02-15 05:23:09', 2),
('115.133.61.232', '2018-01-27 18:08:43', 2),
('115.135.14.240', '2018-02-03 17:40:08', 2),
('115.135.141.96', '2018-03-03 16:34:03', 2),
('115.135.162.154', '2018-02-20 19:10:56', 2),
('115.186.10.241', '2018-02-20 11:02:06', 2),
('115.31.148.235', '2018-01-11 07:39:22', 2),
('115.87.132.78', '2018-02-25 04:41:16', 2),
('115.87.48.243', '2018-01-17 00:21:44', 2),
('116.102.20.204', '2018-01-21 11:10:09', 2),
('116.110.175.250', '2018-01-21 09:51:35', 2),
('116.14.50.210', '2018-02-02 08:14:52', 2),
('116.15.172.224', '2018-02-10 11:11:02', 2),
('116.206.137.96', '2018-02-06 16:09:35', 2),
('116.68.123.99', '2018-02-12 16:14:15', 2),
('116.73.248.230', '2018-03-10 20:28:48', 2),
('116.73.47.208', '2018-02-07 15:46:38', 2),
('117.0.77.187', '2018-01-25 19:39:49', 2),
('117.1.196.175', '2018-03-01 10:56:23', 2),
('117.193.196.31', '2018-02-24 06:59:22', 2),
('117.193.71.155', '2018-01-14 13:48:20', 2),
('117.195.64.134', '2018-03-10 13:33:53', 2),
('117.199.8.182', '2018-02-13 08:01:59', 2),
('117.203.210.88', '2018-04-29 10:16:33', 1),
('117.204.30.201', '2018-01-24 17:18:14', 2),
('117.217.161.180', '2018-02-11 14:01:34', 2),
('117.218.52.140', '2018-01-11 17:16:31', 2),
('117.222.154.163', '2018-02-02 08:08:34', 2),
('117.239.83.193', '2018-02-22 18:58:41', 2),
('117.242.26.112', '2018-02-15 06:41:41', 2),
('117.242.76.137', '2018-01-23 07:28:36', 2),
('117.247.172.27', '2018-01-23 05:51:57', 2),
('117.247.92.52', '2018-02-09 11:10:50', 2),
('117.248.147.102', '2018-02-17 16:04:34', 2),
('117.248.51.158', '2018-03-07 17:13:44', 2),
('117.254.100.35', '2018-02-19 22:38:59', 2),
('117.99.167.76', '2018-03-09 12:18:30', 2),
('118.100.165.123', '2018-02-02 00:03:43', 2),
('118.101.32.81', '2018-02-02 13:34:06', 2),
('118.101.71.51', '2018-02-15 03:29:14', 2),
('118.102.254.42', '2018-02-12 19:37:40', 2),
('118.110.250.182', '2018-01-13 19:49:03', 2),
('118.137.112.94', '2018-01-13 13:39:03', 2),
('118.175.232.209', '2018-01-22 15:26:16', 2),
('118.210.101.242', '2018-01-28 02:04:49', 2),
('118.219.252.197', '2018-03-10 22:19:20', 1),
('118.236.220.23', '2018-01-29 05:15:15', 2),
('119.153.135.227', '2018-02-05 12:46:11', 2),
('119.235.50.170', '2018-02-25 13:38:46', 2),
('119.247.144.19', '2018-02-01 08:25:58', 2),
('119.247.196.38', '2018-02-04 03:11:37', 2),
('119.42.123.224', '2018-01-26 15:54:01', 2),
('119.74.67.173', '2018-02-26 05:28:04', 2),
('119.94.163.23', '2018-02-20 20:39:02', 2),
('119.94.171.186', '2018-03-09 16:50:58', 1),
('119.94.191.131', '2018-03-02 03:02:18', 2),
('120.188.78.52', '2018-01-11 05:01:02', 2),
('120.192.27.118', '2018-02-22 01:12:39', 2),
('120.28.191.13', '2018-01-11 03:54:14', 2),
('120.29.113.28', '2018-02-02 18:55:02', 2),
('120.29.64.49', '2018-01-23 08:08:01', 2),
('121.121.61.240', '2018-01-28 20:28:41', 2),
('121.121.61.28', '2018-02-04 19:39:02', 2),
('121.133.205.157', '2017-12-07 13:36:32', 1),
('121.165.159.21', '2018-02-22 06:43:04', 2),
('121.166.223.144', '2018-01-11 17:54:01', 2),
('121.169.194.204', '2018-01-09 05:07:28', 1),
('121.58.197.28', '2018-02-03 03:58:37', 1),
('121.58.228.194', '2018-01-22 08:16:30', 2),
('121.97.142.19', '2018-02-26 19:50:56', 2),
('121.97.46.251', '2018-01-26 11:21:12', 2),
('122.108.116.53', '2018-02-08 09:46:28', 2),
('122.117.95.222', '2018-02-18 13:46:10', 2),
('122.135.9.120', '2018-02-22 04:21:48', 2),
('122.15.152.179', '2018-01-08 18:27:18', 2),
('122.163.186.67', '2018-02-28 09:54:00', 2),
('122.165.184.77', '2018-04-19 08:00:23', 2),
('122.171.66.216', '2018-03-03 10:05:31', 2),
('122.172.250.27', '2018-02-16 14:12:05', 2),
('122.172.253.210', '2018-01-27 08:08:18', 2),
('122.174.163.74', '2018-02-19 06:02:56', 2),
('122.176.158.51', '2018-01-03 06:56:05', 2),
('122.176.31.146', '2018-02-24 07:32:28', 2),
('122.179.56.66', '2018-02-09 13:07:06', 2),
('122.52.26.180', '2018-02-26 07:14:08', 2),
('122.53.153.234', '2018-02-22 01:28:42', 2),
('122.53.246.253', '2018-01-19 04:51:19', 2),
('122.54.147.49', '2018-03-06 05:10:48', 2),
('122.54.211.90', '2018-02-01 03:58:12', 2),
('122.55.52.68', '2018-02-26 06:56:04', 2),
('122.8.127.206', '2018-02-03 11:10:11', 2),
('123.110.74.222', '2018-02-14 03:35:10', 2),
('123.15.50.23', '2018-03-01 15:48:10', 1),
('123.192.251.15', '2018-02-04 03:44:50', 2),
('123.20.61.74', '2018-01-31 03:06:59', 2),
('123.201.227.82', '2018-01-21 07:48:47', 2),
('123.201.228.237', '2018-01-17 08:18:31', 2),
('123.3.109.148', '2018-01-26 05:32:54', 2),
('123.50.68.95', '2018-01-29 06:37:47', 2),
('124.104.59.68', '2018-02-04 16:31:46', 2),
('124.105.95.72', '2018-01-18 06:00:49', 2),
('124.106.129.243', '2018-01-18 14:51:14', 2),
('124.106.252.213', '2018-01-25 10:57:21', 2),
('124.109.57.200', '2018-02-03 15:01:35', 2),
('124.121.208.21', '2018-02-28 11:09:40', 2),
('124.122.35.235', '2018-02-18 20:59:42', 2),
('124.123.12.69', '2018-02-28 10:46:03', 2),
('124.123.89.98', '2018-02-23 07:10:26', 2),
('124.13.133.148', '2018-01-31 01:50:25', 2),
('124.13.200.237', '2018-01-30 01:14:29', 2),
('124.150.93.227', '2018-02-01 23:40:46', 2),
('124.155.255.129', '2018-01-21 05:17:01', 2),
('124.168.125.142', '2018-03-03 16:11:45', 2),
('124.206.180.180', '2018-05-17 21:32:17', 1),
('124.206.180.188', '2018-01-12 17:42:18', 1),
('124.209.191.95', '2018-02-19 01:14:22', 2),
('124.235.138.254', '2018-01-28 06:59:10', 1),
('124.29.222.131', '2018-02-10 13:39:09', 2),
('124.29.237.87', '2018-02-16 06:16:58', 2),
('124.43.18.87', '2018-02-13 11:04:03', 2),
('124.49.237.237', '2018-02-21 13:05:02', 2),
('124.50.236.23', '2018-01-17 03:28:36', 2),
('124.82.87.57', '2018-03-04 01:36:15', 2),
('124.83.113.250', '2018-03-04 08:17:53', 1),
('125.140.223.100', '2018-03-10 09:06:51', 2),
('125.16.35.201', '2018-01-12 13:41:39', 2),
('125.162.77.75', '2018-01-15 06:55:32', 2),
('125.165.107.205', '2018-02-07 11:21:11', 2),
('125.166.21.213', '2018-04-26 12:03:18', 1),
('125.187.136.236', '2018-03-27 13:53:23', 2),
('125.193.55.174', '2018-02-03 06:30:18', 2),
('125.26.59.150', '2018-02-17 02:54:16', 2),
('125.27.157.179', '2018-02-23 19:40:13', 2),
('125.99.160.231', '2018-01-18 13:05:37', 2),
('126.219.22.49', '2018-02-06 19:52:08', 2),
('126.4.233.137', '2018-02-15 14:20:06', 2),
('126.94.102.115', '2018-02-09 03:57:52', 2),
('127.0.0.1', '2018-07-16 06:06:43', 407),
('128.173.237.158', '2018-04-05 12:16:45', 1),
('128.199.60.218', '2017-10-14 20:32:13', 1),
('128.234.229.192', '2018-02-17 22:15:32', 2),
('128.30.52.134', '2017-09-16 06:28:21', 2),
('128.30.52.64', '2017-09-16 06:17:08', 6),
('128.30.52.72', '2017-09-16 05:56:55', 5),
('128.30.52.73', '2017-09-17 08:28:31', 2),
('128.30.52.96', '2017-09-16 05:56:57', 1),
('128.68.220.174', '2018-03-04 02:37:03', 1),
('128.68.28.129', '2017-10-19 06:28:57', 2),
('128.68.29.17', '2018-03-14 21:00:16', 1),
('128.69.217.63', '2017-11-21 14:31:04', 1),
('128.72.17.133', '2018-01-08 05:03:33', 1),
('128.72.41.223', '2017-11-01 11:56:18', 1),
('128.74.247.183', '2018-03-07 00:21:19', 1),
('128.75.25.54', '2018-03-09 05:53:27', 1),
('129.0.169.225', '2017-09-30 10:46:02', 6),
('129.0.169.226', '2017-09-28 17:29:04', 19),
('129.0.169.227', '2017-09-17 10:16:01', 3),
('129.0.169.228', '2018-02-04 18:54:00', 1),
('129.0.169.229', '2017-12-18 09:58:00', 1),
('129.0.169.230', '2017-09-21 09:07:14', 26),
('129.0.169.231', '2017-12-17 06:55:19', 4),
('129.0.169.232', '2018-01-03 19:56:50', 1),
('129.0.169.233', '2017-09-18 08:06:20', 3),
('129.0.169.235', '2017-09-29 20:30:36', 3),
('129.0.169.238', '2017-12-21 16:04:46', 7),
('129.0.169.240', '2017-10-15 19:01:48', 1),
('129.0.169.242', '2017-11-13 20:49:12', 2),
('129.0.169.243', '2017-09-29 17:33:59', 2),
('129.0.169.244', '2017-09-28 14:25:44', 1),
('129.0.169.245', '2018-03-07 20:59:08', 2),
('129.0.169.246', '2017-11-18 09:55:09', 7),
('129.0.169.247', '2017-09-17 16:59:10', 1),
('129.0.169.248', '2017-12-07 17:05:36', 1),
('129.0.169.251', '2017-11-08 20:13:30', 2),
('129.0.169.255', '2017-09-28 09:18:13', 6),
('129.0.171.224', '2017-10-06 15:08:50', 1),
('129.0.171.228', '2017-10-05 06:36:19', 2),
('129.0.171.229', '2017-09-29 11:20:25', 2),
('129.0.171.230', '2017-10-01 21:58:03', 2),
('129.0.171.231', '2017-09-28 05:30:25', 4),
('129.0.171.232', '2017-10-14 07:23:09', 1),
('129.0.171.233', '2018-03-17 10:47:24', 1),
('129.0.171.235', '2017-10-17 07:11:29', 3),
('129.0.171.238', '2017-11-27 19:16:54', 2),
('129.0.171.241', '2017-10-05 17:43:14', 2),
('129.0.171.242', '2017-10-20 08:30:57', 7),
('129.0.171.244', '2017-10-05 18:55:56', 1),
('129.0.171.248', '2017-09-28 07:15:10', 5),
('129.0.171.249', '2017-09-26 12:36:07', 8),
('129.0.171.250', '2017-10-10 21:40:41', 1),
('129.0.171.252', '2017-09-29 12:54:12', 3),
('129.0.171.254', '2017-10-06 12:12:13', 1),
('129.0.171.255', '2017-09-25 06:03:09', 10),
('129.0.173.224', '2017-10-10 21:00:22', 2),
('129.0.173.225', '2017-09-17 16:48:15', 1),
('129.0.173.227', '2017-10-03 07:58:26', 11),
('129.0.173.228', '2017-09-29 11:36:44', 10),
('129.0.173.231', '2017-10-04 15:34:45', 9),
('129.0.173.232', '2017-09-29 21:24:56', 1),
('129.0.173.233', '2017-09-17 16:47:52', 5),
('129.0.173.234', '2018-03-15 08:42:49', 2),
('129.0.173.236', '2017-09-27 20:41:23', 2),
('129.0.173.240', '2017-10-02 05:58:24', 2),
('129.0.173.241', '2017-09-20 19:18:15', 6),
('129.0.173.242', '2017-11-10 18:57:49', 1),
('129.0.173.244', '2017-09-29 08:25:51', 7),
('129.0.173.245', '2017-10-02 10:36:20', 1),
('129.0.173.246', '2017-09-29 15:08:55', 1),
('129.0.173.248', '2017-10-14 18:58:21', 6),
('129.0.173.249', '2017-10-08 03:56:25', 1),
('129.0.173.250', '2017-10-10 20:14:56', 2),
('129.0.173.252', '2017-09-19 08:22:17', 27),
('129.0.173.254', '2017-10-05 16:03:32', 4),
('129.0.173.255', '2017-09-17 09:26:19', 1),
('129.0.210.251', '2018-05-22 14:35:41', 1),
('129.0.212.240', '2018-02-23 06:15:13', 2),
('129.0.212.241', '2018-02-18 16:17:42', 24),
('129.0.212.242', '2018-02-18 18:27:14', 10),
('129.0.212.243', '2018-02-19 07:35:03', 53),
('129.0.212.244', '2018-02-25 19:09:12', 38),
('129.0.212.245', '2018-03-01 13:27:24', 57),
('129.0.212.246', '2018-03-05 10:40:09', 28),
('129.0.212.247', '2018-03-19 06:58:17', 16),
('129.0.212.248', '2018-04-12 06:48:15', 9),
('129.0.212.250', '2018-05-09 20:45:38', 1),
('129.0.40.229', '2017-12-18 18:04:49', 1),
('129.0.40.230', '2018-01-19 16:38:02', 1),
('129.0.40.232', '2018-02-02 16:45:40', 12),
('129.0.40.234', '2018-02-02 12:14:44', 5),
('129.0.40.235', '2017-12-19 21:28:45', 1),
('129.0.40.236', '2017-10-04 13:48:26', 3),
('129.0.40.238', '2017-10-25 11:51:59', 1),
('129.0.40.239', '2017-10-18 07:23:18', 20),
('129.0.40.240', '2018-03-13 09:29:31', 2),
('129.0.40.244', '2018-04-19 17:59:48', 2),
('129.0.40.246', '2017-10-05 16:45:03', 2),
('129.0.40.247', '2018-04-28 11:58:07', 1),
('129.0.40.248', '2017-10-05 15:56:53', 5),
('129.0.40.250', '2017-10-14 05:49:30', 1),
('129.0.42.225', '2017-10-12 22:14:23', 3),
('129.0.42.227', '2017-10-05 09:04:08', 7),
('129.0.42.228', '2017-10-16 13:15:41', 8),
('129.0.42.229', '2017-10-15 18:33:03', 4),
('129.0.42.230', '2017-11-23 02:31:07', 4),
('129.0.42.231', '2017-10-09 06:40:47', 16),
('129.0.42.232', '2017-10-14 06:59:39', 6),
('129.0.42.233', '2017-10-02 18:18:17', 4),
('129.0.42.235', '2017-12-10 05:13:13', 1),
('129.0.42.237', '2017-11-14 19:23:21', 1),
('129.0.42.240', '2017-09-27 15:15:34', 9),
('129.0.42.243', '2017-10-01 16:59:49', 2),
('129.0.42.245', '2017-09-18 07:58:28', 4),
('129.0.42.246', '2017-10-22 20:06:17', 5),
('129.0.42.247', '2018-02-04 18:30:17', 5),
('129.0.42.249', '2017-09-18 06:01:23', 19),
('129.0.44.226', '2018-02-05 13:49:43', 2),
('129.0.44.227', '2017-12-26 18:14:46', 1),
('129.0.44.229', '2017-10-06 14:28:02', 1),
('129.0.44.230', '2017-10-21 06:08:52', 7),
('129.0.44.231', '2017-10-05 14:57:21', 44),
('129.0.44.232', '2017-11-11 18:19:27', 27),
('129.0.44.233', '2017-10-18 06:43:01', 2),
('129.0.44.234', '2017-12-19 21:28:07', 1),
('129.0.44.236', '2018-02-07 08:29:44', 1),
('129.0.44.238', '2017-11-09 06:44:30', 1),
('129.0.44.241', '2018-02-16 12:23:36', 2),
('129.0.44.243', '2018-02-26 00:23:48', 10),
('129.0.44.246', '2017-10-14 22:28:09', 10),
('129.0.44.253', '2017-10-23 06:32:37', 8),
('129.0.56.2', '2017-11-21 21:20:15', 5),
('129.0.80.243', '2018-03-27 15:42:17', 1),
('129.0.82.240', '2018-03-20 16:10:46', 3),
('129.0.83.240', '2018-04-04 23:26:30', 1),
('129.0.84.240', '2018-02-21 09:18:09', 156),
('129.208.182.57', '2018-01-16 14:24:44', 2),
('129.45.100.123', '2018-03-17 13:43:51', 1),
('129.45.101.44', '2018-03-16 14:44:46', 1),
('129.45.107.21', '2018-03-16 18:35:40', 1),
('129.45.62.137', '2018-05-14 18:50:20', 1),
('129.78.110.124', '2018-02-03 23:49:44', 13),
('13.231.62.251', '2018-02-17 03:53:12', 1),
('13.56.159.157', '2017-11-29 07:21:39', 2),
('13.56.229.65', '2017-12-08 10:18:54', 34),
('13.56.232.243', '2018-05-07 22:25:34', 10),
('13.57.10.111', '2017-10-15 21:59:29', 1),
('13.57.220.0', '2018-06-07 04:51:10', 3),
('13.58.190.157', '2017-11-26 08:31:12', 1),
('130.105.224.13', '2018-02-26 01:12:26', 2),
('130.105.244.215', '2018-03-07 07:17:17', 2),
('130.105.8.146', '2018-02-11 11:10:30', 2),
('130.204.105.4', '2018-01-17 01:59:09', 2),
('131.100.162.133', '2018-02-24 17:44:54', 2),
('131.108.244.191', '2018-06-05 02:16:24', 2),
('131.161.108.151', '2018-01-27 12:10:15', 2),
('131.255.53.107', '2018-03-01 17:41:56', 2),
('132.255.14.132', '2018-02-15 07:35:14', 2),
('134.101.195.46', '2018-05-02 04:53:52', 2),
('134.196.44.10', '2018-02-03 23:00:59', 2),
('134.196.44.199', '2018-02-13 15:55:24', 2),
('134.255.164.62', '2018-03-10 17:47:14', 2),
('135.19.168.78', '2018-01-30 10:50:34', 2),
('135.23.134.51', '2018-02-15 16:26:45', 2),
('136.243.154.100', '2017-12-17 06:33:35', 5),
('136.243.154.102', '2017-10-01 11:57:55', 4),
('136.243.154.108', '2017-11-07 11:31:56', 12),
('136.243.154.109', '2017-10-15 18:36:46', 10),
('136.243.154.93', '2017-09-17 08:48:20', 13),
('136.243.154.95', '2017-09-27 07:32:33', 7),
('136.243.17.161', '2018-02-17 07:57:17', 23),
('136.243.68.226', '2017-11-23 18:08:19', 2),
('136.243.73.76', '2018-01-14 23:57:48', 39),
('137.103.35.117', '2018-02-25 16:25:31', 2),
('137.226.113.26', '2018-01-08 17:35:06', 14),
('137.226.113.27', '2017-12-17 23:31:08', 16),
('137.226.113.28', '2017-12-25 03:46:00', 17),
('137.226.113.33', '2018-05-04 07:26:21', 1),
('137.59.227.245', '2018-01-15 13:11:42', 2),
('137.74.201.100', '2017-11-12 06:44:09', 1),
('137.74.201.108', '2017-11-05 04:20:03', 3),
('137.74.201.99', '2017-12-20 18:38:38', 1),
('137.74.203.194', '2017-10-24 21:32:04', 3),
('137.74.207.101', '2017-10-24 21:40:38', 2),
('137.74.207.102', '2017-10-25 06:07:14', 4),
('137.74.207.108', '2017-10-30 08:33:28', 4),
('137.74.207.109', '2017-11-02 22:17:25', 5),
('137.74.207.110', '2017-10-16 19:41:20', 2),
('137.74.207.114', '2017-11-13 02:06:30', 3),
('137.74.207.116', '2017-12-04 16:06:47', 3),
('137.74.207.119', '2017-10-16 16:08:23', 4),
('137.74.207.120', '2017-11-05 18:46:54', 4),
('137.74.207.159', '2017-12-08 00:05:20', 1),
('137.74.207.161', '2017-10-16 18:08:08', 5),
('137.74.207.164', '2017-11-03 13:46:54', 2),
('137.74.207.170', '2017-10-31 00:08:04', 5),
('137.74.207.188', '2017-11-11 20:35:22', 2),
('137.97.126.24', '2018-02-13 06:23:44', 2),
('138.0.114.46', '2018-02-28 20:27:55', 2),
('138.197.31.103', '2017-12-10 03:11:47', 1),
('138.197.35.225', '2017-11-30 22:25:20', 2),
('138.201.129.70', '2017-10-12 06:54:33', 11),
('138.201.19.163', '2017-12-18 09:50:56', 6),
('138.201.225.138', '2017-11-08 12:24:25', 12),
('138.246.253.15', '2017-10-05 11:39:47', 1),
('138.246.253.19', '2017-09-22 04:42:15', 34),
('138.246.253.5', '2018-05-18 03:59:16', 3),
('138.68.171.253', '2018-05-08 20:26:36', 1),
('138.97.124.194', '2018-02-22 18:53:53', 2),
('138.97.23.95', '2018-01-22 13:37:00', 2),
('138.97.39.130', '2018-02-13 01:06:04', 2),
('138.99.109.10', '2018-02-05 21:01:21', 2),
('139.162.214.217', '2017-11-16 21:13:51', 1),
('139.162.97.57', '2017-11-19 18:01:20', 1),
('139.190.15.61', '2018-02-09 04:25:33', 2),
('139.192.14.85', '2018-01-14 15:43:50', 2),
('139.192.147.165', '2018-02-17 02:17:49', 2),
('139.192.167.58', '2018-02-13 03:58:06', 2),
('139.192.244.237', '2017-12-26 13:26:19', 1),
('139.195.25.252', '2018-01-15 06:47:58', 2),
('139.227.144.134', '2017-09-19 10:31:50', 1),
('139.47.110.115', '2018-02-07 21:40:48', 2),
('139.47.12.173', '2018-02-20 09:56:57', 2),
('139.5.22.79', '2018-02-06 00:43:08', 2),
('139.5.237.154', '2018-02-20 15:41:21', 2),
('139.59.13.137', '2018-05-26 15:06:41', 4),
('14.102.67.134', '2018-01-23 23:47:35', 2),
('14.139.160.241', '2018-01-19 14:40:33', 2),
('14.139.237.162', '2018-02-14 18:21:38', 2),
('14.139.242.195', '2018-05-03 14:38:32', 1),
('14.140.215.85', '2018-02-11 18:13:48', 2),
('14.141.107.206', '2018-02-05 12:13:06', 4),
('14.142.64.3', '2018-02-03 16:47:39', 4),
('14.169.74.121', '2018-02-05 11:28:37', 2),
('14.192.155.58', '2018-02-07 15:28:51', 2),
('14.192.211.179', '2018-02-10 07:43:31', 2),
('14.192.212.119', '2018-01-31 19:13:27', 2),
('14.192.212.6', '2018-02-26 12:50:33', 2),
('14.231.112.19', '2018-01-12 14:58:09', 2),
('14.233.13.255', '2018-01-13 01:22:03', 2),
('141.0.12.27', '2018-02-21 21:11:54', 2),
('141.101.4.154', '2018-02-26 17:35:22', 2),
('141.136.174.235', '2018-02-01 17:50:38', 2),
('141.212.122.128', '2018-03-01 22:04:51', 1),
('141.212.122.81', '2018-03-01 18:52:17', 1),
('141.227.1.37', '2017-09-18 14:07:48', 1),
('141.255.61.95', '2018-01-30 12:56:51', 2),
('141.8.142.110', '2018-05-25 16:42:52', 1),
('141.8.142.112', '2018-02-24 02:54:40', 1),
('141.8.143.137', '2018-02-02 06:18:07', 5),
('141.8.143.150', '2017-09-18 19:05:50', 1),
('141.8.143.151', '2018-01-27 15:27:42', 3),
('141.8.143.154', '2017-12-26 19:18:04', 5),
('141.8.143.159', '2017-09-21 04:33:49', 2),
('141.8.143.167', '2017-10-28 00:17:10', 13),
('141.8.143.171', '2017-09-30 13:42:31', 1),
('141.8.143.182', '2017-10-03 22:17:30', 35),
('141.8.144.100', '2017-10-10 18:37:29', 1),
('141.8.144.134', '2017-09-18 19:05:43', 1),
('141.8.144.15', '2018-01-23 20:26:56', 2),
('141.8.144.21', '2017-12-26 10:33:54', 8),
('141.8.144.25', '2017-10-10 05:33:23', 1),
('141.8.144.33', '2017-11-12 15:10:03', 3),
('141.8.144.45', '2018-01-23 20:26:25', 3),
('141.8.144.53', '2017-10-12 22:38:21', 1),
('142.0.198.172', '2018-02-20 17:12:25', 6),
('142.0.205.84', '2018-06-09 01:09:06', 1),
('142.105.10.253', '2018-02-14 03:40:13', 2),
('142.177.105.137', '2018-02-04 07:52:00', 2),
('142.234.115.154', '2017-12-30 11:23:21', 4),
('142.234.115.155', '2018-01-04 05:50:16', 2),
('142.234.73.134', '2017-09-30 10:25:18', 1),
('142.4.200.37', '2018-05-04 12:05:53', 2),
('142.44.159.96', '2018-05-08 15:29:14', 22),
('142.44.210.30', '2017-10-07 18:32:12', 1),
('142.44.222.245', '2017-10-21 15:05:34', 2),
('142.44.247.127', '2017-12-06 03:30:31', 1),
('142.59.55.86', '2018-02-08 22:28:49', 2),
('144.172.104.147', '2018-05-27 03:18:34', 1),
('144.217.15.198', '2018-05-06 05:11:32', 14),
('144.217.163.23', '2017-10-07 06:40:55', 1),
('144.217.163.54', '2017-12-05 11:05:51', 1),
('144.217.167.32', '2017-11-13 22:20:09', 1),
('144.217.167.39', '2017-12-05 16:40:12', 1),
('144.217.5.52', '2018-05-27 06:43:57', 3),
('144.217.68.229', '2018-05-08 15:18:03', 1),
('144.217.86.210', '2018-04-22 14:10:29', 13),
('144.76.115.190', '2017-09-25 10:17:09', 34),
('144.76.117.78', '2018-05-27 03:45:46', 2),
('144.76.117.83', '2018-04-26 01:28:53', 39),
('144.76.12.66', '2018-03-15 04:47:12', 2),
('144.76.132.73', '2018-03-29 23:28:37', 8),
('144.76.14.34', '2017-11-07 11:31:15', 1),
('144.76.14.38', '2018-05-27 05:25:34', 2),
('144.76.14.46', '2017-12-17 06:33:58', 2),
('144.76.14.49', '2017-12-17 07:40:30', 2),
('144.76.14.66', '2018-01-10 13:10:14', 2),
('144.76.14.69', '2017-11-13 08:21:02', 2),
('144.76.14.78', '2018-01-14 17:53:54', 2),
('144.76.14.9', '2017-11-17 08:22:30', 1),
('144.76.176.171', '2018-05-27 03:05:45', 9),
('144.76.22.101', '2017-12-03 09:46:06', 2),
('144.76.22.102', '2017-12-03 12:27:50', 2),
('144.76.22.104', '2018-02-07 00:12:10', 1),
('144.76.22.109', '2017-11-07 17:51:35', 1),
('144.76.22.112', '2017-11-11 13:16:34', 2),
('144.76.22.114', '2017-11-14 20:57:53', 2),
('144.76.22.119', '2017-10-21 07:19:44', 1),
('144.76.22.175', '2017-11-17 08:26:03', 1),
('144.76.22.178', '2017-10-15 18:37:04', 2),
('144.76.22.19', '2017-11-19 17:02:17', 1),
('144.76.22.194', '2018-01-10 15:04:12', 1),
('144.76.22.201', '2017-11-24 07:08:04', 1),
('144.76.22.204', '2018-03-26 06:46:24', 2),
('144.76.22.206', '2017-09-17 08:53:37', 1),
('144.76.22.208', '2017-10-01 11:58:25', 4),
('144.76.22.211', '2017-10-05 03:13:30', 2),
('144.76.22.231', '2017-09-27 07:32:33', 2),
('144.76.22.243', '2018-01-10 15:03:21', 2),
('144.76.22.4', '2018-01-29 15:13:05', 2),
('144.76.22.49', '2018-04-09 16:44:09', 2),
('144.76.22.51', '2017-11-07 14:22:24', 1),
('144.76.22.55', '2018-04-09 09:51:35', 2),
('144.76.22.66', '2017-11-23 15:27:21', 2),
('144.76.22.71', '2017-11-11 06:56:14', 1),
('144.76.22.75', '2017-10-21 07:09:55', 2),
('144.76.22.77', '2017-11-25 09:07:24', 1),
('144.76.23.105', '2017-12-26 17:36:17', 2),
('144.76.23.106', '2017-10-12 06:55:03', 2),
('144.76.23.107', '2017-11-17 08:10:44', 3),
('144.76.23.116', '2017-11-07 11:32:26', 1),
('144.76.23.117', '2018-02-18 16:07:06', 2),
('144.76.23.136', '2018-02-26 07:26:07', 1),
('144.76.23.142', '2017-11-21 12:36:39', 2),
('144.76.23.146', '2018-01-02 12:15:19', 2),
('144.76.23.15', '2018-02-04 19:22:31', 1),
('144.76.23.16', '2017-11-23 17:41:31', 2),
('144.76.23.163', '2017-11-08 12:24:48', 2),
('144.76.23.164', '2018-04-05 06:43:39', 2),
('144.76.23.168', '2017-11-24 06:59:32', 2),
('144.76.23.169', '2017-11-14 20:57:54', 1),
('144.76.23.17', '2018-03-12 15:26:32', 1),
('144.76.23.176', '2017-12-19 11:59:03', 2),
('144.76.23.179', '2017-12-03 09:46:32', 1),
('144.76.23.195', '2018-02-04 18:43:30', 2),
('144.76.23.197', '2018-04-05 12:16:52', 2),
('144.76.23.202', '2017-12-30 09:45:23', 1),
('144.76.23.203', '2018-01-28 19:16:52', 2),
('144.76.23.209', '2017-11-13 15:09:14', 2),
('144.76.23.210', '2017-12-19 11:59:03', 2),
('144.76.23.226', '2017-12-18 09:51:11', 3),
('144.76.23.227', '2017-11-25 08:54:18', 4),
('144.76.23.234', '2018-02-04 19:22:36', 1),
('144.76.23.246', '2017-09-29 20:27:45', 2),
('144.76.23.247', '2017-09-17 08:48:38', 2),
('144.76.23.37', '2018-02-26 07:23:38', 4),
('144.76.23.38', '2018-01-18 06:37:47', 2),
('144.76.23.4', '2017-11-19 16:15:10', 2),
('144.76.23.7', '2018-03-31 12:28:59', 1),
('144.76.23.99', '2018-02-27 08:37:31', 2),
('144.76.243.139', '2018-03-27 19:29:18', 2),
('144.76.38.40', '2018-03-06 01:12:09', 11),
('144.76.38.73', '2017-09-27 16:03:34', 36),
('144.76.6.230', '2018-04-18 04:29:57', 3),
('144.76.8.231', '2018-02-25 06:06:47', 2),
('145.108.189.87', '2018-02-16 14:53:27', 1),
('145.239.89.19', '2017-12-05 22:07:01', 1),
('145.239.89.22', '2017-11-12 06:33:37', 1),
('145.239.89.243', '2017-10-07 09:41:21', 1),
('145.239.89.244', '2017-10-07 00:51:08', 1),
('145.255.168.184', '2018-02-10 20:51:16', 1),
('146.115.59.31', '2018-03-07 00:05:14', 2),
('146.148.27.65', '2018-05-20 05:26:35', 1),
('146.185.144.64', '2017-09-18 06:13:08', 1),
('146.185.223.252', '2018-04-29 08:16:55', 1),
('146.185.223.26', '2017-11-21 23:12:10', 1),
('147.75.65.155', '2018-01-22 09:54:11', 2),
('147.75.66.161', '2018-02-19 03:19:14', 1),
('148.101.17.103', '2018-03-02 07:20:23', 2),
('148.101.66.130', '2018-02-20 19:42:25', 2),
('148.103.34.238', '2018-01-14 21:20:08', 2),
('148.251.54.44', '2018-03-09 06:41:28', 1),
('148.251.7.6', '2018-04-14 07:23:15', 2),
('148.255.198.37', '2018-01-14 20:59:02', 2),
('148.56.50.218', '2018-02-06 17:04:39', 2),
('148.64.56.126', '2017-10-06 20:56:27', 1),
('148.64.56.144', '2017-10-06 20:56:02', 1),
('148.64.56.64', '2017-11-06 19:33:45', 16),
('148.64.56.65', '2017-11-13 18:59:54', 9),
('148.64.56.66', '2017-11-06 14:05:06', 5),
('148.64.56.67', '2017-10-21 06:40:42', 14),
('148.64.56.68', '2017-10-23 13:36:37', 30),
('148.64.56.69', '2017-11-17 09:03:37', 11),
('148.64.56.70', '2017-10-13 07:08:09', 23),
('148.64.56.71', '2017-11-09 10:00:18', 12),
('148.64.56.72', '2017-10-12 13:13:42', 132),
('148.64.56.73', '2017-10-26 08:54:01', 34),
('148.64.56.74', '2017-10-21 06:32:28', 37),
('148.64.56.75', '2017-11-06 10:45:21', 12),
('148.64.56.76', '2017-11-11 15:08:40', 7),
('148.64.56.77', '2017-10-21 08:38:30', 18),
('148.64.56.78', '2017-10-13 07:40:17', 14),
('148.64.56.79', '2017-11-06 13:00:20', 11),
('148.69.64.65', '2018-03-21 07:33:18', 2),
('149.154.230.211', '2018-03-04 20:59:40', 2),
('149.3.67.126', '2018-01-18 10:41:30', 2),
('149.56.110.149', '2018-01-16 00:45:16', 1),
('149.56.128.29', '2018-01-12 01:31:52', 1),
('149.56.135.240', '2018-01-12 01:53:22', 1),
('150.107.9.132', '2018-01-29 03:19:54', 2),
('150.129.199.88', '2018-03-08 07:52:38', 2),
('150.129.64.224', '2018-01-17 10:43:18', 2),
('150.147.128.107', '2018-01-12 06:21:06', 2),
('150.242.204.15', '2018-01-15 13:00:58', 2),
('151.24.224.127', '2018-01-13 10:25:59', 2),
('151.240.67.104', '2018-02-06 07:50:47', 2),
('151.251.6.107', '2018-02-17 18:10:56', 2),
('151.28.143.233', '2018-02-05 13:46:21', 2),
('151.33.53.24', '2018-03-10 14:24:02', 2),
('151.36.54.2', '2017-10-05 17:31:31', 1),
('151.40.63.113', '2018-01-25 17:58:00', 2),
('151.42.99.129', '2018-03-01 16:27:06', 2),
('151.52.191.233', '2018-01-12 22:33:40', 2),
('151.65.6.34', '2018-03-06 02:11:42', 2),
('151.70.39.76', '2018-02-03 22:44:12', 2),
('151.80.27.116', '2017-11-05 12:49:13', 3),
('151.80.39.186', '2017-10-01 11:58:55', 34),
('151.80.39.24', '2017-09-17 08:49:53', 39),
('151.80.39.240', '2018-05-23 07:10:37', 2),
('151.80.39.94', '2018-02-20 23:27:14', 188),
('151.80.40.163', '2018-01-29 14:34:01', 1),
('151.80.40.178', '2018-01-28 19:16:04', 3),
('151.80.41.169', '2018-03-08 07:54:42', 74),
('151.80.44.115', '2017-12-18 16:20:02', 4),
('152.166.123.129', '2017-10-06 01:40:14', 1),
('152.237.247.250', '2018-02-27 03:29:09', 2),
('153.198.2.243', '2018-02-08 07:02:41', 2),
('153.210.3.155', '2018-01-17 12:12:54', 2),
('153.223.29.251', '2018-01-13 02:08:59', 2),
('154.0.180.83', '2017-12-18 12:10:07', 1),
('154.0.180.85', '2018-02-06 11:02:04', 1),
('154.0.26.235', '2018-02-12 10:43:18', 1),
('154.116.36.119', '2018-05-19 13:57:08', 1),
('154.117.163.234', '2018-02-14 07:02:47', 2),
('154.117.194.7', '2018-05-27 16:55:21', 1),
('154.117.217.72', '2018-01-12 13:11:52', 1),
('154.118.159.4', '2018-04-02 20:02:25', 2),
('154.121.7.52', '2018-02-25 21:56:41', 2),
('154.124.104.89', '2018-01-17 14:19:26', 2),
('154.124.195.190', '2018-01-27 12:01:49', 1),
('154.124.78.121', '2018-03-05 18:13:09', 2),
('154.126.167.172', '2018-05-08 12:32:53', 3),
('154.126.176.70', '2017-12-04 08:38:31', 2),
('154.127.104.74', '2018-01-21 08:20:43', 2),
('154.147.72.117', '2018-05-26 08:43:05', 1),
('154.16.61.216', '2018-01-03 05:37:48', 1),
('154.242.32.0', '2018-02-23 01:56:23', 2),
('154.44.139.214', '2018-01-19 10:18:02', 2),
('154.51.131.142', '2018-03-02 05:34:41', 9),
('154.60.237.50', '2018-02-05 11:35:08', 2),
('154.68.22.88', '2018-06-04 13:48:08', 1),
('154.68.5.144', '2018-02-15 08:59:19', 3),
('154.68.5.146', '2018-04-02 14:52:36', 1),
('154.69.81.195', '2018-02-06 10:09:01', 2),
('154.70.108.166', '2017-09-17 10:32:57', 4),
('154.70.108.167', '2017-09-19 13:17:32', 2),
('154.70.108.170', '2017-09-17 11:34:14', 1),
('154.70.108.179', '2017-09-18 14:36:48', 6),
('154.70.108.187', '2017-09-19 09:36:16', 4),
('154.70.108.90', '2017-09-27 20:46:33', 4),
('154.70.115.103', '2018-04-23 15:25:52', 1),
('154.70.115.193', '2017-11-25 19:50:46', 1),
('154.70.121.115', '2018-03-14 13:41:03', 2),
('154.70.121.82', '2018-03-10 14:38:28', 3),
('154.70.125.179', '2018-04-09 16:42:46', 5),
('154.70.125.35', '2018-03-11 14:23:32', 1),
('154.70.169.207', '2018-06-02 22:28:51', 2),
('154.70.57.235', '2018-02-18 15:08:14', 2),
('154.70.86.166', '2018-02-08 16:44:02', 2),
('154.70.98.15', '2017-10-06 07:28:15', 1),
('154.72.139.170', '2018-04-20 13:30:24', 5),
('154.72.141.2', '2018-02-06 05:49:03', 1),
('154.72.150.132', '2017-10-05 19:15:37', 1),
('154.72.160.109', '2017-11-02 08:15:28', 1),
('154.72.160.125', '2018-06-12 09:16:44', 10),
('154.72.160.127', '2017-11-27 10:35:47', 2),
('154.72.160.139', '2017-12-23 20:00:08', 13),
('154.72.160.141', '2017-11-11 06:52:17', 2),
('154.72.160.146', '2018-04-09 22:05:42', 2),
('154.72.160.175', '2018-03-14 11:08:51', 7),
('154.72.160.181', '2018-02-09 08:52:39', 5),
('154.72.160.209', '2017-11-06 07:47:18', 115),
('154.72.160.215', '2018-03-21 08:26:43', 8),
('154.72.160.222', '2017-09-23 11:27:06', 26),
('154.72.160.227', '2017-10-21 11:22:14', 1),
('154.72.160.230', '2018-03-30 15:24:10', 1),
('154.72.160.233', '2017-09-29 11:06:56', 12),
('154.72.160.235', '2018-06-04 10:06:15', 3),
('154.72.160.236', '2018-03-09 08:16:28', 1),
('154.72.160.243', '2018-01-19 09:46:11', 32),
('154.72.160.244', '2017-11-22 17:07:01', 1),
('154.72.160.254', '2017-10-31 10:24:11', 1),
('154.72.160.28', '2017-10-06 13:02:59', 1),
('154.72.160.3', '2017-11-28 10:44:34', 13),
('154.72.160.35', '2018-01-21 08:45:07', 719),
('154.72.160.40', '2018-04-02 09:49:21', 6),
('154.72.160.50', '2018-04-02 06:55:06', 5),
('154.72.160.6', '2018-04-10 12:07:54', 3),
('154.72.160.61', '2018-02-17 11:56:46', 11),
('154.72.160.71', '2018-04-03 07:28:21', 4),
('154.72.160.74', '2017-10-19 12:52:27', 1),
('154.72.160.75', '2018-06-11 14:02:01', 9),
('154.72.160.80', '2018-02-24 10:49:05', 1),
('154.72.160.90', '2017-11-11 11:22:06', 53),
('154.72.160.94', '2018-05-09 15:15:39', 1),
('154.72.161.102', '2018-03-22 11:55:20', 17),
('154.72.161.109', '2018-02-09 14:33:44', 1),
('154.72.161.115', '2017-11-17 10:39:08', 2),
('154.72.161.119', '2018-06-08 14:16:23', 57),
('154.72.161.121', '2017-09-20 07:30:12', 15),
('154.72.161.130', '2018-02-06 12:07:29', 25),
('154.72.161.141', '2017-11-09 13:30:45', 12),
('154.72.161.147', '2017-11-20 10:23:43', 4),
('154.72.161.148', '2018-03-29 07:12:02', 1),
('154.72.161.150', '2018-05-17 11:15:59', 1),
('154.72.161.155', '2018-06-09 08:02:45', 1),
('154.72.161.157', '2017-09-28 07:43:47', 27),
('154.72.161.16', '2017-10-05 13:57:47', 29),
('154.72.161.162', '2017-11-07 12:12:29', 15),
('154.72.161.164', '2018-06-05 11:10:10', 1),
('154.72.161.169', '2017-10-03 07:07:03', 33),
('154.72.161.173', '2018-06-04 10:14:10', 5),
('154.72.161.175', '2018-04-13 09:14:45', 3),
('154.72.161.185', '2018-02-06 20:03:52', 24),
('154.72.161.210', '2018-04-08 13:26:31', 2),
('154.72.161.216', '2018-04-19 10:44:51', 2),
('154.72.161.219', '2017-10-05 18:53:49', 12),
('154.72.161.22', '2018-03-21 04:36:56', 3),
('154.72.161.220', '2017-10-05 10:26:46', 15),
('154.72.161.221', '2017-10-09 13:14:30', 1),
('154.72.161.222', '2018-03-31 11:33:05', 8),
('154.72.161.224', '2017-10-16 16:25:42', 3),
('154.72.161.227', '2017-12-11 07:22:44', 21),
('154.72.161.230', '2017-11-24 11:22:29', 1),
('154.72.161.231', '2017-10-13 12:23:04', 5),
('154.72.161.238', '2018-01-10 16:00:53', 8),
('154.72.161.24', '2018-02-27 15:37:34', 35),
('154.72.161.243', '2017-11-13 15:28:54', 3),
('154.72.161.247', '2018-03-15 12:45:14', 1),
('154.72.161.248', '2017-11-08 12:10:38', 51),
('154.72.161.252', '2018-01-11 10:53:42', 5),
('154.72.161.41', '2018-04-05 10:38:41', 13),
('154.72.161.43', '2017-10-02 07:24:28', 2),
('154.72.161.45', '2017-09-21 07:48:23', 18),
('154.72.161.50', '2018-02-05 10:06:46', 4),
('154.72.161.51', '2017-10-13 07:19:37', 3),
('154.72.161.59', '2017-10-05 11:37:31', 4),
('154.72.161.7', '2017-09-19 12:47:40', 14),
('154.72.161.70', '2017-11-14 09:45:44', 11),
('154.72.161.72', '2018-06-06 13:52:09', 8),
('154.72.161.83', '2017-11-10 13:03:11', 9),
('154.72.161.84', '2017-09-18 08:27:14', 43),
('154.72.161.89', '2018-04-30 10:34:30', 19),
('154.72.161.91', '2017-11-03 09:31:54', 3),
('154.72.161.95', '2018-03-13 07:59:36', 20),
('154.72.161.96', '2018-02-26 09:18:40', 2),
('154.72.161.97', '2018-04-06 09:26:00', 6),
('154.72.162.100', '2017-11-18 08:48:19', 23),
('154.72.162.110', '2017-12-18 10:05:09', 7),
('154.72.162.115', '2018-02-16 09:00:31', 4),
('154.72.162.121', '2017-09-15 21:02:53', 178),
('154.72.162.126', '2018-01-13 11:38:57', 27),
('154.72.162.127', '2018-01-29 09:00:10', 1),
('154.72.162.128', '2017-12-22 15:56:58', 10),
('154.72.162.144', '2018-01-20 09:43:51', 74),
('154.72.162.15', '2018-02-18 16:05:07', 23),
('154.72.162.151', '2017-10-02 07:12:49', 12),
('154.72.162.153', '2018-03-20 22:00:34', 1),
('154.72.162.157', '2018-04-18 15:55:41', 1),
('154.72.162.173', '2018-06-05 16:15:06', 4),
('154.72.162.175', '2018-04-05 09:18:00', 5),
('154.72.162.176', '2017-11-30 09:59:52', 2),
('154.72.162.177', '2017-10-11 13:21:39', 3),
('154.72.162.179', '2018-06-08 11:14:01', 4),
('154.72.162.189', '2018-03-26 06:36:30', 15),
('154.72.162.194', '2017-09-26 10:54:32', 65),
('154.72.162.2', '2018-04-04 11:25:18', 1),
('154.72.162.20', '2018-03-28 12:31:09', 7),
('154.72.162.219', '2018-01-10 12:57:05', 15),
('154.72.162.223', '2018-04-23 18:25:41', 2),
('154.72.162.230', '2018-02-20 15:50:18', 16),
('154.72.162.237', '2017-11-15 11:34:34', 19),
('154.72.162.242', '2018-03-21 13:36:56', 2),
('154.72.162.246', '2017-10-31 14:14:17', 2),
('154.72.162.247', '2017-12-10 18:52:26', 8),
('154.72.162.249', '2017-11-14 07:22:37', 1),
('154.72.162.253', '2017-11-07 11:12:36', 8),
('154.72.162.254', '2017-11-08 07:09:52', 52),
('154.72.162.28', '2017-09-21 10:03:06', 5),
('154.72.162.29', '2017-10-01 16:08:42', 22),
('154.72.162.3', '2018-04-25 15:26:17', 10),
('154.72.162.40', '2018-02-21 18:49:44', 3),
('154.72.162.48', '2017-11-21 11:20:10', 1),
('154.72.162.56', '2018-06-04 12:53:13', 7),
('154.72.162.71', '2017-11-17 09:16:41', 3),
('154.72.162.73', '2018-04-19 19:15:52', 9),
('154.72.162.92', '2018-01-27 09:33:57', 3),
('154.72.162.95', '2018-03-11 18:40:33', 12),
('154.72.162.98', '2017-12-02 09:02:34', 5),
('154.72.162.99', '2018-03-24 11:27:43', 5),
('154.72.163.0', '2017-12-06 10:01:25', 4),
('154.72.163.101', '2018-01-09 11:49:46', 5),
('154.72.163.104', '2017-10-21 17:42:00', 3),
('154.72.163.106', '2017-09-24 16:24:24', 1),
('154.72.163.11', '2017-12-05 09:05:18', 19),
('154.72.163.113', '2017-10-12 13:27:15', 4),
('154.72.163.116', '2017-09-18 08:27:49', 44),
('154.72.163.121', '2017-12-01 18:58:22', 2),
('154.72.163.126', '2017-10-28 10:36:04', 2),
('154.72.163.138', '2017-12-03 12:06:06', 8),
('154.72.163.14', '2017-10-10 07:22:07', 3),
('154.72.163.144', '2018-02-25 09:53:37', 10),
('154.72.163.147', '2017-12-10 14:57:40', 4),
('154.72.163.150', '2017-12-26 11:20:00', 20),
('154.72.163.156', '2017-09-22 08:13:38', 43),
('154.72.163.160', '2017-11-27 07:39:01', 8),
('154.72.163.163', '2017-10-10 15:22:27', 1),
('154.72.163.164', '2018-02-12 10:06:52', 11);
INSERT INTO `visitors` (`ip`, `last_visite`, `view_page`) VALUES
('154.72.163.171', '2018-01-31 18:30:41', 2),
('154.72.163.18', '2017-11-29 09:57:18', 2),
('154.72.163.19', '2017-11-13 08:14:43', 47),
('154.72.163.194', '2017-12-09 19:06:11', 4),
('154.72.163.197', '2017-10-03 06:51:27', 2),
('154.72.163.20', '2017-12-04 09:26:41', 19),
('154.72.163.205', '2017-09-25 09:34:34', 6),
('154.72.163.215', '2018-06-05 15:35:34', 2),
('154.72.163.218', '2018-02-19 11:39:27', 34),
('154.72.163.232', '2017-10-03 08:10:44', 2),
('154.72.163.234', '2018-01-04 16:25:03', 2),
('154.72.163.238', '2017-09-29 13:48:35', 36),
('154.72.163.240', '2017-09-18 12:06:59', 13),
('154.72.163.25', '2018-03-04 09:50:32', 18),
('154.72.163.250', '2018-03-15 16:29:43', 2),
('154.72.163.28', '2017-11-08 12:37:18', 25),
('154.72.163.42', '2017-10-09 14:23:27', 2),
('154.72.163.44', '2018-03-20 10:55:38', 5),
('154.72.163.5', '2017-11-04 12:46:23', 2),
('154.72.163.50', '2018-05-03 11:21:10', 4),
('154.72.163.51', '2017-12-30 09:31:21', 9),
('154.72.163.53', '2018-05-23 10:51:40', 13),
('154.72.163.57', '2018-03-03 07:10:18', 6),
('154.72.163.61', '2018-02-05 09:02:16', 2),
('154.72.163.63', '2018-05-21 17:04:53', 8),
('154.72.163.64', '2017-12-08 12:32:52', 1),
('154.72.163.71', '2017-11-23 14:45:52', 74),
('154.72.163.74', '2018-03-09 16:20:09', 3),
('154.72.163.75', '2018-02-01 16:45:31', 7),
('154.72.163.83', '2017-11-10 08:14:31', 17),
('154.72.163.87', '2018-06-12 07:06:49', 2),
('154.72.163.93', '2018-01-28 22:15:42', 28),
('154.72.163.94', '2018-04-03 13:44:49', 8),
('154.72.163.95', '2017-09-20 13:28:02', 15),
('154.72.166.108', '2018-04-06 02:09:32', 1),
('154.72.166.136', '2018-01-28 20:21:06', 2),
('154.72.166.144', '2018-02-06 10:06:25', 2),
('154.72.166.150', '2018-02-28 06:50:00', 7),
('154.72.166.177', '2017-12-31 18:56:27', 1),
('154.72.166.224', '2017-11-24 08:59:53', 1),
('154.72.166.34', '2018-02-16 13:34:09', 1),
('154.72.166.47', '2018-03-26 06:50:39', 1),
('154.72.167.105', '2017-10-02 17:56:53', 1),
('154.72.167.107', '2017-11-14 10:58:54', 3),
('154.72.167.123', '2018-04-23 10:03:51', 2),
('154.72.167.127', '2017-11-02 14:16:57', 13),
('154.72.167.200', '2017-10-05 20:42:18', 1),
('154.72.167.207', '2017-10-08 16:17:16', 24),
('154.72.167.241', '2018-01-07 21:46:25', 6),
('154.72.167.242', '2017-11-24 07:39:41', 4),
('154.72.167.70', '2018-05-10 17:30:29', 1),
('154.72.168.154', '2017-11-08 12:29:02', 1),
('154.72.168.221', '2017-11-13 09:58:41', 1),
('154.72.170.203', '2017-10-06 10:09:16', 1),
('154.73.165.14', '2018-04-03 20:05:37', 1),
('154.73.21.6', '2018-05-21 21:22:08', 1),
('155.4.134.211', '2018-01-23 06:12:27', 2),
('155.93.135.235', '2018-03-02 07:14:55', 2),
('155.94.132.154', '2017-12-09 02:49:29', 1),
('155.94.141.36', '2018-01-01 09:25:01', 1),
('156.197.99.67', '2018-01-22 20:21:31', 2),
('156.204.140.39', '2018-03-02 12:36:36', 2),
('156.205.91.52', '2018-02-16 16:27:46', 2),
('156.209.162.206', '2018-01-22 08:15:58', 2),
('156.209.211.237', '2018-02-26 21:44:25', 2),
('156.213.39.134', '2018-01-19 13:04:45', 2),
('156.222.55.128', '2018-01-28 13:13:18', 2),
('156.223.151.168', '2018-02-05 23:31:55', 2),
('156.223.210.177', '2018-01-09 10:35:40', 2),
('156.34.229.195', '2018-02-20 20:21:31', 2),
('156.57.130.96', '2018-03-02 21:14:14', 2),
('156.67.107.4', '2018-02-16 02:17:56', 2),
('157.119.106.246', '2018-01-16 08:25:30', 2),
('157.185.131.133', '2017-10-08 18:14:41', 2),
('157.185.131.61', '2018-03-09 20:14:50', 2),
('157.49.147.17', '2018-02-07 19:52:35', 2),
('157.49.50.191', '2018-01-18 07:25:50', 1),
('157.50.96.114', '2018-02-07 19:38:20', 2),
('157.51.219.175', '2018-05-22 15:53:50', 2),
('157.55.13.65', '2018-05-11 10:42:38', 1),
('157.55.39.0', '2017-10-08 03:12:31', 14),
('157.55.39.1', '2017-10-27 21:15:04', 8),
('157.55.39.101', '2017-10-15 03:32:44', 14),
('157.55.39.102', '2018-04-18 07:02:34', 1),
('157.55.39.103', '2017-12-25 01:53:14', 4),
('157.55.39.105', '2018-03-19 14:00:21', 2),
('157.55.39.106', '2018-05-12 14:11:41', 1),
('157.55.39.11', '2018-06-06 15:00:17', 1),
('157.55.39.110', '2018-04-18 18:13:07', 1),
('157.55.39.111', '2017-12-10 09:49:46', 7),
('157.55.39.112', '2018-02-04 15:32:28', 12),
('157.55.39.113', '2018-03-23 15:10:04', 1),
('157.55.39.114', '2018-02-17 00:37:10', 1),
('157.55.39.117', '2018-01-28 23:02:53', 22),
('157.55.39.118', '2018-03-21 22:29:50', 6),
('157.55.39.119', '2017-10-23 07:03:22', 2),
('157.55.39.12', '2018-03-24 15:14:54', 5),
('157.55.39.120', '2017-11-25 06:58:34', 16),
('157.55.39.121', '2018-04-25 07:03:38', 3),
('157.55.39.123', '2018-04-10 12:52:22', 1),
('157.55.39.124', '2018-06-03 16:22:14', 1),
('157.55.39.126', '2018-06-06 03:23:42', 1),
('157.55.39.130', '2018-02-24 00:58:22', 1),
('157.55.39.131', '2018-03-24 22:49:54', 1),
('157.55.39.133', '2018-02-15 09:29:39', 6),
('157.55.39.135', '2018-01-12 21:34:05', 1),
('157.55.39.137', '2017-10-08 03:12:35', 7),
('157.55.39.138', '2018-03-15 00:36:01', 1),
('157.55.39.139', '2018-05-24 23:01:45', 1),
('157.55.39.14', '2018-06-06 15:51:05', 5),
('157.55.39.140', '2018-03-19 12:56:08', 1),
('157.55.39.143', '2017-10-14 13:11:00', 18),
('157.55.39.144', '2018-01-07 18:40:38', 7),
('157.55.39.146', '2018-04-21 17:51:54', 1),
('157.55.39.148', '2018-06-07 20:30:43', 2),
('157.55.39.15', '2018-03-13 22:21:10', 17),
('157.55.39.150', '2018-02-08 07:02:31', 6),
('157.55.39.152', '2017-10-27 10:20:47', 7),
('157.55.39.155', '2018-01-01 09:37:19', 4),
('157.55.39.156', '2017-12-12 01:46:09', 22),
('157.55.39.157', '2018-04-03 12:32:04', 2),
('157.55.39.158', '2018-02-10 15:48:00', 1),
('157.55.39.159', '2018-05-09 04:06:29', 3),
('157.55.39.16', '2017-12-07 02:19:58', 2),
('157.55.39.160', '2018-02-07 05:58:01', 9),
('157.55.39.161', '2018-03-25 10:49:43', 1),
('157.55.39.162', '2018-01-26 11:31:30', 8),
('157.55.39.165', '2017-11-14 12:18:01', 13),
('157.55.39.166', '2018-06-03 21:44:51', 1),
('157.55.39.167', '2017-10-23 22:24:01', 29),
('157.55.39.168', '2018-05-27 05:35:41', 4),
('157.55.39.169', '2017-10-16 17:20:28', 16),
('157.55.39.17', '2018-04-03 11:31:44', 1),
('157.55.39.170', '2018-01-09 03:56:24', 2),
('157.55.39.171', '2017-10-02 17:01:14', 1),
('157.55.39.172', '2018-01-09 15:41:02', 3),
('157.55.39.176', '2018-03-21 22:29:56', 2),
('157.55.39.177', '2018-03-09 03:06:10', 1),
('157.55.39.178', '2017-12-30 20:08:52', 1),
('157.55.39.179', '2018-04-29 21:33:30', 2),
('157.55.39.18', '2018-01-31 11:45:33', 3),
('157.55.39.181', '2018-04-17 16:27:22', 3),
('157.55.39.182', '2018-02-05 15:00:14', 8),
('157.55.39.183', '2017-10-10 09:22:16', 1),
('157.55.39.184', '2018-02-05 18:24:36', 2),
('157.55.39.187', '2017-10-09 06:06:59', 4),
('157.55.39.188', '2018-04-04 18:20:48', 4),
('157.55.39.189', '2018-01-01 05:52:20', 4),
('157.55.39.19', '2018-02-13 07:07:53', 1),
('157.55.39.190', '2017-12-10 16:30:07', 3),
('157.55.39.197', '2017-10-08 18:34:55', 3),
('157.55.39.198', '2018-01-07 18:40:42', 5),
('157.55.39.199', '2018-01-09 00:20:25', 4),
('157.55.39.20', '2017-12-05 23:56:01', 8),
('157.55.39.200', '2017-10-22 04:52:11', 5),
('157.55.39.202', '2017-10-15 08:11:35', 10),
('157.55.39.203', '2017-12-29 19:15:38', 1),
('157.55.39.204', '2018-05-01 01:19:51', 1),
('157.55.39.205', '2018-02-07 18:17:07', 4),
('157.55.39.206', '2018-03-04 23:02:49', 1),
('157.55.39.208', '2018-03-15 11:57:08', 3),
('157.55.39.21', '2017-10-19 18:20:39', 3),
('157.55.39.211', '2018-03-22 02:46:35', 13),
('157.55.39.212', '2018-01-31 11:45:36', 2),
('157.55.39.218', '2018-02-02 15:01:02', 7),
('157.55.39.219', '2017-12-22 14:44:24', 6),
('157.55.39.22', '2018-01-15 02:46:55', 1),
('157.55.39.220', '2018-04-01 10:54:55', 3),
('157.55.39.222', '2017-10-15 23:30:11', 1),
('157.55.39.223', '2017-10-20 02:15:59', 10),
('157.55.39.224', '2018-02-01 06:38:40', 5),
('157.55.39.225', '2018-02-10 15:47:52', 1),
('157.55.39.229', '2018-06-11 22:37:48', 2),
('157.55.39.230', '2017-11-26 09:56:43', 3),
('157.55.39.233', '2018-02-07 11:32:43', 1),
('157.55.39.235', '2017-10-19 17:05:33', 11),
('157.55.39.239', '2017-11-29 01:27:05', 3),
('157.55.39.24', '2017-10-20 19:34:30', 2),
('157.55.39.240', '2018-03-13 22:21:28', 6),
('157.55.39.241', '2018-02-18 09:02:35', 11),
('157.55.39.242', '2018-05-10 13:41:42', 7),
('157.55.39.244', '2017-12-18 04:19:40', 6),
('157.55.39.245', '2017-12-30 11:51:04', 2),
('157.55.39.246', '2018-01-01 03:45:54', 1),
('157.55.39.247', '2017-10-09 12:05:48', 3),
('157.55.39.248', '2018-03-16 02:12:09', 2),
('157.55.39.249', '2017-10-09 01:16:19', 1),
('157.55.39.25', '2017-12-29 07:45:35', 3),
('157.55.39.252', '2018-01-19 15:38:51', 1),
('157.55.39.253', '2018-06-02 22:31:45', 1),
('157.55.39.254', '2018-01-19 17:50:39', 2),
('157.55.39.26', '2017-11-23 16:08:46', 12),
('157.55.39.27', '2018-01-09 19:11:51', 2),
('157.55.39.28', '2018-02-04 13:53:43', 6),
('157.55.39.29', '2018-02-08 02:14:25', 1),
('157.55.39.3', '2018-06-01 05:25:47', 2),
('157.55.39.30', '2018-03-27 07:53:25', 3),
('157.55.39.31', '2017-12-30 08:23:10', 1),
('157.55.39.32', '2018-01-18 22:30:01', 20),
('157.55.39.33', '2017-11-13 02:17:15', 8),
('157.55.39.35', '2018-03-23 08:02:22', 2),
('157.55.39.36', '2018-03-02 02:45:17', 2),
('157.55.39.4', '2017-10-29 08:54:26', 38),
('157.55.39.40', '2017-12-15 12:08:31', 1),
('157.55.39.43', '2018-05-26 10:51:02', 3),
('157.55.39.44', '2018-05-20 10:42:37', 9),
('157.55.39.45', '2018-05-27 10:06:45', 3),
('157.55.39.47', '2017-12-01 02:59:00', 4),
('157.55.39.48', '2017-11-19 12:30:15', 2),
('157.55.39.49', '2017-10-31 11:33:15', 45),
('157.55.39.5', '2018-05-12 14:12:24', 2),
('157.55.39.50', '2017-12-30 09:17:00', 26),
('157.55.39.51', '2018-05-28 02:54:37', 1),
('157.55.39.52', '2018-01-03 11:59:56', 1),
('157.55.39.53', '2018-04-07 08:23:10', 6),
('157.55.39.54', '2018-04-12 23:57:14', 2),
('157.55.39.55', '2018-03-09 13:15:55', 3),
('157.55.39.56', '2017-12-17 09:25:37', 1),
('157.55.39.57', '2018-05-29 03:16:51', 6),
('157.55.39.6', '2018-02-27 20:35:34', 2),
('157.55.39.60', '2018-04-20 01:55:15', 1),
('157.55.39.63', '2018-06-06 20:37:44', 1),
('157.55.39.65', '2017-12-07 17:59:30', 1),
('157.55.39.67', '2017-10-08 03:12:51', 36),
('157.55.39.68', '2017-10-02 17:00:56', 1),
('157.55.39.7', '2017-12-12 08:27:19', 6),
('157.55.39.70', '2018-05-20 14:32:02', 1),
('157.55.39.75', '2018-02-27 20:35:38', 6),
('157.55.39.76', '2018-06-05 23:41:16', 2),
('157.55.39.77', '2018-03-28 17:04:12', 2),
('157.55.39.8', '2017-10-11 01:17:27', 8),
('157.55.39.81', '2017-12-04 07:54:22', 7),
('157.55.39.84', '2018-02-15 19:43:50', 4),
('157.55.39.85', '2018-04-16 06:54:10', 1),
('157.55.39.87', '2018-06-03 15:27:59', 1),
('157.55.39.88', '2018-04-08 14:41:38', 3),
('157.55.39.9', '2018-04-09 08:00:03', 5),
('157.55.39.91', '2018-05-25 14:24:09', 10),
('157.55.39.93', '2017-10-08 16:27:54', 13),
('157.55.39.94', '2018-01-03 06:27:20', 1),
('157.55.39.95', '2017-12-31 14:19:34', 3),
('157.55.39.96', '2017-10-22 04:27:35', 1),
('158.140.175.130', '2018-01-23 13:01:33', 2),
('158.222.8.241', '2017-12-16 05:09:29', 1),
('158.69.127.133', '2018-05-11 00:41:37', 14),
('158.69.225.33', '2017-10-30 18:47:36', 18),
('158.69.225.37', '2018-02-06 06:03:07', 14),
('158.69.228.14', '2018-06-02 04:39:55', 18),
('158.69.229.69', '2018-02-16 08:18:37', 1),
('158.69.252.151', '2018-05-15 07:03:57', 18),
('158.69.252.176', '2017-09-28 00:56:05', 6),
('158.69.27.213', '2018-01-10 15:59:24', 1),
('158.69.59.57', '2017-11-19 02:20:45', 1),
('159.147.184.203', '2018-03-08 02:33:58', 2),
('159.192.242.216', '2018-03-08 04:30:08', 2),
('159.203.115.100', '2018-03-18 09:02:14', 219),
('159.203.166.205', '2017-12-03 23:18:13', 347),
('159.203.196.79', '2017-12-03 12:02:26', 1),
('159.203.42.143', '2018-01-11 17:16:33', 1),
('159.203.71.149', '2017-11-14 14:35:28', 1),
('159.203.79.93', '2017-12-10 02:34:14', 1),
('159.203.81.93', '2017-10-16 05:35:14', 1),
('159.65.24.22', '2018-04-16 00:27:51', 2),
('159.65.241.1', '2018-05-13 10:15:56', 230),
('159.65.243.128', '2018-03-28 15:11:55', 221),
('159.65.243.19', '2018-04-17 21:26:46', 228),
('159.65.244.91', '2018-05-10 06:38:38', 1),
('159.65.40.77', '2018-02-06 07:32:45', 1),
('159.65.43.150', '2018-03-09 15:20:27', 1),
('159.8.108.68', '2017-09-17 13:17:27', 4),
('159.8.93.132', '2017-11-17 07:14:32', 4),
('159.89.114.229', '2018-03-14 02:48:40', 4),
('159.89.16.25', '2018-03-23 00:29:07', 1),
('159.89.180.213', '2018-06-02 04:00:24', 230),
('159.89.181.202', '2018-03-09 14:39:29', 1),
('159.89.191.204', '2018-04-07 19:06:07', 225),
('159.89.34.149', '2018-01-09 15:28:43', 1),
('159.89.38.58', '2018-02-06 07:21:33', 1),
('159.89.39.114', '2018-04-29 05:47:24', 230),
('160.120.19.81', '2018-02-13 00:01:58', 2),
('160.154.145.84', '2018-03-14 14:04:53', 1),
('160.16.89.92', '2017-09-19 23:13:06', 2),
('160.176.66.149', '2018-02-01 09:23:46', 2),
('160.177.158.19', '2018-05-15 15:35:35', 1),
('160.177.3.223', '2017-10-22 14:23:55', 1),
('160.178.36.157', '2018-03-09 22:20:48', 1),
('161.0.154.119', '2018-03-05 23:24:48', 2),
('161.69.99.11', '2017-10-11 06:49:56', 1),
('162.157.213.230', '2018-02-20 02:20:51', 2),
('162.210.196.100', '2018-03-01 13:16:40', 4),
('162.210.196.129', '2017-11-01 18:02:48', 5),
('162.210.196.130', '2017-09-25 03:21:26', 6),
('162.210.196.97', '2017-11-27 03:16:37', 6),
('162.213.38.185', '2018-04-16 22:05:07', 1),
('162.217.248.69', '2018-05-22 23:49:12', 215),
('162.243.184.128', '2018-02-12 12:08:10', 203),
('162.243.69.215', '2017-12-03 12:02:26', 1),
('162.246.49.192', '2018-01-31 14:57:24', 2),
('163.172.151.47', '2017-10-01 22:10:42', 1),
('163.172.196.240', '2017-12-24 17:32:34', 1),
('163.172.223.200', '2017-10-13 09:55:40', 4),
('163.172.4.153', '2017-09-18 00:18:37', 28),
('163.172.54.35', '2018-04-21 09:10:29', 2),
('163.172.97.28', '2017-12-25 17:02:49', 1),
('163.184.254.5', '2017-09-18 13:42:40', 7),
('163.185.148.245', '2017-10-01 14:33:34', 7),
('163.188.94.91', '2018-02-28 21:34:19', 1),
('163.53.180.58', '2018-02-03 13:58:37', 2),
('164.132.107.59', '2017-12-06 03:30:43', 1),
('164.132.107.90', '2017-11-12 23:22:24', 1),
('164.132.107.97', '2017-10-06 19:11:56', 1),
('164.132.161.10', '2017-11-12 17:31:16', 3),
('164.132.161.11', '2017-12-20 12:41:56', 1),
('164.132.161.12', '2017-11-12 04:02:05', 2),
('164.132.161.13', '2017-11-14 17:50:10', 3),
('164.132.161.14', '2017-12-06 10:13:42', 3),
('164.132.161.15', '2017-10-21 15:14:01', 2),
('164.132.161.16', '2017-12-16 06:17:58', 1),
('164.132.161.17', '2017-12-16 10:53:15', 2),
('164.132.161.18', '2017-11-29 02:22:56', 2),
('164.132.161.19', '2017-10-24 16:48:30', 7),
('164.132.161.2', '2018-02-04 05:54:24', 1),
('164.132.161.20', '2017-10-30 10:27:54', 6),
('164.132.161.21', '2017-11-08 19:33:42', 2),
('164.132.161.23', '2017-11-02 05:12:43', 3),
('164.132.161.24', '2017-10-31 19:25:39', 3),
('164.132.161.25', '2017-10-24 02:37:50', 3),
('164.132.161.26', '2017-12-11 15:04:35', 1),
('164.132.161.27', '2017-10-24 03:19:52', 4),
('164.132.161.28', '2017-12-07 23:01:16', 1),
('164.132.161.29', '2017-10-26 22:59:18', 3),
('164.132.161.3', '2017-10-24 07:56:21', 3),
('164.132.161.30', '2017-11-01 23:15:19', 1),
('164.132.161.31', '2017-11-05 03:05:41', 1),
('164.132.161.32', '2017-11-21 18:43:09', 3),
('164.132.161.34', '2017-11-01 00:25:06', 4),
('164.132.161.35', '2017-10-23 05:16:47', 3),
('164.132.161.36', '2017-11-02 23:21:10', 4),
('164.132.161.37', '2017-10-29 12:54:48', 2),
('164.132.161.38', '2017-11-03 03:43:26', 2),
('164.132.161.4', '2017-12-08 22:43:41', 1),
('164.132.161.40', '2017-11-03 21:58:35', 2),
('164.132.161.41', '2017-11-29 17:31:19', 2),
('164.132.161.42', '2017-10-16 14:50:48', 4),
('164.132.161.43', '2017-10-18 08:50:09', 5),
('164.132.161.44', '2017-11-04 10:57:29', 3),
('164.132.161.45', '2017-11-07 21:25:58', 2),
('164.132.161.46', '2017-11-07 07:11:32', 4),
('164.132.161.47', '2017-12-07 02:05:10', 2),
('164.132.161.49', '2017-10-25 19:28:07', 4),
('164.132.161.5', '2017-12-15 05:43:01', 4),
('164.132.161.50', '2017-11-12 15:52:34', 1),
('164.132.161.51', '2017-12-09 03:53:04', 2),
('164.132.161.52', '2017-11-01 03:03:04', 3),
('164.132.161.53', '2017-11-02 12:38:33', 3),
('164.132.161.54', '2017-10-31 01:11:57', 4),
('164.132.161.55', '2017-10-25 14:55:04', 2),
('164.132.161.56', '2017-11-18 21:47:02', 3),
('164.132.161.57', '2017-10-29 02:35:25', 2),
('164.132.161.58', '2017-11-03 04:36:27', 2),
('164.132.161.59', '2017-10-28 14:51:51', 3),
('164.132.161.6', '2017-11-01 00:15:56', 1),
('164.132.161.60', '2017-10-21 05:54:44', 3),
('164.132.161.61', '2017-11-10 14:01:35', 2),
('164.132.161.62', '2017-11-02 12:00:15', 2),
('164.132.161.63', '2017-10-27 19:23:32', 4),
('164.132.161.64', '2017-11-02 16:55:22', 1),
('164.132.161.65', '2017-10-27 07:24:25', 1),
('164.132.161.66', '2017-11-06 01:56:46', 2),
('164.132.161.67', '2018-02-07 12:01:28', 1),
('164.132.161.68', '2017-10-29 09:38:12', 5),
('164.132.161.69', '2017-10-18 18:01:56', 6),
('164.132.161.7', '2018-02-07 16:18:57', 1),
('164.132.161.70', '2017-12-12 05:35:04', 1),
('164.132.161.71', '2017-10-24 06:49:46', 2),
('164.132.161.72', '2017-10-27 21:55:27', 3),
('164.132.161.73', '2017-10-21 01:10:04', 2),
('164.132.161.75', '2017-10-26 05:29:13', 2),
('164.132.161.76', '2017-10-25 04:23:07', 6),
('164.132.161.77', '2017-10-30 20:21:20', 8),
('164.132.161.78', '2017-11-07 00:58:02', 1),
('164.132.161.79', '2017-10-31 11:35:35', 3),
('164.132.161.8', '2017-11-05 01:16:24', 1),
('164.132.161.80', '2017-10-23 19:34:42', 4),
('164.132.161.82', '2017-10-25 00:12:29', 3),
('164.132.161.83', '2017-12-08 07:40:13', 2),
('164.132.161.84', '2017-10-23 17:30:39', 5),
('164.132.161.85', '2017-10-31 07:46:00', 1),
('164.132.161.86', '2017-12-05 19:29:03', 2),
('164.132.161.87', '2017-10-23 01:23:12', 2),
('164.132.161.88', '2017-11-01 12:56:50', 3),
('164.132.161.89', '2017-10-29 07:23:38', 2),
('164.132.161.9', '2017-10-30 19:07:02', 3),
('164.132.161.90', '2017-10-24 08:58:17', 5),
('164.132.161.91', '2017-10-30 23:04:58', 3),
('164.132.161.92', '2017-12-11 12:39:49', 2),
('164.132.161.93', '2017-10-25 19:23:08', 5),
('164.132.161.94', '2017-12-06 01:45:21', 1),
('164.132.161.95', '2017-11-01 10:49:37', 1),
('164.132.161.96', '2017-11-03 14:55:51', 2),
('164.132.161.97', '2017-10-27 21:24:02', 7),
('164.132.162.153', '2017-10-20 04:42:55', 7),
('164.132.162.154', '2017-10-27 13:48:06', 4),
('164.132.162.157', '2017-10-22 16:18:42', 7),
('164.132.162.158', '2017-10-28 08:25:46', 3),
('164.132.162.159', '2017-10-21 11:20:52', 3),
('164.132.162.160', '2017-10-26 04:39:42', 2),
('164.132.162.164', '2017-11-02 01:37:55', 3),
('164.132.162.187', '2017-11-02 03:05:02', 4),
('164.132.162.188', '2017-10-21 13:44:12', 1),
('164.132.164.180', '2017-10-26 09:51:48', 5),
('164.132.51.91', '2017-10-21 07:00:59', 1),
('165.16.180.92', '2018-02-01 00:38:15', 2),
('165.227.105.146', '2017-11-24 05:27:50', 1),
('165.227.96.187', '2017-12-09 16:18:18', 1),
('165.227.97.6', '2017-12-09 16:36:51', 1),
('165.227.98.247', '2017-11-14 13:21:16', 1),
('165.231.90.161', '2018-04-23 17:19:02', 1),
('165.254.222.177', '2017-12-18 21:57:10', 2),
('166.62.126.3', '2018-02-25 00:28:54', 1),
('167.114.117.176', '2017-12-29 21:56:11', 13),
('167.114.158.57', '2018-03-09 02:29:02', 14),
('167.114.172.223', '2018-04-10 22:18:54', 14),
('167.114.174.95', '2017-10-16 12:56:10', 32),
('167.114.211.200', '2018-03-09 04:54:52', 6),
('167.114.219.41', '2018-03-29 16:39:17', 58),
('167.58.209.121', '2018-02-03 19:01:14', 2),
('167.99.105.231', '2018-04-28 02:02:22', 1),
('167.99.219.162', '2018-05-16 01:18:35', 6),
('168.181.121.99', '2018-01-30 15:31:08', 2),
('168.194.138.94', '2018-02-23 21:46:56', 2),
('168.194.16.163', '2018-02-19 06:12:52', 2),
('168.194.65.60', '2018-01-15 12:15:19', 2),
('168.232.126.138', '2018-02-14 10:10:00', 2),
('168.234.50.3', '2018-01-27 08:34:14', 2),
('168.235.196.195', '2018-01-10 16:24:36', 4),
('168.235.196.252', '2017-11-11 13:16:56', 2),
('168.235.196.253', '2017-11-13 09:55:21', 1),
('168.235.196.254', '2017-11-12 04:37:29', 2),
('168.235.196.41', '2017-11-11 13:18:52', 13),
('168.235.200.123', '2017-12-20 06:34:45', 1),
('168.235.200.28', '2017-10-02 05:01:54', 2),
('168.235.200.37', '2017-12-17 16:17:53', 3),
('168.235.200.89', '2017-12-23 19:03:05', 3),
('168.235.207.244', '2017-11-21 11:48:08', 35),
('168.253.242.61', '2018-01-12 07:37:06', 2),
('168.253.72.89', '2018-01-14 05:54:48', 2),
('169.149.251.187', '2018-02-12 12:18:33', 2),
('169.255.6.9', '2017-09-18 08:14:49', 5),
('17.142.153.236', '2018-02-11 22:03:55', 2),
('17.142.157.103', '2018-01-10 13:10:00', 2),
('17.142.159.175', '2017-12-03 12:27:16', 2),
('17.142.159.179', '2017-09-17 08:48:19', 95),
('17.142.159.181', '2017-11-11 06:55:40', 1),
('17.58.101.90', '2018-03-26 06:46:10', 12),
('170.238.121.56', '2018-02-07 17:48:53', 2),
('170.246.91.250', '2018-02-01 14:05:16', 2),
('170.250.140.52', '2018-05-27 16:47:35', 2),
('170.254.170.254', '2018-02-18 00:11:34', 2),
('170.84.8.193', '2018-02-27 18:55:04', 2),
('171.224.93.126', '2018-01-18 10:44:37', 2),
('171.6.137.248', '2018-01-16 19:20:04', 2),
('171.6.233.72', '2018-02-23 07:08:46', 2),
('171.61.230.120', '2018-02-12 09:40:43', 2),
('171.7.126.232', '2018-02-26 03:03:15', 2),
('171.76.178.172', '2018-05-10 20:04:30', 1),
('171.76.81.133', '2018-03-06 17:20:19', 2),
('171.96.224.176', '2018-02-27 01:12:35', 2),
('171.98.130.164', '2018-02-15 06:06:32', 2),
('171.99.220.227', '2018-03-04 14:07:27', 2),
('172.103.150.140', '2018-01-27 03:59:14', 2),
('172.105.215.38', '2018-03-18 23:08:43', 2),
('172.117.24.233', '2018-02-23 19:05:21', 2),
('172.15.248.195', '2018-02-04 05:38:32', 2),
('172.241.151.27', '2018-01-01 05:35:05', 4),
('172.241.151.28', '2017-11-08 16:45:13', 2),
('172.241.151.29', '2018-01-10 23:56:21', 1),
('172.245.228.198', '2017-12-08 02:51:09', 1),
('172.245.228.238', '2017-12-04 20:10:59', 1),
('172.4.230.132', '2018-03-25 04:51:20', 1),
('172.56.14.250', '2017-09-28 03:52:11', 2),
('172.56.15.231', '2017-10-18 10:06:24', 1),
('172.58.99.107', '2017-10-01 22:59:10', 1),
('172.97.156.34', '2018-02-07 03:00:33', 2),
('173.121.132.51', '2018-01-17 19:13:00', 2),
('173.174.215.81', '2017-10-05 14:52:13', 2),
('173.176.142.229', '2018-02-08 05:17:56', 2),
('173.208.128.34', '2018-02-14 07:44:26', 2),
('173.208.157.186', '2017-12-16 00:32:37', 12),
('173.212.240.226', '2018-04-16 15:50:00', 4),
('173.212.249.172', '2018-02-09 22:40:19', 2),
('173.212.254.158', '2017-09-27 04:12:50', 68),
('173.234.234.199', '2017-10-25 11:49:44', 1),
('173.234.234.204', '2017-10-27 07:42:38', 1),
('173.234.234.216', '2017-10-25 11:45:37', 1),
('173.238.42.47', '2018-01-27 11:07:13', 2),
('173.239.216.3', '2017-10-15 13:40:54', 1),
('173.239.230.83', '2018-02-13 14:38:10', 2),
('173.244.48.106', '2018-04-25 23:52:42', 2),
('173.244.48.51', '2018-03-31 09:22:13', 1),
('173.244.48.62', '2018-04-06 10:59:08', 1),
('173.249.5.212', '2017-11-02 01:56:09', 2),
('173.252.100.201', '2018-02-22 22:11:14', 1),
('173.252.108.117', '2017-11-08 12:51:12', 2),
('173.252.114.112', '2017-10-27 15:21:47', 1),
('173.252.114.115', '2017-09-17 08:58:50', 1),
('173.252.114.117', '2017-10-15 18:36:56', 1),
('173.252.114.118', '2017-11-18 06:59:55', 1),
('173.252.121.114', '2017-09-17 08:48:24', 2),
('173.252.123.128', '2017-12-26 17:35:55', 1),
('173.252.123.129', '2017-09-17 08:58:05', 1),
('173.252.123.181', '2017-09-17 08:58:51', 1),
('173.252.123.184', '2017-09-27 07:32:28', 1),
('173.252.123.186', '2017-11-24 07:07:39', 1),
('173.252.124.124', '2017-11-26 08:40:06', 1),
('173.252.124.126', '2017-12-05 00:08:32', 1),
('173.252.124.13', '2017-09-18 07:56:48', 1),
('173.252.124.15', '2017-09-20 10:30:21', 1),
('173.252.124.198', '2017-09-17 08:59:00', 1),
('173.252.124.207', '2017-09-17 08:58:05', 1),
('173.252.124.23', '2017-09-18 07:56:47', 1),
('173.252.124.27', '2017-09-17 09:45:30', 1),
('173.252.124.30', '2017-09-17 09:01:33', 1),
('173.252.124.64', '2017-09-21 13:26:39', 1),
('173.252.124.73', '2017-09-18 02:21:25', 1),
('173.252.124.74', '2017-09-17 09:45:30', 1),
('173.252.124.81', '2017-09-20 10:30:21', 1),
('173.252.124.82', '2017-09-17 09:01:33', 1),
('173.252.124.84', '2017-09-18 02:21:24', 1),
('173.252.79.117', '2017-09-29 20:27:17', 1),
('173.252.84.112', '2017-11-20 16:13:58', 1),
('173.252.84.113', '2017-12-19 12:01:26', 1),
('173.252.84.115', '2017-11-08 12:39:09', 1),
('173.252.84.55', '2017-09-17 08:58:40', 1),
('173.252.84.89', '2017-09-29 20:27:17', 2),
('173.252.84.93', '2018-02-26 07:23:14', 1),
('173.252.85.201', '2017-12-18 09:50:47', 1),
('173.252.85.222', '2017-12-03 12:27:14', 1),
('173.252.88.181', '2017-09-17 08:58:40', 2),
('173.252.88.182', '2017-09-17 08:58:05', 2),
('173.252.88.184', '2017-09-29 20:27:01', 1),
('173.252.88.185', '2017-09-17 08:58:40', 2),
('173.252.88.190', '2017-10-18 08:43:46', 1),
('173.252.88.214', '2017-09-29 20:27:31', 1),
('173.252.88.246', '2017-12-10 20:32:03', 1),
('173.252.88.94', '2017-09-17 08:58:05', 1),
('173.252.90.119', '2018-01-04 21:57:08', 1),
('173.252.90.126', '2017-10-12 11:45:52', 1),
('173.252.90.165', '2018-05-08 11:58:24', 1),
('173.252.90.229', '2017-10-10 20:14:55', 1),
('173.252.90.232', '2017-09-17 09:13:10', 1),
('173.252.90.234', '2017-10-26 07:34:40', 1),
('173.252.90.237', '2017-09-17 08:58:44', 1),
('173.252.90.239', '2017-12-26 17:35:47', 1),
('173.252.90.240', '2017-09-17 08:55:05', 4),
('173.252.90.245', '2017-10-26 05:43:43', 1),
('173.252.90.247', '2017-10-26 05:54:52', 1),
('173.252.90.81', '2017-12-03 10:02:03', 1),
('173.252.90.83', '2017-12-06 08:38:02', 1),
('173.252.90.84', '2017-10-18 08:14:22', 1),
('173.252.90.89', '2017-10-18 08:14:22', 1),
('173.252.90.98', '2017-11-28 10:45:42', 1),
('173.252.91.100', '2017-12-03 09:45:48', 1),
('173.252.91.102', '2018-01-24 05:09:36', 1),
('173.252.91.164', '2017-12-06 08:38:02', 1),
('173.252.91.167', '2017-11-12 20:26:35', 2),
('173.252.91.247', '2018-01-29 14:33:57', 1),
('173.252.91.251', '2017-10-03 08:39:30', 1),
('173.252.92.112', '2017-12-03 12:27:23', 1),
('173.252.92.113', '2017-12-20 20:14:55', 1),
('173.252.92.114', '2017-11-22 02:26:36', 1),
('173.252.92.115', '2017-09-17 08:58:51', 1),
('173.252.92.116', '2018-02-04 18:43:11', 1),
('173.252.92.117', '2017-11-07 11:32:06', 1),
('173.252.92.208', '2018-01-28 19:16:03', 1),
('173.252.92.210', '2017-12-03 09:45:36', 1),
('173.252.92.214', '2018-06-06 06:22:37', 1),
('173.252.92.24', '2017-12-26 17:35:55', 1),
('173.252.92.244', '2018-02-27 08:37:24', 1),
('173.252.92.245', '2017-11-12 20:26:35', 1),
('173.252.92.246', '2018-02-26 07:25:58', 1),
('173.252.93.20', '2017-12-18 09:50:29', 1),
('173.252.95.12', '2017-12-20 20:14:56', 1),
('173.252.95.15', '2017-12-18 09:50:48', 1),
('173.252.95.22', '2017-11-13 15:12:19', 1),
('173.252.95.30', '2017-11-13 08:20:25', 1),
('173.252.98.204', '2017-09-17 08:22:18', 1),
('173.252.98.208', '2017-09-17 09:01:49', 1),
('173.252.98.217', '2017-09-17 08:56:48', 1),
('173.252.98.23', '2017-12-03 09:45:55', 1),
('173.252.98.24', '2018-02-18 17:06:50', 1),
('173.252.98.85', '2017-11-14 23:25:35', 1),
('173.252.99.18', '2018-04-09 09:51:45', 1),
('173.44.167.68', '2018-01-03 05:32:35', 1),
('173.72.38.99', '2018-02-07 21:18:59', 2),
('174.129.146.168', '2017-09-18 10:09:10', 210),
('174.138.8.21', '2018-05-22 20:08:16', 1),
('174.22.135.200', '2018-02-25 04:14:39', 2),
('174.23.12.57', '2018-01-12 23:59:30', 2),
('175.100.5.224', '2018-01-11 08:11:07', 2),
('175.101.104.11', '2018-01-31 14:15:43', 2),
('175.101.17.226', '2018-02-02 13:36:21', 2),
('175.101.26.114', '2018-02-05 22:23:52', 2),
('175.101.99.107', '2018-02-06 16:00:56', 2),
('175.135.203.119', '2018-01-30 02:26:33', 2),
('175.136.216.9', '2018-03-05 19:29:22', 2),
('175.136.223.185', '2018-01-17 08:01:05', 2),
('175.136.96.78', '2018-01-12 04:04:26', 2),
('175.137.157.91', '2018-01-26 15:25:53', 2),
('175.137.161.149', '2018-02-18 17:34:47', 2),
('175.137.238.237', '2018-02-26 07:03:46', 2),
('175.138.91.180', '2018-01-29 22:49:13', 2),
('175.139.39.108', '2018-03-07 14:14:32', 2),
('175.140.105.154', '2018-02-25 03:25:12', 2),
('175.140.92.9', '2018-01-19 17:19:23', 2),
('175.141.186.50', '2018-02-22 15:11:25', 2),
('175.142.95.20', '2018-02-12 11:29:07', 2),
('175.143.245.145', '2018-03-09 07:38:25', 2),
('175.143.30.228', '2018-01-22 08:23:56', 2),
('175.144.247.103', '2018-02-18 03:23:53', 2),
('175.144.49.162', '2018-02-03 22:58:19', 2),
('175.144.57.147', '2018-03-05 06:16:44', 2),
('175.156.234.249', '2018-03-08 02:34:39', 2),
('175.158.201.11', '2018-02-07 04:53:54', 2),
('175.158.216.47', '2018-02-14 11:47:15', 2),
('175.158.216.50', '2018-02-23 11:27:20', 2),
('175.213.4.113', '2018-02-03 12:13:59', 2),
('176.109.222.145', '2018-02-12 10:55:48', 2),
('176.112.194.53', '2018-05-13 00:34:45', 1),
('176.114.201.228', '2018-02-02 23:27:57', 2),
('176.12.61.6', '2018-02-20 16:37:02', 2),
('176.121.215.126', '2018-02-06 19:06:44', 2),
('176.122.215.161', '2018-03-05 16:39:33', 2),
('176.126.252.11', '2017-09-28 02:40:36', 1),
('176.138.231.230', '2018-01-14 12:58:04', 2),
('176.14.196.124', '2018-03-05 15:50:04', 1),
('176.14.34.104', '2017-11-04 21:17:54', 1),
('176.15.61.40', '2018-04-11 13:01:49', 1),
('176.155.177.82', '2018-05-18 02:03:41', 2),
('176.157.236.130', '2018-02-14 13:10:37', 2),
('176.160.36.61', '2018-01-27 03:44:08', 1),
('176.169.137.10', '2018-04-01 23:16:54', 2),
('176.175.56.247', '2018-03-15 20:23:56', 2),
('176.184.93.208', '2018-04-02 11:48:02', 2),
('176.188.200.55', '2018-01-14 16:16:10', 2),
('176.193.120.110', '2017-10-21 05:44:25', 1),
('176.193.174.125', '2017-10-13 02:47:13', 1),
('176.193.242.242', '2018-03-10 16:25:26', 1),
('176.194.25.225', '2018-01-15 08:26:11', 2),
('176.195.9.104', '2018-02-19 15:35:38', 1),
('176.205.180.86', '2018-03-08 06:22:57', 2),
('176.205.42.235', '2018-01-15 23:00:30', 2),
('176.217.245.207', '2018-02-11 05:19:44', 2),
('176.221.121.216', '2018-01-18 19:11:27', 2),
('176.31.101.111', '2018-04-05 03:41:00', 6),
('176.31.231.10', '2017-10-26 14:49:12', 1),
('176.41.173.139', '2018-02-06 16:02:01', 2),
('176.56.224.115', '2018-02-24 11:03:29', 1),
('176.59.33.58', '2017-12-18 15:14:16', 1),
('176.60.1.106', '2017-12-15 19:46:51', 3),
('176.61.104.147', '2018-02-01 02:28:49', 2),
('176.63.28.76', '2018-02-05 23:25:01', 2),
('176.77.6.142', '2017-10-21 15:43:51', 1),
('176.88.15.250', '2018-02-22 01:18:07', 2),
('176.88.48.158', '2018-01-15 19:50:43', 2),
('176.92.27.39', '2018-02-22 22:18:06', 2),
('177.11.92.150', '2018-02-21 15:52:35', 2),
('177.142.143.58', '2018-03-06 15:19:53', 2),
('177.155.92.186', '2018-05-06 21:52:51', 2),
('177.17.21.127', '2018-02-15 13:35:29', 2),
('177.183.249.116', '2018-02-24 14:26:48', 2),
('177.191.202.252', '2018-03-09 03:52:57', 2),
('177.192.143.53', '2018-02-06 09:53:05', 2),
('177.192.253.190', '2018-02-28 00:22:33', 2),
('177.2.149.228', '2018-02-15 17:00:34', 2),
('177.201.251.225', '2018-02-15 10:32:18', 2),
('177.206.255.40', '2018-01-21 18:14:08', 2),
('177.207.252.33', '2017-12-19 20:25:10', 1),
('177.21.26.20', '2018-01-19 07:33:12', 2),
('177.223.52.6', '2018-02-19 16:50:58', 2),
('177.225.88.150', '2018-03-07 14:44:29', 2),
('177.226.225.142', '2018-02-18 00:41:39', 2),
('177.228.44.244', '2018-03-05 06:29:04', 2),
('177.23.168.7', '2018-02-24 15:38:00', 1),
('177.246.69.220', '2018-02-09 22:33:35', 2),
('177.52.126.2', '2018-03-02 11:23:10', 2),
('177.53.78.6', '2018-01-31 15:23:12', 2),
('177.66.247.108', '2018-03-05 03:54:00', 2),
('177.68.144.108', '2018-02-23 13:18:23', 2),
('177.85.45.45', '2018-02-06 04:42:45', 2),
('177.86.156.110', '2018-02-03 06:36:57', 2),
('177.91.21.2', '2018-02-01 02:28:23', 2),
('177.96.173.215', '2018-02-01 01:35:49', 1),
('177.97.189.194', '2018-01-22 11:32:40', 2),
('177.99.64.171', '2018-01-12 20:16:13', 2),
('178.115.130.146', '2018-02-24 15:21:04', 2),
('178.132.46.93', '2018-01-28 09:07:38', 2),
('178.135.19.48', '2018-01-27 03:59:02', 2),
('178.140.117.62', '2018-04-21 13:09:44', 1),
('178.140.118.92', '2017-12-13 21:13:18', 1),
('178.140.119.206', '2017-12-30 09:47:07', 1),
('178.140.119.217', '2018-03-08 08:01:50', 1),
('178.149.155.230', '2018-02-26 09:48:00', 2),
('178.149.180.67', '2018-01-05 14:37:06', 2),
('178.149.181.126', '2018-01-17 20:45:04', 2),
('178.149.193.40', '2018-02-18 00:28:58', 2),
('178.15.2.163', '2018-01-23 12:04:20', 2),
('178.152.173.165', '2018-02-06 15:19:53', 2),
('178.152.240.242', '2018-02-20 14:41:12', 2),
('178.164.55.166', '2018-01-27 15:05:49', 2),
('178.17.23.194', '2018-01-17 14:17:59', 2),
('178.172.246.178', '2018-03-08 18:49:03', 2),
('178.175.50.235', '2018-01-24 20:55:37', 2),
('178.176.113.145', '2018-02-17 03:39:40', 2),
('178.194.6.233', '2018-02-24 15:30:56', 2),
('178.203.120.211', '2018-03-06 07:38:22', 94),
('178.208.34.202', '2017-09-18 23:48:33', 1),
('178.209.42.84', '2017-10-13 09:55:44', 2),
('178.214.30.229', '2018-01-10 17:47:38', 2),
('178.215.83.109', '2018-02-23 12:23:17', 2),
('178.220.123.68', '2018-02-27 20:02:02', 2),
('178.220.134.14', '2018-02-14 21:07:23', 2),
('178.220.183.208', '2018-02-04 21:48:14', 2),
('178.220.55.117', '2018-02-11 13:30:39', 2),
('178.220.74.24', '2018-02-18 18:03:27', 2),
('178.220.76.14', '2018-01-21 16:56:26', 2),
('178.220.88.106', '2018-02-12 22:08:06', 2),
('178.221.0.136', '2018-02-28 15:10:39', 2),
('178.221.0.235', '2018-02-20 00:35:52', 2),
('178.221.0.69', '2018-03-12 01:53:15', 1),
('178.221.12.235', '2018-02-03 15:31:49', 2),
('178.221.226.59', '2018-02-10 23:50:09', 2),
('178.223.23.122', '2018-03-10 19:08:35', 2),
('178.223.84.234', '2018-02-06 22:05:36', 2),
('178.238.224.129', '2018-05-28 03:48:29', 2),
('178.255.215.75', '2018-03-09 21:40:53', 2),
('178.3.227.103', '2018-01-11 00:29:32', 2),
('178.32.216.192', '2017-10-21 07:09:39', 9),
('178.32.217.67', '2017-12-18 09:50:51', 2),
('178.41.229.121', '2018-02-22 11:00:37', 2),
('178.54.66.162', '2018-03-02 16:38:27', 2),
('178.59.159.131', '2018-02-19 06:28:26', 2),
('178.62.153.200', '2017-10-24 19:01:45', 1),
('178.62.37.123', '2018-03-16 17:17:08', 1),
('178.63.52.147', '2018-03-04 01:46:54', 1),
('178.79.134.43', '2017-11-23 01:22:40', 1),
('178.79.189.47', '2017-11-23 01:25:43', 1),
('178.80.103.56', '2018-03-07 11:28:38', 2),
('178.80.153.12', '2018-02-22 17:32:18', 2),
('178.80.17.129', '2018-03-05 13:16:12', 2),
('178.84.100.215', '2018-01-31 01:51:38', 2),
('178.88.224.177', '2017-11-11 12:22:17', 4),
('178.89.24.130', '2018-01-21 09:52:11', 2),
('179.107.203.226', '2018-02-26 02:45:43', 2),
('179.108.139.66', '2018-02-01 01:19:24', 2),
('179.124.209.71', '2018-02-05 23:05:39', 2),
('179.155.188.5', '2018-02-04 01:13:15', 1),
('179.158.31.198', '2018-03-02 01:49:41', 1),
('179.178.199.45', '2018-02-04 17:11:59', 1),
('179.181.167.245', '2018-02-26 03:28:52', 2),
('179.217.12.136', '2018-02-04 10:38:21', 2),
('179.225.190.129', '2018-01-15 23:18:48', 2),
('179.236.73.208', '2018-02-11 01:39:28', 2),
('179.61.140.196', '2017-12-17 04:39:28', 1),
('179.61.140.243', '2017-12-10 15:45:42', 2),
('179.63.240.169', '2018-02-01 11:20:51', 2),
('179.7.193.131', '2018-02-17 20:15:06', 2),
('179.99.91.61', '2018-02-19 23:26:48', 2),
('18.196.150.103', '2018-03-04 23:48:50', 10),
('18.204.20.32', '2018-06-06 00:18:38', 1),
('18.204.6.108', '2018-05-10 18:57:32', 195),
('18.205.20.189', '2018-04-29 07:29:21', 7),
('18.218.144.60', '2018-05-26 00:41:09', 1),
('18.219.148.160', '2018-03-21 17:03:14', 1),
('18.220.233.217', '2017-09-27 01:12:15', 1),
('18.232.132.96', '2018-03-20 20:13:28', 1),
('18.232.152.170', '2018-04-28 20:17:58', 3),
('18.232.166.0', '2018-03-19 14:18:42', 1),
('18.236.176.115', '2018-05-30 21:41:33', 1),
('180.131.231.154', '2018-02-03 09:57:53', 2),
('180.151.19.137', '2018-02-22 21:59:00', 2),
('180.169.191.142', '2018-02-08 01:19:05', 2),
('180.190.163.206', '2018-03-04 10:58:12', 2),
('180.190.182.53', '2018-02-26 16:33:14', 2),
('180.190.194.91', '2018-01-22 00:00:17', 2),
('180.190.82.53', '2018-01-15 03:10:14', 2),
('180.191.114.196', '2018-03-02 02:51:14', 2),
('180.191.131.155', '2018-01-21 16:28:47', 2),
('180.191.147.19', '2018-01-11 16:59:16', 2),
('180.191.150.117', '2018-01-31 13:05:18', 2),
('180.191.71.241', '2018-02-03 04:59:48', 2),
('180.211.159.186', '2018-02-13 16:44:25', 2),
('180.222.18.16', '2018-03-06 04:57:08', 2),
('180.234.214.210', '2018-02-10 11:34:22', 2),
('180.244.235.100', '2018-03-06 03:08:32', 2),
('180.245.218.135', '2018-01-12 17:50:15', 2),
('180.246.82.112', '2018-02-07 08:33:27', 2),
('180.248.86.51', '2018-02-14 02:31:28', 2),
('180.249.126.207', '2018-02-02 20:05:10', 2),
('180.253.118.83', '2018-02-19 14:08:34', 2),
('180.253.221.176', '2018-02-20 01:45:44', 2),
('180.253.248.250', '2018-02-27 06:47:59', 2),
('180.76.15.10', '2017-11-14 01:15:00', 5),
('180.76.15.11', '2018-02-22 01:59:38', 7),
('180.76.15.12', '2017-11-28 07:19:34', 2),
('180.76.15.13', '2017-11-09 04:00:29', 4),
('180.76.15.134', '2017-11-12 09:47:17', 4),
('180.76.15.135', '2018-02-15 22:27:41', 7),
('180.76.15.136', '2017-11-15 04:00:15', 3),
('180.76.15.137', '2018-03-31 21:53:13', 4),
('180.76.15.138', '2017-11-12 09:45:08', 2),
('180.76.15.139', '2017-11-23 07:19:40', 7),
('180.76.15.14', '2018-02-16 22:02:31', 4),
('180.76.15.140', '2017-12-22 12:02:20', 5),
('180.76.15.141', '2017-11-12 09:45:07', 3),
('180.76.15.142', '2017-11-30 13:43:00', 7),
('180.76.15.143', '2017-11-26 21:56:41', 5),
('180.76.15.144', '2018-02-08 09:34:58', 6),
('180.76.15.145', '2018-06-08 23:48:02', 1),
('180.76.15.146', '2018-02-18 20:55:34', 6),
('180.76.15.147', '2017-10-07 11:12:20', 2),
('180.76.15.148', '2018-03-03 11:58:34', 7),
('180.76.15.149', '2018-02-08 22:38:29', 3),
('180.76.15.15', '2018-02-15 22:27:41', 3),
('180.76.15.150', '2017-11-16 04:17:30', 4),
('180.76.15.151', '2017-11-20 23:02:28', 7),
('180.76.15.152', '2017-09-19 08:36:15', 6),
('180.76.15.153', '2017-11-23 07:19:41', 2),
('180.76.15.154', '2017-11-26 21:38:53', 2),
('180.76.15.155', '2018-03-15 07:14:55', 3),
('180.76.15.156', '2017-12-01 02:14:45', 2),
('180.76.15.157', '2017-11-14 01:15:00', 8),
('180.76.15.158', '2018-02-15 12:52:14', 3),
('180.76.15.159', '2018-03-22 22:33:48', 5),
('180.76.15.160', '2017-09-22 13:35:46', 7),
('180.76.15.161', '2017-11-26 21:38:53', 5),
('180.76.15.162', '2017-12-03 08:45:54', 2),
('180.76.15.17', '2017-11-20 02:37:36', 8),
('180.76.15.18', '2017-11-20 02:37:36', 5),
('180.76.15.19', '2017-12-02 19:37:58', 6),
('180.76.15.20', '2018-03-15 07:16:51', 8),
('180.76.15.21', '2018-02-08 22:38:28', 4),
('180.76.15.22', '2018-03-31 11:48:57', 4),
('180.76.15.23', '2018-03-07 11:40:57', 3),
('180.76.15.24', '2017-09-22 13:35:46', 6),
('180.76.15.25', '2017-12-22 12:04:48', 4),
('180.76.15.26', '2018-02-10 17:27:44', 3),
('180.76.15.27', '2018-03-02 01:30:39', 3),
('180.76.15.28', '2017-12-22 12:54:40', 2),
('180.76.15.29', '2017-11-14 11:07:09', 5),
('180.76.15.31', '2017-09-19 08:36:15', 9),
('180.76.15.32', '2017-11-09 04:08:49', 9),
('180.76.15.33', '2017-11-24 19:16:07', 2),
('180.76.15.34', '2018-03-30 10:34:29', 4),
('180.76.15.5', '2018-03-16 20:26:20', 7),
('180.76.15.6', '2017-11-30 23:58:58', 4),
('180.76.15.7', '2017-11-17 13:46:29', 9),
('180.76.15.8', '2018-02-15 12:52:12', 6),
('180.76.15.9', '2017-12-22 12:58:04', 3),
('181.113.100.105', '2018-03-03 17:30:47', 1),
('181.115.11.214', '2018-01-19 00:15:04', 2),
('181.120.200.120', '2018-03-05 12:51:50', 2),
('181.130.74.195', '2018-02-14 01:04:36', 2),
('181.133.175.24', '2018-02-07 17:16:31', 2),
('181.141.26.224', '2018-02-05 18:27:52', 2),
('181.15.186.170', '2018-02-26 20:21:00', 2),
('181.165.150.191', '2018-02-09 03:07:22', 2),
('181.171.14.42', '2018-01-30 20:38:47', 2),
('181.208.18.168', '2018-02-15 11:50:35', 2),
('181.224.105.183', '2018-01-30 00:00:29', 2),
('181.230.54.205', '2018-02-27 08:53:51', 2),
('181.231.51.69', '2018-02-19 10:05:04', 2),
('181.231.54.6', '2018-02-18 02:26:30', 2),
('181.41.111.115', '2018-01-24 19:12:47', 2),
('181.41.94.81', '2018-03-02 00:19:40', 2),
('181.44.137.110', '2018-03-01 13:47:45', 2),
('181.47.136.162', '2018-02-07 13:44:31', 2),
('181.49.85.74', '2018-02-26 00:05:44', 2),
('181.56.224.139', '2018-01-27 17:52:20', 2),
('181.64.187.74', '2018-01-15 16:59:03', 2),
('182.156.196.2', '2018-01-18 03:23:09', 2),
('182.158.79.198', '2017-10-21 11:45:26', 1),
('182.18.197.99', '2018-02-09 12:47:37', 2),
('182.180.128.106', '2018-02-05 22:39:17', 2),
('182.180.162.137', '2018-02-27 06:51:50', 2),
('182.180.29.57', '2018-02-22 06:25:36', 2),
('182.181.56.164', '2018-02-16 16:32:42', 2),
('182.185.29.16', '2018-01-17 05:14:17', 2),
('182.186.217.238', '2018-01-16 16:41:59', 2),
('182.191.81.91', '2018-02-16 04:29:36', 2),
('182.231.173.164', '2018-03-03 04:25:14', 2),
('182.253.163.10', '2018-01-29 23:03:55', 2),
('182.56.169.82', '2018-02-10 15:01:08', 2),
('182.56.97.83', '2018-01-22 02:28:41', 2),
('182.65.247.29', '2018-02-11 04:11:17', 2),
('182.69.177.68', '2018-01-12 14:08:06', 2),
('182.74.0.250', '2018-02-03 12:21:40', 2),
('182.74.82.214', '2018-03-01 11:00:31', 1),
('183.182.110.222', '2018-02-04 04:46:47', 2),
('183.182.86.226', '2018-02-27 07:45:21', 2),
('183.187.86.207', '2018-02-04 12:44:53', 2),
('183.192.9.129', '2018-02-07 12:45:57', 2),
('183.82.111.225', '2018-01-13 12:26:22', 2),
('183.82.168.145', '2018-01-17 06:37:11', 2),
('183.82.33.214', '2018-02-11 18:23:07', 2),
('183.82.98.34', '2018-02-25 14:43:49', 2),
('183.83.205.198', '2018-02-18 22:47:41', 2),
('183.83.83.73', '2018-02-27 07:22:19', 2),
('183.87.121.58', '2018-03-05 19:38:07', 2),
('183.87.236.249', '2018-02-21 12:50:59', 2),
('184.100.155.6', '2018-01-20 17:27:50', 2),
('184.144.144.17', '2017-12-19 05:10:15', 1),
('184.144.145.133', '2018-01-10 22:05:13', 1),
('184.152.160.5', '2018-02-17 23:05:46', 2),
('184.161.163.157', '2018-01-12 21:49:02', 2),
('184.163.67.62', '2018-02-23 12:19:30', 2),
('184.167.129.37', '2018-03-06 12:39:40', 2),
('184.175.215.32', '2017-12-26 00:37:27', 1),
('184.19.37.203', '2018-02-17 04:24:47', 2),
('184.22.216.73', '2018-02-04 12:26:35', 2),
('184.22.245.18', '2018-02-20 13:40:41', 2),
('184.22.89.114', '2018-02-28 15:52:30', 2),
('184.57.164.223', '2017-12-21 19:45:43', 1),
('184.72.119.33', '2017-12-03 08:59:57', 1),
('184.72.120.166', '2018-02-09 11:49:33', 1),
('184.73.148.170', '2017-12-03 08:59:57', 2),
('184.82.200.10', '2018-02-01 22:40:14', 2),
('184.82.229.124', '2018-02-08 15:27:12', 2),
('184.94.240.92', '2018-03-01 20:22:58', 1),
('185.104.255.26', '2018-02-02 17:11:38', 2),
('185.11.247.159', '2017-10-22 08:36:25', 1),
('185.110.21.49', '2018-02-24 12:02:33', 2),
('185.117.118.234', '2018-01-22 15:16:40', 1),
('185.13.106.215', '2017-10-12 07:13:25', 1),
('185.132.119.127', '2018-03-15 14:46:04', 1),
('185.135.96.7', '2018-02-02 12:23:34', 2),
('185.137.110.29', '2018-01-16 17:59:10', 4),
('185.147.24.190', '2018-02-12 12:19:17', 2),
('185.156.173.250', '2018-03-31 18:14:05', 1),
('185.156.173.251', '2018-05-14 19:49:36', 1),
('185.159.214.87', '2018-02-10 06:01:26', 2),
('185.166.215.18', '2018-05-16 20:47:06', 1),
('185.188.182.33', '2017-10-28 06:12:03', 1),
('185.194.70.116', '2018-01-13 15:25:57', 2),
('185.20.225.29', '2018-01-26 01:09:41', 1),
('185.20.227.83', '2017-10-03 14:16:29', 33),
('185.20.6.86', '2018-04-05 12:16:36', 1),
('185.202.103.51', '2017-10-31 12:17:04', 1),
('185.206.82.195', '2018-02-26 13:15:50', 1),
('185.214.106.90', '2018-03-06 14:06:00', 2),
('185.220.101.44', '2018-05-23 04:42:55', 1),
('185.222.216.70', '2018-01-26 16:46:08', 2),
('185.224.132.178', '2017-10-23 04:50:53', 1),
('185.23.49.35', '2018-01-16 04:27:42', 2),
('185.230.125.49', '2018-01-17 10:11:21', 2),
('185.243.243.62', '2018-05-06 21:22:21', 1),
('185.25.32.29', '2018-01-24 05:09:40', 2),
('185.30.89.111', '2018-03-08 14:43:46', 2),
('185.32.238.153', '2017-10-05 19:15:37', 1),
('185.35.63.109', '2018-06-10 02:10:24', 1),
('185.35.63.154', '2018-06-07 18:40:32', 1),
('185.35.63.19', '2018-04-14 00:49:25', 1),
('185.35.63.82', '2018-04-13 05:40:10', 1),
('185.38.225.3', '2018-01-15 10:36:47', 2),
('185.38.225.33', '2018-02-10 01:00:52', 2),
('185.4.65.44', '2018-01-16 00:39:09', 1),
('185.49.13.221', '2017-09-19 19:52:55', 2),
('185.51.247.222', '2017-10-08 18:17:29', 1),
('185.56.80.242', '2018-05-08 10:18:48', 4),
('185.67.177.69', '2018-01-23 15:06:39', 2),
('185.75.20.183', '2018-03-02 14:38:39', 2),
('185.81.32.32', '2018-03-03 23:34:25', 2),
('185.82.148.10', '2018-01-11 15:50:28', 2),
('185.86.77.38', '2017-09-22 21:02:35', 1),
('186.113.196.152', '2018-03-03 15:33:17', 2),
('186.124.61.110', '2018-01-19 21:28:24', 2),
('186.133.219.61', '2018-02-15 17:24:32', 2),
('186.20.16.239', '2018-02-07 19:38:04', 2),
('186.216.208.58', '2018-02-28 18:45:33', 1),
('186.22.125.59', '2018-01-17 13:52:41', 2),
('186.23.244.158', '2018-01-10 23:02:15', 2),
('186.232.211.152', '2018-03-03 14:30:08', 2),
('186.247.32.65', '2018-03-03 03:01:42', 2),
('186.33.130.5', '2018-02-21 21:18:56', 2),
('186.34.6.144', '2018-01-28 20:55:46', 2),
('186.43.205.186', '2018-02-02 15:29:05', 2),
('186.52.149.139', '2018-03-08 02:21:38', 2),
('186.6.178.218', '2018-03-29 14:27:43', 1),
('186.70.42.67', '2018-01-18 00:49:11', 2),
('186.83.91.34', '2018-01-16 01:16:16', 2),
('186.86.24.150', '2018-03-16 18:35:47', 2),
('186.88.182.11', '2018-03-05 18:47:17', 2),
('187.108.110.16', '2018-01-13 08:52:51', 2),
('187.115.178.245', '2018-02-24 20:46:39', 1),
('187.127.6.92', '2018-02-01 23:20:15', 2),
('187.136.11.104', '2018-02-17 15:30:45', 2),
('187.138.148.39', '2018-02-28 04:35:17', 1),
('187.14.97.20', '2018-02-28 12:23:07', 2),
('187.15.199.5', '2018-02-04 15:30:24', 2),
('187.154.96.171', '2018-01-15 20:30:36', 2),
('187.176.24.236', '2018-04-05 17:47:20', 1),
('187.188.40.142', '2018-03-06 21:45:45', 2),
('187.189.204.131', '2018-03-08 22:32:27', 1),
('187.190.191.166', '2018-01-21 10:31:24', 2),
('187.200.210.74', '2018-03-26 17:49:17', 1),
('187.208.77.70', '2018-02-16 17:03:01', 1),
('187.208.91.88', '2018-03-21 22:46:02', 1),
('187.245.67.201', '2018-01-13 22:42:24', 2),
('187.3.137.128', '2018-02-16 15:05:11', 2),
('187.53.179.46', '2018-01-20 11:39:44', 2),
('187.56.175.54', '2018-02-14 04:26:51', 2),
('187.59.173.116', '2018-02-11 04:52:00', 2),
('187.60.253.6', '2018-02-10 20:07:26', 1),
('187.67.161.208', '2018-02-24 06:32:38', 2),
('188.113.189.147', '2018-03-10 05:46:02', 2),
('188.116.11.181', '2017-10-02 23:47:14', 1),
('188.120.232.81', '2017-09-24 17:15:20', 1),
('188.127.105.85', '2018-02-16 16:20:52', 2),
('188.135.48.201', '2018-01-16 00:07:21', 2),
('188.141.25.73', '2018-02-21 15:14:28', 2),
('188.146.106.248', '2018-01-25 12:41:34', 2),
('188.15.15.89', '2018-02-02 21:29:58', 2),
('188.162.195.120', '2017-11-08 17:06:51', 1),
('188.162.39.69', '2017-11-08 23:35:48', 1),
('188.165.223.75', '2017-12-18 21:41:08', 1),
('188.165.231.48', '2018-02-04 17:18:20', 2),
('188.165.40.162', '2017-09-17 14:05:46', 29),
('188.166.122.75', '2018-02-26 05:39:57', 6),
('188.2.205.234', '2018-02-04 12:34:13', 2),
('188.2.54.178', '2018-02-19 20:54:07', 2),
('188.211.27.130', '2018-03-04 15:46:13', 2),
('188.226.128.93', '2017-09-27 21:58:28', 2),
('188.226.129.55', '2017-10-21 23:50:43', 3),
('188.226.178.25', '2017-11-01 19:58:12', 5),
('188.226.188.241', '2017-12-12 03:18:42', 5),
('188.226.196.213', '2018-01-20 23:57:46', 5),
('188.24.18.161', '2018-02-15 13:27:02', 2),
('188.241.214.51', '2018-02-06 19:26:52', 2),
('188.243.36.165', '2018-01-22 17:31:43', 2),
('188.246.67.203', '2018-02-21 20:17:03', 2),
('188.248.33.154', '2018-02-21 09:07:52', 2),
('188.25.78.195', '2018-01-15 06:25:52', 2),
('188.255.156.142', '2018-02-20 22:49:14', 2),
('188.255.91.198', '2018-03-13 10:01:03', 1),
('188.26.238.66', '2018-02-07 22:30:04', 2),
('188.32.121.144', '2018-02-04 07:27:35', 1),
('188.32.129.128', '2017-12-04 16:38:34', 1),
('188.32.134.8', '2018-01-21 03:36:05', 1),
('188.32.189.107', '2017-12-22 00:46:34', 1),
('188.32.247.212', '2017-11-22 22:25:19', 1),
('188.32.31.48', '2017-11-07 22:13:03', 1),
('188.37.239.203', '2018-03-08 12:21:11', 2),
('188.48.4.159', '2018-02-01 15:07:32', 2),
('188.50.20.35', '2018-03-31 19:40:52', 2),
('188.53.207.99', '2018-01-24 16:05:43', 2),
('188.54.92.91', '2018-02-24 18:38:02', 2),
('188.64.240.28', '2018-04-19 07:11:01', 1),
('188.71.218.43', '2018-03-09 11:43:41', 2),
('188.71.247.82', '2018-03-02 07:57:24', 2),
('188.73.195.225', '2018-02-15 08:46:54', 2),
('188.79.109.54', '2018-02-07 23:18:46', 2),
('188.79.18.114', '2018-01-23 16:05:01', 2),
('188.95.60.45', '2018-01-24 09:29:18', 2),
('188.96.176.167', '2018-02-02 23:51:37', 2),
('189.1.55.207', '2018-03-08 13:24:51', 2),
('189.101.246.230', '2018-01-23 22:43:57', 2),
('189.103.35.215', '2018-03-02 18:17:48', 2),
('189.105.198.158', '2018-01-31 02:05:29', 2),
('189.107.236.139', '2018-02-08 10:49:50', 2),
('189.122.234.125', '2018-02-13 17:55:59', 2),
('189.124.191.230', '2018-02-21 12:57:43', 2),
('189.133.112.180', '2018-02-07 02:35:12', 2),
('189.133.4.111', '2018-03-06 03:44:39', 1),
('189.144.212.218', '2018-03-14 21:54:23', 1),
('189.163.64.187', '2018-03-04 17:24:27', 2),
('189.190.167.91', '2018-01-18 06:48:24', 1),
('189.202.40.135', '2018-01-18 03:04:15', 2),
('189.212.57.114', '2018-02-02 22:18:57', 2),
('189.214.3.201', '2018-01-19 18:50:04', 2),
('189.217.122.142', '2018-01-15 05:46:17', 2),
('189.217.65.231', '2018-03-10 21:10:20', 2),
('189.218.22.128', '2018-01-31 08:25:11', 2),
('189.218.221.240', '2018-01-21 05:19:40', 2),
('189.245.228.13', '2018-02-12 17:18:04', 2),
('189.25.48.84', '2018-01-19 17:54:19', 2),
('189.253.78.67', '2018-02-16 03:46:31', 2),
('189.30.171.123', '2018-03-03 19:47:37', 2),
('189.30.50.18', '2018-02-18 19:32:38', 2),
('189.4.72.229', '2018-02-25 22:12:14', 2),
('189.4.75.52', '2018-02-18 20:43:11', 2),
('189.45.225.109', '2018-02-13 17:12:58', 2),
('189.45.75.147', '2018-04-21 22:45:28', 1),
('189.47.153.236', '2018-02-27 20:53:49', 2),
('189.58.90.105', '2018-02-05 10:26:54', 2),
('189.7.179.229', '2018-01-14 20:58:08', 2),
('189.72.140.151', '2018-01-19 01:43:26', 2),
('189.76.140.166', '2018-02-13 07:43:42', 2),
('189.91.152.164', '2018-01-25 07:30:08', 2),
('190.100.245.131', '2018-02-21 20:45:44', 2),
('190.102.68.32', '2018-01-28 22:01:51', 2),
('190.115.138.235', '2018-05-16 14:27:54', 1),
('190.120.17.206', '2018-01-16 11:27:49', 2),
('190.120.196.234', '2018-03-02 14:28:03', 1),
('190.137.26.169', '2018-03-10 21:08:01', 2),
('190.140.19.249', '2018-03-16 12:44:17', 1),
('190.142.222.29', '2018-01-31 16:50:43', 1),
('190.148.39.9', '2018-03-19 22:56:02', 1),
('190.151.75.93', '2018-03-09 14:00:07', 2),
('190.156.74.55', '2018-01-31 03:07:41', 2),
('190.175.39.49', '2018-02-18 16:06:19', 2),
('190.189.250.116', '2018-01-13 22:45:58', 2),
('190.191.42.239', '2018-01-16 02:30:34', 2),
('190.191.82.186', '2018-02-08 14:40:17', 2),
('190.192.56.69', '2018-02-07 06:46:14', 2),
('190.192.89.239', '2018-02-15 23:20:53', 2),
('190.197.21.34', '2018-02-03 16:03:52', 2),
('190.198.209.132', '2018-01-29 08:20:00', 2),
('190.209.117.64', '2018-02-08 02:41:08', 2),
('190.213.10.88', '2018-03-06 05:14:25', 2),
('190.216.244.46', '2018-01-22 22:58:52', 2),
('190.217.98.91', '2018-02-11 17:27:51', 4),
('190.218.105.190', '2018-03-02 21:16:40', 1),
('190.218.136.182', '2018-02-05 06:14:38', 2),
('190.218.15.205', '2018-03-03 23:52:05', 1),
('190.221.151.186', '2018-02-01 15:27:52', 2),
('190.235.110.70', '2018-01-26 17:54:34', 2),
('190.26.207.37', '2018-03-20 23:10:12', 1),
('190.41.227.23', '2018-02-06 18:01:36', 2),
('190.42.98.137', '2018-04-06 23:15:08', 1),
('190.47.106.10', '2018-01-14 19:14:12', 2),
('190.55.226.191', '2018-02-07 19:25:44', 2),
('190.72.37.144', '2018-02-09 02:40:48', 2),
('190.73.134.76', '2018-01-23 13:02:26', 2),
('190.80.60.115', '2018-03-04 03:59:39', 2),
('190.80.60.69', '2018-01-26 21:20:07', 2),
('190.80.8.5', '2018-02-04 11:28:35', 2),
('190.98.122.175', '2018-01-16 20:42:55', 2),
('191.100.30.151', '2018-01-17 18:21:25', 2),
('191.102.239.12', '2018-02-23 16:58:39', 2),
('191.102.93.26', '2018-02-05 06:27:09', 2),
('191.103.174.229', '2018-02-23 15:38:22', 1),
('191.112.135.22', '2018-02-16 21:51:24', 2),
('191.112.199.1', '2018-01-29 06:11:05', 2),
('191.112.235.1', '2018-01-14 03:33:17', 2),
('191.115.179.126', '2018-02-16 01:02:11', 2);
INSERT INTO `visitors` (`ip`, `last_visite`, `view_page`) VALUES
('191.177.187.104', '2018-01-12 17:59:06', 2),
('191.184.14.202', '2018-02-16 11:51:33', 2),
('191.214.44.35', '2018-01-31 07:21:42', 2),
('191.217.51.247', '2018-01-12 15:06:43', 2),
('191.22.212.230', '2018-02-17 20:32:07', 2),
('191.248.212.7', '2018-01-30 19:11:06', 2),
('191.251.112.245', '2018-03-03 03:05:57', 1),
('191.32.250.187', '2018-02-27 13:57:17', 2),
('191.32.92.216', '2018-02-01 15:45:08', 2),
('191.34.234.211', '2018-02-03 22:55:43', 2),
('191.34.46.9', '2018-02-19 19:10:14', 2),
('191.85.134.177', '2018-01-17 00:12:07', 2),
('191.96.108.93', '2018-04-28 17:06:33', 1),
('191.96.253.221', '2017-12-11 18:09:23', 2),
('192.0.101.66', '2017-10-06 07:59:20', 4),
('192.0.112.114', '2018-03-05 10:59:19', 2),
('192.102.224.14', '2017-11-24 08:37:16', 5),
('192.119.160.71', '2018-02-25 21:36:07', 2),
('192.151.145.82', '2017-12-18 02:48:17', 6),
('192.151.152.98', '2018-02-12 08:13:04', 7),
('192.151.157.210', '2018-04-06 01:28:43', 2),
('192.155.198.101', '2017-12-03 10:21:00', 1),
('192.155.78.146', '2018-02-16 21:00:42', 2),
('192.160.102.164', '2017-11-15 15:47:47', 2),
('192.160.102.165', '2018-05-02 06:16:19', 1),
('192.168.1.17', '2017-09-08 10:23:14', 13),
('192.168.1.18', '2017-09-08 10:18:43', 39),
('192.168.1.19', '2017-09-06 11:03:25', 15),
('192.168.43.1', '2017-09-03 13:12:12', 14),
('192.168.43.88', '2017-09-03 13:34:44', 19),
('192.187.101.178', '2018-02-15 17:47:27', 3),
('192.187.104.235', '2017-12-20 06:12:23', 1),
('192.210.210.7', '2018-05-26 08:47:13', 1),
('192.228.169.200', '2018-02-06 10:51:05', 2),
('192.228.174.46', '2018-03-07 09:37:31', 2),
('192.23.22.179', '2017-10-01 19:41:39', 30),
('192.23.22.187', '2018-06-04 19:49:30', 3),
('192.241.101.8', '2018-05-07 07:30:51', 1),
('192.243.53.51', '2018-05-08 09:06:44', 1),
('192.243.55.95', '2018-04-06 08:13:20', 2),
('192.88.172.1', '2018-03-19 14:17:14', 3),
('192.99.1.145', '2017-09-17 08:48:25', 13),
('192.99.1.152', '2017-09-30 04:39:48', 8),
('192.99.1.183', '2017-11-10 16:30:52', 1),
('192.99.35.121', '2018-05-08 12:33:32', 5),
('192.99.67.13', '2018-01-11 11:56:05', 24),
('192.99.69.242', '2018-06-05 22:17:52', 13),
('193.111.198.25', '2018-01-13 07:59:19', 10),
('193.111.199.35', '2018-01-09 19:55:49', 1),
('193.152.135.207', '2018-02-15 12:21:48', 2),
('193.164.219.44', '2018-02-14 21:40:49', 2),
('193.165.236.191', '2018-02-18 21:43:52', 2),
('193.165.79.34', '2018-03-03 18:10:39', 2),
('193.201.225.94', '2017-12-08 17:57:34', 1),
('193.202.110.17', '2017-09-19 11:15:58', 2),
('193.248.138.138', '2018-03-06 13:59:13', 1),
('193.41.175.137', '2018-02-18 13:40:06', 2),
('193.51.25.232', '2017-09-27 14:19:42', 6),
('193.52.208.233', '2018-02-20 09:15:57', 2),
('194.135.153.100', '2018-01-18 08:44:17', 2),
('194.135.153.76', '2018-02-09 18:49:55', 2),
('194.187.171.116', '2018-05-24 20:32:23', 1),
('194.187.171.166', '2018-05-24 20:32:23', 1),
('194.187.171.195', '2017-10-24 12:36:29', 1),
('194.187.171.36', '2017-10-24 12:36:29', 1),
('194.204.217.78', '2018-01-29 14:04:23', 1),
('194.254.109.142', '2018-03-13 11:58:32', 1),
('194.30.49.157', '2018-02-05 11:49:44', 2),
('194.38.133.145', '2018-04-13 09:15:28', 4),
('194.44.247.218', '2018-05-16 06:29:33', 1),
('194.56.233.11', '2018-03-15 14:57:05', 1),
('194.87.147.74', '2017-10-23 06:40:13', 2),
('195.128.120.143', '2017-09-18 14:42:18', 1),
('195.154.166.8', '2018-04-02 21:22:53', 1),
('195.154.172.137', '2018-01-11 15:50:30', 1),
('195.154.172.143', '2018-01-11 14:33:16', 2),
('195.154.172.53', '2018-01-24 04:38:08', 1),
('195.154.172.76', '2018-04-02 20:53:41', 1),
('195.154.173.103', '2017-11-22 14:13:01', 7),
('195.154.177.103', '2018-04-03 09:51:25', 4),
('195.154.59.236', '2017-12-26 21:28:56', 1),
('195.154.60.254', '2018-03-04 11:48:22', 1),
('195.181.172.231', '2017-11-09 05:49:21', 3),
('195.201.23.9', '2018-05-25 23:50:30', 2),
('195.201.31.110', '2018-02-17 02:36:13', 3),
('195.201.94.140', '2018-04-09 05:23:38', 2),
('195.219.27.244', '2018-02-24 15:41:02', 2),
('195.22.125.136', '2018-01-20 12:03:40', 3),
('195.22.127.231', '2018-04-03 04:29:15', 15),
('195.22.127.249', '2018-02-09 16:10:13', 4),
('195.220.223.121', '2018-03-28 14:43:46', 1),
('195.24.192.190', '2017-09-18 11:29:19', 5),
('195.24.196.123', '2018-01-10 16:06:53', 1),
('195.24.206.210', '2017-10-02 14:56:36', 83),
('195.24.223.26', '2017-09-30 10:18:43', 2),
('195.242.114.108', '2018-01-29 23:09:52', 7),
('195.242.80.92', '2017-11-07 00:35:37', 1),
('195.47.255.66', '2018-03-03 13:53:07', 2),
('195.50.26.99', '2018-02-01 20:13:26', 2),
('195.78.104.13', '2018-01-13 12:38:58', 2),
('195.91.74.3', '2017-10-20 15:59:03', 1),
('196.114.132.4', '2018-04-22 00:06:42', 1),
('196.12.237.158', '2018-02-17 12:54:22', 2),
('196.126.116.91', '2018-05-31 16:06:34', 1),
('196.171.79.252', '2018-03-08 21:14:55', 6),
('196.178.2.165', '2018-03-06 22:07:02', 2),
('196.178.25.181', '2018-02-23 14:24:41', 2),
('196.178.5.163', '2018-02-18 15:52:34', 2),
('196.180.75.249', '2018-04-04 17:42:38', 2),
('196.19.240.9', '2018-01-06 03:16:35', 1),
('196.196.254.207', '2018-03-11 23:34:46', 1),
('196.201.76.158', '2018-02-15 13:15:52', 4),
('196.202.236.195', '2018-03-25 18:23:43', 2),
('196.203.51.62', '2018-02-13 17:26:35', 2),
('196.205.11.46', '2018-04-05 12:12:15', 2),
('196.207.85.160', '2018-02-14 03:45:38', 2),
('196.210.43.99', '2018-01-17 18:53:34', 2),
('196.217.158.64', '2018-01-31 17:57:35', 2),
('196.217.241.68', '2018-01-20 23:02:06', 4),
('196.217.74.253', '2018-02-12 18:50:05', 2),
('196.217.82.240', '2018-05-25 15:05:29', 1),
('196.229.152.138', '2018-02-20 14:28:54', 2),
('196.229.187.56', '2018-02-09 09:58:29', 2),
('196.229.226.84', '2018-01-23 15:08:14', 2),
('196.25.35.178', '2018-02-08 13:35:49', 2),
('196.28.230.152', '2018-03-09 09:43:59', 2),
('196.28.246.202', '2018-01-05 11:19:45', 1),
('196.41.98.98', '2018-02-14 21:08:03', 2),
('196.47.129.22', '2018-05-19 05:58:12', 2),
('196.64.126.252', '2018-05-01 16:48:55', 2),
('196.64.246.137', '2018-03-18 00:36:22', 2),
('196.64.82.109', '2018-04-15 18:04:04', 1),
('196.71.157.144', '2018-05-25 14:45:56', 1),
('196.74.196.170', '2018-03-11 11:33:24', 1),
('196.75.144.76', '2018-02-14 11:12:41', 2),
('197.0.122.41', '2018-05-02 12:31:16', 1),
('197.1.164.227', '2018-01-22 20:04:31', 2),
('197.133.117.76', '2018-01-11 19:11:28', 2),
('197.14.144.170', '2018-02-24 06:44:15', 2),
('197.14.202.122', '2018-02-14 09:46:15', 2),
('197.14.82.199', '2018-01-21 13:44:22', 2),
('197.149.221.99', '2017-11-13 21:03:17', 2),
('197.155.129.59', '2018-03-18 11:26:33', 2),
('197.155.136.129', '2018-03-06 06:06:35', 1),
('197.155.146.176', '2018-05-06 22:15:08', 1),
('197.155.71.106', '2018-05-10 08:19:44', 1),
('197.157.17.134', '2018-01-10 21:30:29', 2),
('197.157.209.150', '2018-01-25 10:39:57', 4),
('197.157.209.151', '2018-01-25 08:02:06', 2),
('197.158.74.139', '2018-02-18 16:42:19', 2),
('197.159.199.51', '2018-02-18 06:06:43', 2),
('197.159.203.198', '2018-04-09 08:53:27', 4),
('197.159.210.197', '2018-03-19 19:26:22', 2),
('197.159.9.29', '2017-09-26 09:20:10', 1),
('197.2.71.12', '2018-02-23 18:20:38', 2),
('197.200.14.101', '2018-02-16 03:27:17', 2),
('197.200.83.166', '2018-02-06 11:44:02', 2),
('197.207.129.32', '2018-03-11 22:37:38', 1),
('197.207.172.41', '2018-02-26 21:16:20', 2),
('197.207.197.82', '2018-02-12 15:32:54', 2),
('197.225.109.246', '2018-01-12 22:14:51', 2),
('197.225.115.24', '2018-02-24 13:55:07', 2),
('197.225.234.1', '2018-02-02 10:05:18', 2),
('197.231.70.246', '2018-02-05 01:14:38', 2),
('197.232.243.23', '2018-01-29 13:08:22', 2),
('197.234.219.61', '2018-01-25 09:17:53', 1),
('197.234.221.32', '2018-03-21 21:45:30', 2),
('197.237.41.31', '2018-01-28 20:00:58', 2),
('197.25.236.154', '2018-01-23 19:43:16', 2),
('197.27.117.52', '2018-02-05 20:51:12', 2),
('197.27.118.232', '2018-03-09 12:54:50', 2),
('197.3.235.44', '2018-02-06 00:01:44', 2),
('197.3.237.90', '2018-04-10 06:58:48', 1),
('197.3.98.144', '2018-02-16 03:42:08', 2),
('197.35.250.203', '2018-01-14 06:54:04', 2),
('197.48.14.104', '2018-01-23 13:34:58', 6),
('197.48.144.172', '2018-02-07 18:51:29', 2),
('197.49.21.211', '2018-01-31 04:19:57', 2),
('197.49.97.16', '2018-03-08 09:57:36', 2),
('197.52.246.247', '2018-03-08 22:47:44', 2),
('197.86.195.102', '2018-03-06 23:59:44', 2),
('198.12.128.0', '2017-10-02 21:12:41', 2),
('198.148.15.220', '2017-09-19 16:05:40', 2),
('198.148.15.221', '2017-09-18 07:45:09', 4),
('198.148.15.222', '2017-09-18 07:45:09', 2),
('198.148.15.223', '2017-09-18 14:23:08', 2),
('198.204.243.138', '2018-04-11 03:33:20', 2),
('198.211.121.44', '2017-11-14 11:00:09', 2),
('198.245.49.215', '2018-04-25 02:44:55', 2),
('198.27.82.109', '2017-10-05 03:13:13', 5),
('198.27.82.205', '2017-09-27 07:32:28', 9),
('198.91.168.246', '2018-02-09 20:18:12', 2),
('198.96.155.3', '2018-02-18 08:28:14', 2),
('199.119.215.252', '2018-03-12 05:30:40', 1),
('199.16.157.180', '2017-09-17 08:48:19', 226),
('199.16.157.181', '2017-09-29 20:27:20', 200),
('199.16.157.182', '2017-10-01 08:26:12', 221),
('199.16.157.183', '2017-10-16 12:09:52', 183),
('199.189.192.67', '2017-09-18 20:38:26', 1),
('199.30.228.132', '2018-02-28 10:19:37', 1),
('199.30.228.159', '2018-02-24 23:40:26', 1),
('199.30.24.127', '2018-02-06 03:35:00', 1),
('199.30.25.113', '2017-10-16 00:31:22', 1),
('199.30.25.22', '2017-11-14 00:50:31', 1),
('199.30.25.245', '2018-02-23 04:09:17', 1),
('199.58.86.206', '2018-04-25 16:14:23', 2),
('199.58.86.209', '2017-11-02 01:18:53', 10),
('199.58.86.211', '2017-11-23 01:45:15', 10),
('199.59.150.180', '2017-10-19 04:44:47', 47),
('199.59.150.181', '2017-10-16 12:09:52', 47),
('199.59.150.182', '2017-10-19 04:44:47', 65),
('199.59.150.183', '2017-10-19 04:44:47', 49),
('2.138.206.244', '2018-01-26 15:13:38', 2),
('2.138.95.73', '2018-02-18 11:07:02', 1),
('2.139.113.138', '2018-02-12 10:21:41', 2),
('2.225.154.25', '2018-02-23 10:11:11', 2),
('2.227.224.219', '2018-01-27 20:43:28', 2),
('2.227.248.75', '2018-02-08 13:37:29', 2),
('2.236.186.197', '2018-01-18 12:58:24', 2),
('2.236.48.209', '2018-03-09 08:58:47', 2),
('2.238.65.122', '2018-02-03 10:59:09', 2),
('2.24.39.251', '2018-01-11 02:48:52', 2),
('2.34.113.252', '2018-03-05 20:39:09', 2),
('2.35.195.125', '2018-02-07 19:32:07', 2),
('2.37.34.15', '2018-02-26 17:37:45', 2),
('2.40.248.191', '2018-02-12 23:10:38', 2),
('2.49.203.121', '2018-01-16 07:07:24', 2),
('2.49.30.186', '2018-02-28 17:51:20', 2),
('2.49.92.221', '2018-03-10 13:42:48', 2),
('2.50.103.43', '2018-01-30 06:53:10', 2),
('2.50.120.178', '2018-02-27 21:03:41', 2),
('2.50.128.22', '2018-02-20 21:01:13', 2),
('2.50.149.165', '2018-02-28 05:58:36', 2),
('2.51.140.21', '2018-01-22 15:51:09', 2),
('2.60.199.28', '2018-05-25 07:01:39', 1),
('2.73.167.204', '2018-03-26 07:37:27', 1),
('2.84.33.153', '2018-02-27 23:21:27', 2),
('2.87.146.36', '2018-02-15 16:01:03', 2),
('2.88.250.83', '2018-02-06 01:18:05', 2),
('2.89.183.250', '2018-02-27 01:17:14', 2),
('2.98.17.157', '2018-02-08 16:20:37', 2),
('200.100.27.244', '2018-01-29 15:07:53', 2),
('200.121.220.233', '2018-03-03 23:54:11', 4),
('200.123.209.197', '2018-01-16 18:18:53', 2),
('200.127.21.76', '2018-02-08 09:43:29', 2),
('200.129.163.72', '2017-12-27 15:07:18', 1),
('200.131.6.130', '2017-10-22 14:54:17', 5),
('200.175.214.48', '2018-01-10 23:36:42', 2),
('200.41.94.102', '2018-03-02 03:15:36', 2),
('200.74.3.104', '2018-02-19 01:06:08', 2),
('200.74.74.162', '2018-02-11 04:58:19', 2),
('201.116.244.176', '2018-02-07 22:56:09', 2),
('201.130.127.158', '2018-03-11 04:31:07', 1),
('201.141.37.109', '2018-02-02 19:26:32', 2),
('201.142.244.179', '2018-02-18 21:47:00', 2),
('201.149.12.242', '2018-02-03 20:24:10', 2),
('201.17.210.153', '2018-03-15 23:52:34', 1),
('201.196.213.90', '2018-02-23 08:03:58', 2),
('201.21.60.38', '2018-02-25 20:24:40', 2),
('201.210.247.152', '2018-02-11 07:23:09', 2),
('201.211.191.204', '2018-01-26 13:51:03', 2),
('201.212.140.229', '2018-01-11 22:58:15', 2),
('201.212.203.222', '2018-02-23 23:11:31', 2),
('201.214.182.232', '2018-02-27 22:22:26', 2),
('201.22.212.104', '2018-02-22 11:55:21', 2),
('201.231.150.9', '2018-03-10 23:28:10', 2),
('201.247.16.51', '2018-02-25 03:44:53', 2),
('201.255.141.45', '2018-01-28 20:24:04', 2),
('201.29.126.181', '2018-06-11 15:18:50', 1),
('201.29.26.235', '2018-02-25 21:36:11', 2),
('201.6.227.118', '2018-02-14 20:13:06', 2),
('201.6.232.143', '2018-02-22 13:08:20', 2),
('201.9.104.215', '2018-02-17 11:03:24', 2),
('202.124.175.66', '2018-01-10 04:55:52', 2),
('202.131.110.172', '2018-02-06 10:25:52', 2),
('202.142.118.147', '2018-03-02 08:27:39', 2),
('202.156.56.67', '2018-02-05 04:16:21', 2),
('202.188.42.212', '2018-02-20 11:58:27', 2),
('202.21.100.230', '2018-01-22 05:03:10', 2),
('202.21.106.137', '2018-01-12 09:08:11', 2),
('202.46.121.106', '2018-01-30 19:13:32', 2),
('202.46.53.43', '2017-09-15 21:18:25', 1),
('202.51.191.150', '2018-01-21 09:09:13', 2),
('202.51.76.213', '2017-12-30 14:21:49', 2),
('202.53.93.246', '2018-03-03 04:38:01', 2),
('202.59.140.34', '2018-02-16 19:41:47', 2),
('202.60.56.226', '2018-03-02 03:01:35', 2),
('202.88.93.124', '2018-02-27 03:08:40', 2),
('203.101.178.24', '2018-01-19 06:32:12', 2),
('203.106.117.243', '2018-02-11 05:12:53', 2),
('203.106.196.30', '2018-02-06 03:38:59', 2),
('203.106.79.238', '2018-01-23 01:05:35', 2),
('203.115.64.123', '2018-01-24 10:32:57', 2),
('203.129.252.134', '2018-01-02 13:33:49', 2),
('203.134.211.246', '2018-03-09 05:36:09', 2),
('203.202.252.226', '2018-02-06 04:32:04', 2),
('203.217.17.140', '2018-02-06 05:07:13', 2),
('203.29.141.120', '2018-01-10 23:23:35', 2),
('203.74.203.123', '2017-09-17 23:04:01', 1),
('203.88.144.210', '2018-02-10 14:27:52', 2),
('203.88.145.214', '2018-03-03 01:36:44', 2),
('204.109.58.150', '2017-11-24 09:23:38', 2),
('204.12.206.18', '2017-10-07 02:07:01', 1),
('204.12.208.10', '2018-02-11 07:34:54', 14),
('204.12.226.26', '2017-09-26 12:35:50', 86),
('204.13.201.138', '2018-01-06 02:57:09', 1),
('204.13.201.139', '2017-10-10 05:32:36', 1),
('204.79.180.1', '2018-04-30 01:57:36', 1),
('204.79.180.18', '2018-05-02 06:52:44', 1),
('204.79.180.21', '2018-04-01 12:34:14', 1),
('204.79.180.22', '2017-11-02 18:05:42', 1),
('204.79.180.4', '2018-02-04 11:22:36', 2),
('204.79.180.9', '2018-06-06 22:46:13', 1),
('204.85.191.30', '2018-06-10 11:18:47', 1),
('205.151.6.1', '2018-01-31 21:21:30', 1),
('206.16.134.16', '2018-01-11 11:00:15', 1),
('206.16.134.17', '2017-11-17 09:14:27', 2),
('206.16.134.18', '2017-09-28 04:04:19', 2),
('206.16.134.19', '2017-09-28 03:55:52', 2),
('206.16.134.23', '2017-11-17 01:42:23', 1),
('206.16.134.24', '2017-09-28 03:55:37', 1),
('206.16.134.26', '2017-11-08 18:40:44', 1),
('206.16.134.27', '2018-03-05 21:53:22', 1),
('206.16.134.28', '2017-09-28 03:57:16', 2),
('206.16.134.30', '2017-12-03 09:57:06', 1),
('206.180.165.147', '2017-10-28 04:19:30', 3),
('206.189.9.222', '2018-05-15 10:33:05', 1),
('207.148.15.207', '2018-04-10 12:59:53', 1),
('207.182.134.154', '2018-04-07 17:02:51', 3),
('207.241.225.226', '2018-05-01 11:10:51', 1),
('207.241.225.235', '2018-05-01 11:10:48', 1),
('207.241.226.219', '2018-05-01 11:10:55', 1),
('207.241.226.230', '2018-05-01 11:10:47', 1),
('207.241.229.235', '2017-10-16 00:09:23', 2),
('207.241.229.236', '2017-10-16 00:05:23', 2),
('207.241.229.30', '2017-11-01 10:19:47', 1),
('207.241.229.31', '2017-10-16 00:08:04', 1),
('207.241.229.32', '2017-11-01 10:02:28', 1),
('207.241.229.33', '2017-10-16 00:07:42', 3),
('207.241.231.164', '2017-10-16 00:10:04', 2),
('207.241.231.165', '2017-10-16 00:16:05', 1),
('207.241.231.171', '2017-09-23 13:48:34', 2),
('207.241.232.46', '2018-04-22 11:28:23', 2),
('207.241.232.48', '2018-03-24 10:23:56', 1),
('207.46.13.1', '2017-10-23 19:54:28', 6),
('207.46.13.101', '2017-10-14 12:41:19', 6),
('207.46.13.102', '2018-03-21 01:48:55', 1),
('207.46.13.103', '2018-01-11 20:50:55', 19),
('207.46.13.104', '2018-01-13 09:43:22', 27),
('207.46.13.105', '2018-01-12 12:22:48', 6),
('207.46.13.106', '2018-01-11 19:04:50', 3),
('207.46.13.107', '2017-11-17 19:31:44', 18),
('207.46.13.109', '2017-12-01 03:20:16', 4),
('207.46.13.113', '2018-02-07 04:41:15', 3),
('207.46.13.114', '2018-04-30 08:53:28', 3),
('207.46.13.116', '2018-05-16 04:11:34', 2),
('207.46.13.119', '2018-05-31 05:35:38', 2),
('207.46.13.12', '2018-04-13 22:41:52', 2),
('207.46.13.120', '2017-12-28 06:42:49', 6),
('207.46.13.122', '2017-12-06 14:50:23', 5),
('207.46.13.126', '2018-06-03 01:26:52', 1),
('207.46.13.127', '2017-10-09 04:23:33', 2),
('207.46.13.129', '2017-10-09 06:49:17', 2),
('207.46.13.130', '2018-05-14 19:20:47', 1),
('207.46.13.131', '2017-12-29 08:05:32', 3),
('207.46.13.132', '2017-10-09 00:43:39', 6),
('207.46.13.133', '2017-12-31 16:48:08', 1),
('207.46.13.135', '2018-04-10 23:47:02', 2),
('207.46.13.136', '2018-03-28 12:16:47', 9),
('207.46.13.137', '2017-12-13 22:23:36', 3),
('207.46.13.139', '2018-03-18 20:29:05', 3),
('207.46.13.140', '2018-01-16 21:15:44', 1),
('207.46.13.141', '2017-12-08 19:38:23', 3),
('207.46.13.145', '2018-06-11 03:38:12', 1),
('207.46.13.146', '2017-10-16 21:06:41', 1),
('207.46.13.147', '2018-04-22 01:31:10', 8),
('207.46.13.148', '2018-03-25 19:10:20', 3),
('207.46.13.150', '2018-02-12 23:16:01', 1),
('207.46.13.151', '2017-11-11 08:29:06', 4),
('207.46.13.152', '2017-11-08 04:17:40', 40),
('207.46.13.153', '2018-01-17 03:41:58', 5),
('207.46.13.154', '2017-12-12 09:13:53', 3),
('207.46.13.156', '2018-03-02 08:43:04', 3),
('207.46.13.16', '2018-02-14 14:13:09', 1),
('207.46.13.161', '2017-12-10 03:41:11', 3),
('207.46.13.162', '2017-10-09 06:44:41', 3),
('207.46.13.163', '2018-02-17 12:09:40', 1),
('207.46.13.168', '2017-10-11 01:17:38', 3),
('207.46.13.169', '2018-01-15 23:41:13', 1),
('207.46.13.17', '2018-03-15 00:22:32', 3),
('207.46.13.170', '2017-12-30 04:11:31', 3),
('207.46.13.172', '2017-12-12 11:44:01', 6),
('207.46.13.175', '2018-02-09 15:21:21', 2),
('207.46.13.176', '2017-11-04 14:39:12', 7),
('207.46.13.178', '2018-03-02 00:33:48', 4),
('207.46.13.18', '2018-06-09 19:57:00', 4),
('207.46.13.181', '2017-10-14 14:27:42', 5),
('207.46.13.182', '2018-04-21 05:02:41', 3),
('207.46.13.183', '2018-03-31 08:05:04', 1),
('207.46.13.184', '2018-01-30 17:39:37', 1),
('207.46.13.186', '2017-12-16 02:25:18', 2),
('207.46.13.19', '2017-12-11 06:53:00', 25),
('207.46.13.191', '2018-01-01 00:07:50', 3),
('207.46.13.192', '2018-03-11 20:52:31', 7),
('207.46.13.197', '2017-11-01 02:39:11', 9),
('207.46.13.198', '2017-10-21 16:30:46', 18),
('207.46.13.199', '2017-10-15 06:32:00', 11),
('207.46.13.2', '2017-10-14 13:37:58', 8),
('207.46.13.200', '2017-11-21 19:14:25', 9),
('207.46.13.201', '2017-10-25 20:01:14', 3),
('207.46.13.203', '2017-10-14 10:30:39', 1),
('207.46.13.204', '2018-01-27 07:29:11', 5),
('207.46.13.205', '2017-12-21 12:51:25', 19),
('207.46.13.206', '2018-01-23 21:26:10', 1),
('207.46.13.209', '2018-05-26 12:42:03', 2),
('207.46.13.211', '2018-04-15 12:49:28', 3),
('207.46.13.212', '2018-04-12 17:01:15', 7),
('207.46.13.213', '2018-04-13 15:47:12', 1),
('207.46.13.225', '2018-06-06 16:03:41', 3),
('207.46.13.23', '2017-12-15 16:33:59', 6),
('207.46.13.233', '2018-05-03 20:54:21', 23),
('207.46.13.234', '2018-04-10 22:33:02', 4),
('207.46.13.236', '2018-05-22 22:16:52', 1),
('207.46.13.25', '2018-04-26 15:08:02', 1),
('207.46.13.28', '2017-11-27 22:14:44', 2),
('207.46.13.36', '2017-12-27 15:10:39', 8),
('207.46.13.37', '2018-04-04 18:20:29', 2),
('207.46.13.39', '2018-02-09 13:00:20', 6),
('207.46.13.4', '2018-03-28 04:46:38', 1),
('207.46.13.43', '2017-12-18 11:17:41', 1),
('207.46.13.45', '2018-02-10 08:28:47', 4),
('207.46.13.46', '2018-02-13 02:46:41', 1),
('207.46.13.47', '2018-06-02 14:00:54', 2),
('207.46.13.48', '2017-10-22 06:40:12', 31),
('207.46.13.49', '2018-01-24 17:15:04', 7),
('207.46.13.50', '2018-01-24 02:59:31', 1),
('207.46.13.51', '2018-05-04 20:40:00', 1),
('207.46.13.52', '2018-06-05 13:53:15', 1),
('207.46.13.53', '2018-04-15 01:52:13', 3),
('207.46.13.54', '2017-12-13 21:57:35', 1),
('207.46.13.57', '2017-12-14 14:54:06', 1),
('207.46.13.58', '2018-04-06 01:08:05', 1),
('207.46.13.6', '2018-02-04 13:21:52', 2),
('207.46.13.60', '2018-01-10 18:45:42', 2),
('207.46.13.65', '2018-02-02 05:07:00', 4),
('207.46.13.7', '2018-06-06 11:35:15', 1),
('207.46.13.70', '2017-11-16 12:18:14', 6),
('207.46.13.71', '2018-04-30 08:00:08', 1),
('207.46.13.72', '2017-12-11 10:13:40', 3),
('207.46.13.73', '2018-01-14 10:14:59', 5),
('207.46.13.74', '2018-05-07 05:01:50', 4),
('207.46.13.76', '2018-06-11 23:41:16', 1),
('207.46.13.8', '2018-05-05 15:44:03', 5),
('207.46.13.81', '2018-04-10 17:05:21', 2),
('207.46.13.82', '2018-03-09 06:13:11', 1),
('207.46.13.85', '2018-04-15 14:16:03', 2),
('207.46.13.87', '2018-03-09 03:06:15', 1),
('207.46.13.88', '2018-06-03 22:26:13', 1),
('207.46.13.90', '2017-10-15 05:30:45', 10),
('207.46.13.91', '2017-11-08 03:47:28', 8),
('207.46.13.95', '2017-11-29 07:38:03', 4),
('207.46.13.96', '2017-10-02 17:01:01', 2),
('207.46.13.98', '2018-05-18 08:40:21', 1),
('207.46.13.99', '2018-02-13 17:43:20', 4),
('207.74.61.114', '2018-02-10 14:40:57', 2),
('208.110.93.52', '2017-09-25 23:50:25', 61),
('208.110.93.78', '2018-03-21 07:51:07', 3),
('208.123.82.22', '2017-09-22 13:06:11', 8),
('208.58.221.28', '2018-02-10 03:12:36', 2),
('208.80.194.27', '2018-03-02 00:56:20', 1),
('208.80.194.28', '2018-03-02 00:36:58', 1),
('208.87.233.140', '2018-03-10 22:16:55', 1),
('208.94.104.2', '2018-03-09 09:36:52', 2),
('209.104.12.62', '2018-01-10 15:01:44', 2),
('209.58.131.213', '2018-04-02 13:59:18', 1),
('209.58.135.66', '2017-09-28 06:24:24', 2),
('209.85.238.4', '2017-09-17 07:21:24', 6),
('209.85.238.6', '2017-09-17 07:19:40', 6),
('209.85.238.8', '2017-09-17 07:19:39', 3),
('210.18.131.184', '2018-03-09 17:01:34', 2),
('210.186.179.232', '2018-02-22 09:23:05', 2),
('210.195.10.44', '2018-02-11 01:50:45', 2),
('210.234.187.234', '2018-03-05 23:20:28', 2),
('210.48.221.10', '2018-02-27 20:38:09', 2),
('211.1.206.161', '2018-02-24 06:47:44', 2),
('211.114.35.194', '2017-12-07 01:54:16', 1),
('211.115.79.122', '2018-04-21 11:48:58', 41),
('211.219.160.150', '2018-03-03 23:06:59', 2),
('211.25.18.140', '2018-02-09 07:18:21', 2),
('212.104.124.42', '2018-03-04 09:03:49', 2),
('212.104.178.140', '2018-03-09 11:30:29', 2),
('212.112.154.113', '2018-01-23 16:45:19', 2),
('212.118.123.67', '2018-01-22 12:57:31', 2),
('212.129.50.155', '2018-01-05 13:17:18', 3),
('212.139.124.117', '2018-01-29 11:53:11', 2),
('212.15.177.195', '2018-03-03 17:36:35', 2),
('212.179.121.78', '2018-01-31 15:21:52', 2),
('212.2.246.80', '2018-02-20 03:19:26', 2),
('212.200.120.106', '2018-02-11 01:45:46', 2),
('212.201.73.92', '2017-10-21 18:20:31', 1),
('212.201.75.196', '2017-11-08 21:52:03', 1),
('212.201.76.155', '2017-10-06 15:53:07', 1),
('212.216.194.84', '2018-03-06 10:43:22', 2),
('212.233.198.174', '2018-03-10 20:16:42', 2),
('212.233.245.150', '2018-01-18 20:41:07', 2),
('212.237.120.228', '2018-02-14 12:52:04', 2),
('212.25.54.63', '2018-02-05 16:18:57', 2),
('212.252.98.168', '2018-02-19 12:55:04', 2),
('212.3.196.104', '2018-02-25 01:52:51', 2),
('212.47.227.114', '2018-03-30 08:56:28', 1),
('212.58.119.215', '2018-02-10 09:32:00', 2),
('212.62.42.26', '2018-01-26 23:33:07', 2),
('212.71.239.68', '2017-12-30 14:11:50', 1),
('212.76.88.146', '2018-02-06 16:07:13', 2),
('212.83.142.200', '2018-03-15 08:38:06', 1),
('212.83.177.250', '2018-01-22 15:16:39', 1),
('212.83.178.172', '2018-02-12 19:35:43', 5),
('212.83.182.255', '2017-11-26 12:50:40', 4),
('212.83.191.0', '2017-11-25 08:49:45', 2),
('212.98.129.249', '2018-02-03 23:40:00', 2),
('213.127.123.193', '2018-02-19 20:17:10', 1),
('213.127.29.15', '2018-01-25 23:17:51', 2),
('213.132.41.18', '2018-02-04 03:13:47', 2),
('213.137.237.179', '2017-11-11 12:03:29', 4),
('213.138.245.4', '2018-03-10 15:26:08', 2),
('213.154.3.224', '2018-01-25 15:44:34', 2),
('213.159.38.90', '2017-09-25 17:07:26', 4),
('213.162.72.148', '2018-03-10 02:47:14', 2),
('213.162.73.130', '2018-02-15 02:03:56', 2),
('213.164.127.176', '2018-03-21 22:34:14', 2),
('213.172.150.252', '2018-02-18 07:04:01', 2),
('213.179.112.133', '2018-01-21 23:00:32', 2),
('213.183.51.157', '2017-11-14 03:39:04', 1),
('213.183.51.194', '2017-12-22 06:57:20', 1),
('213.186.1.201', '2017-11-17 08:32:21', 1),
('213.186.1.207', '2017-11-17 08:31:22', 2),
('213.186.1.211', '2017-11-17 08:22:17', 2),
('213.186.4.78', '2017-11-17 08:26:15', 1),
('213.192.34.218', '2018-02-24 23:33:29', 2),
('213.199.216.14', '2018-01-23 20:00:12', 2),
('213.213.227.141', '2017-10-05 18:09:11', 2),
('213.225.35.23', '2018-02-25 20:59:24', 2),
('213.227.139.199', '2018-01-09 15:30:32', 1),
('213.251.182.110', '2017-12-14 04:37:34', 1),
('213.254.86.34', '2018-02-15 22:51:47', 2),
('213.45.38.238', '2018-01-20 18:16:20', 2),
('213.49.24.43', '2018-03-03 20:38:20', 1),
('213.64.167.241', '2018-02-26 14:13:46', 2),
('213.66.29.78', '2018-01-25 07:09:27', 2),
('213.8.204.59', '2018-02-06 14:12:15', 2),
('213.87.136.39', '2018-01-10 19:27:22', 1),
('213.87.144.222', '2017-09-19 18:53:28', 1),
('213.87.160.173', '2017-12-27 00:27:23', 1),
('213.89.113.38', '2018-02-07 16:38:32', 2),
('216.110.225.29', '2018-02-25 18:18:36', 2),
('216.145.14.142', '2017-10-02 05:04:44', 2),
('216.145.17.190', '2017-10-20 04:54:40', 4),
('216.151.180.198', '2018-02-27 14:10:17', 1),
('216.167.244.182', '2018-03-06 18:31:17', 2),
('216.169.110.201', '2017-11-07 00:34:48', 1),
('216.244.66.203', '2018-05-26 01:58:41', 484),
('216.244.66.228', '2018-02-25 22:00:51', 2622),
('216.38.216.197', '2017-09-29 00:17:49', 2),
('216.66.114.217', '2018-03-03 02:12:22', 2),
('216.69.191.98', '2017-11-16 01:37:39', 6),
('217.110.93.106', '2018-05-03 02:47:57', 3),
('217.118.90.59', '2017-11-11 07:54:01', 4),
('217.144.193.48', '2018-01-16 15:03:43', 2),
('217.144.222.6', '2018-02-05 18:50:22', 2),
('217.146.176.204', '2018-06-08 16:22:08', 3),
('217.146.176.205', '2018-02-11 11:45:22', 3),
('217.147.169.237', '2018-02-09 14:45:11', 1),
('217.147.169.253', '2018-02-27 02:15:37', 1),
('217.151.98.55', '2018-03-09 17:49:37', 2),
('217.16.135.62', '2018-03-01 15:50:18', 2),
('217.160.152.24', '2017-09-17 13:17:43', 9),
('217.160.152.27', '2017-11-17 07:27:05', 11),
('217.160.152.4', '2017-09-17 13:17:43', 4),
('217.160.152.5', '2017-09-17 13:17:43', 4),
('217.160.90.161', '2017-12-14 04:34:53', 2),
('217.164.215.70', '2018-01-13 14:31:05', 2),
('217.165.15.33', '2018-02-22 06:27:04', 2),
('217.165.48.180', '2018-02-18 07:34:42', 2),
('217.17.222.183', '2018-02-23 08:58:53', 1),
('217.174.61.67', '2018-02-23 11:10:43', 2),
('217.182.132.14', '2017-10-29 11:11:09', 3),
('217.182.132.146', '2017-11-07 00:09:19', 2),
('217.182.132.147', '2017-10-26 14:45:03', 6),
('217.182.132.148', '2017-11-10 05:01:16', 2),
('217.182.132.150', '2017-10-31 11:44:50', 3),
('217.182.132.151', '2017-12-03 11:29:00', 2),
('217.182.132.152', '2017-12-05 20:57:14', 3),
('217.182.132.153', '2017-11-01 03:48:55', 3),
('217.182.132.154', '2017-10-23 19:39:37', 6),
('217.182.132.155', '2017-11-01 06:36:00', 5),
('217.182.132.156', '2017-10-30 22:43:06', 1),
('217.182.132.16', '2017-10-31 19:21:25', 2),
('217.182.132.17', '2017-10-23 22:45:27', 5),
('217.182.132.170', '2017-11-10 05:50:36', 5),
('217.182.132.171', '2017-10-25 07:11:39', 6),
('217.182.132.172', '2017-11-05 07:36:31', 1),
('217.182.132.173', '2017-12-12 22:39:34', 1),
('217.182.132.174', '2017-10-24 07:43:25', 3),
('217.182.132.175', '2017-11-01 14:20:12', 3),
('217.182.132.176', '2017-11-03 05:07:46', 5),
('217.182.132.177', '2017-10-25 08:47:11', 5),
('217.182.132.179', '2017-12-17 11:53:42', 1),
('217.182.132.18', '2017-10-31 12:14:47', 4),
('217.182.132.180', '2017-10-26 01:36:01', 2),
('217.182.132.182', '2017-11-01 14:34:00', 5),
('217.182.132.183', '2017-12-12 20:26:07', 1),
('217.182.132.184', '2017-11-04 07:50:37', 4),
('217.182.132.185', '2017-11-03 10:22:41', 3),
('217.182.132.187', '2017-11-04 07:55:25', 3),
('217.182.132.188', '2017-10-24 22:49:03', 5),
('217.182.132.19', '2017-11-04 21:21:23', 2),
('217.182.132.190', '2017-10-31 01:59:42', 2),
('217.182.132.192', '2018-02-04 12:57:07', 1),
('217.182.132.193', '2017-10-23 22:27:54', 6),
('217.182.132.20', '2017-10-31 11:42:57', 2),
('217.182.132.21', '2017-10-27 15:53:10', 2),
('217.182.132.22', '2017-10-26 15:39:49', 4),
('217.182.132.24', '2017-12-04 13:21:20', 4),
('217.182.132.240', '2017-10-24 06:37:16', 8),
('217.182.132.241', '2017-11-05 08:07:25', 4),
('217.182.132.25', '2017-11-11 12:29:16', 2),
('217.182.132.27', '2017-10-27 00:07:57', 2),
('217.182.132.28', '2017-10-27 06:59:10', 3),
('217.182.132.29', '2017-11-01 17:44:08', 3),
('217.182.132.30', '2017-10-20 21:40:28', 4),
('217.182.132.31', '2017-10-27 23:05:43', 3),
('217.182.132.32', '2017-10-24 15:46:50', 3),
('217.182.132.33', '2017-11-07 20:36:10', 4),
('217.182.132.34', '2017-11-02 05:55:14', 3),
('217.182.132.36', '2017-11-04 12:36:08', 2),
('217.182.132.37', '2017-11-08 23:28:04', 3),
('217.182.132.4', '2017-10-31 02:21:23', 3),
('217.182.132.5', '2017-10-19 22:15:37', 4),
('217.182.132.50', '2017-10-31 21:19:48', 3),
('217.182.132.51', '2017-10-31 12:26:46', 3),
('217.182.132.52', '2017-10-25 09:18:17', 3),
('217.182.132.53', '2017-10-31 11:08:28', 2),
('217.182.132.54', '2017-11-10 16:43:38', 2),
('217.182.132.55', '2017-12-12 20:35:20', 3),
('217.182.132.56', '2017-10-31 17:40:40', 2),
('217.182.132.57', '2017-12-07 07:10:03', 3),
('217.182.132.58', '2017-11-14 16:27:58', 1),
('217.182.132.59', '2017-12-06 09:50:16', 2),
('217.182.132.6', '2017-11-12 14:36:03', 3),
('217.182.132.60', '2017-11-10 16:13:39', 1),
('217.182.132.61', '2017-11-05 09:25:14', 3),
('217.182.132.62', '2017-10-26 16:04:47', 3),
('217.182.132.63', '2017-10-27 17:00:34', 4),
('217.182.132.64', '2017-10-30 19:30:46', 3),
('217.182.132.65', '2017-10-31 01:05:40', 3),
('217.182.132.66', '2017-11-04 22:31:58', 2),
('217.182.132.67', '2017-12-15 07:05:49', 1),
('217.182.132.69', '2018-02-02 16:49:35', 1),
('217.182.132.70', '2017-11-15 00:29:58', 2),
('217.182.132.71', '2018-02-01 20:10:43', 1),
('217.182.132.72', '2017-10-27 23:17:26', 1),
('217.182.132.73', '2017-12-16 00:55:22', 2),
('217.182.132.74', '2017-10-21 11:40:01', 2),
('217.182.132.76', '2017-10-24 14:37:10', 4),
('217.182.132.78', '2017-11-04 17:15:31', 6),
('217.182.132.80', '2017-10-29 07:20:26', 2),
('217.182.132.81', '2017-12-14 01:46:10', 3),
('217.182.132.83', '2017-10-22 21:49:51', 5),
('217.182.132.84', '2017-10-24 09:51:18', 1),
('217.182.132.85', '2017-11-29 06:44:12', 2),
('217.182.132.86', '2017-10-26 11:38:07', 4),
('217.182.132.88', '2017-11-07 19:04:34', 1),
('217.182.132.91', '2017-11-10 21:15:09', 3),
('217.182.132.92', '2017-11-01 20:02:34', 4),
('217.182.132.93', '2017-11-01 09:01:21', 3),
('217.182.132.94', '2017-11-05 06:22:29', 2),
('217.182.132.95', '2017-10-25 01:01:14', 4),
('217.182.132.96', '2017-11-17 18:21:18', 2),
('217.182.132.97', '2017-10-24 09:32:04', 9),
('217.182.192.80', '2018-03-12 04:15:48', 1),
('217.182.252.214', '2018-03-16 13:24:30', 1),
('217.182.72.200', '2017-10-07 03:45:33', 1),
('217.182.78.177', '2018-01-20 12:04:30', 2),
('217.196.141.101', '2018-02-03 18:22:52', 2),
('217.58.18.198', '2018-02-06 13:35:36', 2),
('217.64.142.14', '2018-05-12 10:49:53', 1),
('217.70.180.226', '2017-12-14 04:36:04', 1),
('217.96.188.103', '2018-03-12 00:00:46', 2),
('217.96.197.241', '2018-03-10 22:44:25', 2),
('217.99.119.229', '2018-03-05 13:55:24', 2),
('218.208.146.225', '2018-02-14 12:53:34', 2),
('218.221.175.178', '2018-02-28 13:03:24', 2),
('218.241.108.76', '2017-11-08 03:31:45', 2),
('218.41.253.182', '2018-01-21 14:29:27', 2),
('219.126.210.60', '2018-01-13 22:13:54', 2),
('220.144.55.144', '2018-02-21 14:49:51', 2),
('220.181.132.197', '2018-05-20 21:50:40', 1),
('220.240.148.175', '2018-02-23 13:43:28', 2),
('220.245.92.236', '2018-01-20 16:55:48', 2),
('220.85.85.146', '2018-03-02 09:10:23', 2),
('221.166.176.175', '2018-02-18 16:21:37', 2),
('221.218.234.202', '2018-03-07 10:33:06', 2),
('222.107.12.70', '2018-01-12 16:56:09', 2),
('222.127.139.44', '2018-03-09 06:26:09', 2),
('222.5.193.3', '2018-03-06 00:16:58', 2),
('222.8.176.249', '2018-02-07 14:21:46', 2),
('222.96.17.100', '2018-01-13 08:58:22', 2),
('223.204.84.142', '2018-02-01 08:56:35', 2),
('223.223.128.248', '2018-01-20 12:34:21', 2),
('223.227.35.95', '2017-12-03 12:00:55', 6),
('223.227.54.27', '2017-09-27 16:52:50', 1),
('223.229.147.30', '2018-01-13 06:43:33', 2),
('223.237.161.159', '2017-10-16 05:35:09', 4),
('223.237.255.83', '2017-11-08 02:11:57', 1),
('223.24.65.16', '2018-02-28 04:55:27', 2),
('223.25.8.50', '2018-01-31 18:15:39', 2),
('23.120.0.204', '2018-05-24 18:00:08', 2),
('23.121.19.29', '2018-02-23 10:46:47', 2),
('23.129.64.103', '2018-03-10 22:17:00', 1),
('23.237.4.26', '2018-06-01 12:57:17', 217),
('23.238.162.11', '2018-03-30 08:55:43', 2),
('23.245.73.144', '2018-05-26 15:26:13', 1),
('23.254.209.189', '2018-06-02 10:43:48', 2),
('23.94.239.247', '2017-12-22 04:15:54', 1),
('23.94.243.21', '2018-02-01 12:34:06', 1),
('23.96.179.202', '2017-12-26 17:36:10', 1),
('23.96.208.137', '2017-09-17 08:48:29', 59),
('24.138.31.48', '2018-02-17 15:00:17', 2),
('24.147.9.235', '2018-03-07 07:20:54', 2),
('24.172.204.116', '2018-03-06 19:28:08', 2),
('24.184.157.8', '2018-02-07 06:18:11', 2),
('24.193.106.121', '2018-02-06 05:17:07', 2),
('24.200.103.67', '2018-01-27 13:50:47', 2),
('24.216.158.80', '2018-01-10 22:11:21', 2),
('24.224.221.164', '2018-01-14 05:51:11', 2),
('24.23.58.162', '2018-01-12 06:55:07', 2),
('24.243.55.141', '2018-02-14 12:12:32', 2),
('24.76.233.113', '2018-02-06 01:31:47', 2),
('24.79.136.67', '2018-05-10 09:04:39', 2),
('27.114.171.20', '2018-02-07 18:26:09', 2),
('27.125.169.126', '2018-02-11 14:37:53', 2),
('27.131.15.249', '2018-01-29 12:41:04', 2),
('27.147.204.157', '2018-02-18 11:04:43', 2),
('27.147.247.50', '2018-02-20 08:29:25', 2),
('27.147.28.16', '2018-02-23 06:13:59', 2),
('27.18.251.193', '2018-02-21 16:25:55', 2),
('27.32.133.158', '2018-02-10 12:26:14', 2),
('27.34.104.52', '2018-02-18 13:38:29', 2),
('27.34.104.61', '2018-02-06 09:29:16', 2),
('27.34.16.45', '2018-02-26 15:41:51', 2),
('27.34.20.231', '2018-01-27 16:53:48', 2),
('27.5.155.191', '2018-02-21 02:38:19', 2),
('27.5.28.246', '2018-01-13 09:14:00', 2),
('27.6.153.144', '2018-01-22 09:49:17', 2),
('27.6.16.87', '2018-03-11 11:35:52', 1),
('27.74.252.81', '2018-01-22 07:01:48', 2),
('31.11.117.217', '2018-02-25 22:56:14', 2),
('31.13.105.114', '2017-11-07 11:31:52', 1),
('31.13.105.115', '2018-02-26 07:25:50', 1),
('31.13.105.116', '2018-01-18 06:37:22', 2),
('31.13.105.117', '2018-04-09 16:43:37', 1),
('31.13.105.119', '2018-02-04 19:24:47', 1),
('31.13.106.116', '2017-10-05 03:13:04', 2),
('31.13.106.117', '2017-12-14 04:40:19', 1),
('31.13.106.121', '2017-11-20 08:43:00', 2),
('31.13.110.100', '2017-11-11 13:15:52', 1),
('31.13.110.101', '2017-12-14 04:40:18', 1),
('31.13.110.106', '2017-12-17 06:33:27', 1),
('31.13.110.109', '2017-11-11 13:15:59', 1),
('31.13.110.120', '2017-11-19 16:14:24', 1),
('31.13.110.123', '2017-11-19 17:01:52', 1),
('31.13.110.124', '2017-11-19 16:14:25', 1),
('31.13.110.99', '2018-01-02 12:14:40', 1),
('31.13.111.84', '2018-03-12 09:49:27', 1),
('31.13.112.141', '2018-02-27 08:37:03', 2),
('31.13.112.144', '2018-04-09 16:43:38', 1),
('31.13.112.151', '2018-03-12 09:49:28', 1),
('31.13.112.153', '2018-04-05 06:42:58', 1),
('31.13.113.116', '2017-11-05 16:37:14', 3),
('31.13.113.117', '2018-01-28 08:42:33', 2),
('31.13.113.118', '2017-11-08 12:22:37', 1),
('31.13.113.129', '2018-02-26 07:22:50', 1),
('31.13.113.132', '2018-02-04 19:21:57', 1),
('31.13.113.135', '2017-10-29 15:10:38', 2),
('31.13.113.16', '2017-11-08 12:23:57', 3),
('31.13.113.169', '2018-04-05 12:13:10', 1),
('31.13.113.170', '2018-01-02 12:14:51', 1),
('31.13.113.171', '2018-01-28 19:15:55', 1),
('31.13.113.172', '2017-10-29 15:10:38', 2),
('31.13.113.178', '2017-12-13 12:38:08', 1),
('31.13.113.181', '2017-11-24 07:07:29', 1),
('31.13.113.183', '2017-11-25 08:54:01', 1),
('31.13.113.184', '2017-12-17 06:17:14', 1),
('31.13.113.185', '2018-04-09 09:51:21', 1),
('31.13.113.187', '2018-01-28 08:42:32', 2),
('31.13.113.188', '2017-11-19 16:52:31', 3),
('31.13.113.191', '2018-03-26 06:45:47', 1),
('31.13.113.192', '2017-09-27 07:32:13', 2),
('31.13.113.193', '2017-09-27 07:32:13', 3),
('31.13.113.194', '2017-10-12 06:54:36', 3),
('31.13.113.195', '2017-09-17 08:48:08', 1),
('31.13.113.196', '2018-02-11 22:02:53', 2),
('31.13.113.197', '2017-10-01 11:58:08', 3),
('31.13.113.198', '2017-10-21 07:19:13', 2),
('31.13.113.199', '2018-01-02 12:14:51', 1),
('31.13.113.22', '2017-11-05 16:37:14', 2),
('31.13.113.23', '2017-12-17 06:14:34', 2),
('31.13.113.64', '2017-10-21 07:19:07', 2),
('31.13.113.65', '2017-11-11 13:15:59', 1),
('31.13.113.67', '2017-09-20 09:54:21', 4),
('31.13.113.68', '2017-10-01 11:57:35', 2),
('31.13.113.69', '2017-10-21 07:09:09', 2),
('31.13.113.70', '2017-12-17 06:14:25', 3),
('31.13.113.71', '2017-09-27 11:27:04', 2),
('31.13.113.76', '2017-09-17 08:35:09', 1),
('31.13.113.77', '2017-10-05 03:13:19', 2),
('31.13.113.79', '2017-09-17 08:48:00', 5),
('31.13.113.80', '2017-10-01 11:56:54', 2),
('31.13.113.81', '2018-02-04 18:48:34', 1),
('31.13.113.83', '2017-10-26 05:24:20', 3),
('31.13.113.84', '2017-09-17 08:52:45', 6),
('31.13.113.85', '2017-09-17 08:37:03', 3),
('31.13.113.86', '2017-12-14 04:44:43', 1),
('31.13.113.87', '2018-01-14 17:52:41', 1),
('31.13.113.89', '2017-09-17 08:45:28', 3),
('31.13.113.90', '2017-09-27 12:03:58', 1),
('31.13.113.92', '2017-10-26 05:25:09', 2),
('31.13.113.93', '2017-09-27 07:31:47', 1),
('31.13.113.94', '2017-09-17 08:24:26', 1),
('31.13.114.11', '2017-09-17 08:52:55', 3),
('31.13.114.112', '2017-12-26 17:36:00', 2),
('31.13.114.114', '2018-02-27 08:37:02', 1),
('31.13.114.115', '2017-11-23 17:40:40', 2),
('31.13.114.116', '2017-11-19 16:14:16', 2),
('31.13.114.118', '2018-01-21 09:37:50', 2),
('31.13.114.119', '2018-04-09 16:43:24', 1),
('31.13.114.12', '2017-11-23 17:40:39', 1),
('31.13.114.144', '2018-04-05 06:43:17', 1),
('31.13.114.145', '2017-10-12 06:54:25', 2),
('31.13.114.146', '2018-01-21 09:37:50', 2),
('31.13.114.147', '2017-11-24 07:07:13', 2),
('31.13.114.148', '2018-01-18 06:37:05', 1),
('31.13.114.150', '2018-06-08 16:18:55', 1),
('31.13.114.151', '2018-02-04 20:26:37', 1),
('31.13.114.208', '2018-02-04 18:42:49', 1),
('31.13.114.209', '2018-04-03 14:33:53', 1),
('31.13.114.212', '2018-02-11 22:02:23', 1),
('31.13.114.214', '2018-02-04 18:58:25', 1),
('31.13.114.251', '2018-06-08 16:16:23', 1),
('31.13.114.48', '2017-11-07 11:31:46', 1),
('31.13.114.49', '2017-11-08 12:19:36', 1),
('31.13.114.5', '2017-10-03 07:22:51', 1),
('31.13.114.50', '2017-09-17 08:59:01', 3),
('31.13.114.51', '2017-09-17 08:52:55', 4),
('31.13.114.52', '2017-10-01 11:57:46', 4),
('31.13.114.53', '2017-10-21 07:09:31', 1),
('31.13.114.54', '2017-10-05 03:13:04', 3),
('31.13.114.55', '2017-09-17 08:48:08', 2),
('31.13.114.6', '2018-02-04 19:21:41', 1),
('31.13.114.64', '2017-09-18 15:37:51', 3),
('31.13.114.65', '2017-11-08 12:24:10', 1),
('31.13.114.66', '2017-11-13 15:08:48', 1),
('31.13.114.68', '2018-04-05 12:16:31', 1),
('31.13.114.69', '2018-01-18 06:37:22', 1),
('31.13.114.70', '2018-02-18 16:06:43', 1),
('31.13.114.71', '2017-12-17 06:17:18', 3),
('31.13.114.72', '2018-01-29 14:33:52', 1),
('31.13.114.73', '2018-01-28 19:15:38', 1),
('31.13.114.75', '2017-10-20 08:30:57', 3),
('31.13.114.77', '2017-11-21 13:02:38', 2),
('31.13.114.78', '2018-01-29 14:33:28', 1),
('31.13.114.79', '2018-03-25 18:23:42', 1),
('31.13.114.80', '2018-04-09 09:51:21', 1),
('31.13.114.82', '2018-01-21 09:37:55', 1),
('31.13.114.83', '2017-11-08 12:38:35', 2),
('31.13.115.19', '2018-04-09 09:31:18', 1),
('31.13.125.198', '2018-04-28 19:55:37', 1),
('31.13.125.208', '2018-04-28 19:58:05', 1),
('31.135.195.205', '2018-02-12 00:49:45', 2),
('31.146.240.117', '2018-03-02 20:08:31', 2),
('31.167.43.12', '2018-04-05 05:22:02', 1),
('31.168.211.50', '2018-01-30 19:44:33', 2),
('31.17.252.105', '2017-12-09 11:41:39', 1),
('31.171.249.58', '2018-04-24 01:14:56', 1),
('31.172.81.35', '2017-11-01 12:22:24', 1),
('31.180.46.91', '2018-03-24 13:24:31', 1),
('31.183.220.5', '2018-01-18 13:09:17', 2),
('31.215.165.29', '2018-02-05 03:11:31', 2),
('31.215.173.246', '2018-02-11 00:10:18', 2),
('31.218.2.215', '2017-10-05 20:14:14', 1),
('31.223.148.62', '2018-01-15 17:53:35', 2),
('31.223.156.139', '2018-02-06 08:57:37', 2),
('31.223.36.201', '2018-02-15 18:12:08', 2),
('31.28.161.19', '2018-05-25 14:05:03', 2),
('31.5.216.186', '2018-03-03 16:57:45', 2),
('31.50.244.180', '2018-03-10 02:03:52', 2),
('31.51.58.29', '2018-02-08 12:17:07', 2),
('34.201.110.213', '2017-12-03 09:03:07', 2),
('34.201.164.212', '2018-02-06 05:13:49', 2),
('34.201.165.55', '2018-04-02 13:53:46', 1),
('34.201.217.5', '2017-11-25 09:09:59', 1),
('34.201.61.140', '2017-12-03 08:56:51', 1),
('34.202.158.234', '2018-03-14 19:45:51', 1),
('34.203.221.191', '2018-02-15 21:53:49', 2),
('34.203.38.103', '2018-02-23 00:04:37', 217),
('34.205.25.156', '2018-02-18 23:35:28', 2),
('34.207.117.47', '2018-04-29 03:52:06', 7),
('34.207.155.125', '2018-03-07 08:30:31', 1),
('34.207.64.3', '2018-04-06 03:07:42', 2),
('34.207.83.192', '2018-04-01 03:14:44', 2),
('34.207.98.73', '2017-09-20 12:30:38', 374),
('34.209.217.44', '2018-04-25 19:03:36', 9),
('34.210.38.59', '2017-10-24 22:55:49', 15),
('34.211.110.153', '2018-03-30 18:01:09', 1),
('34.211.170.204', '2018-03-06 00:48:17', 1),
('34.211.45.228', '2017-11-08 01:46:24', 1),
('34.211.85.219', '2018-05-16 16:59:10', 1),
('34.214.138.237', '2018-04-06 09:43:15', 1),
('34.214.244.15', '2017-11-09 11:30:57', 6),
('34.215.226.194', '2017-12-17 07:02:11', 1),
('34.217.119.247', '2018-03-21 11:29:15', 1),
('34.224.102.21', '2017-11-17 07:14:22', 2),
('34.224.58.69', '2018-04-02 13:53:45', 24),
('34.224.97.40', '2018-04-29 10:15:49', 3),
('34.228.227.225', '2018-03-05 17:25:53', 1),
('34.229.235.172', '2017-11-07 03:02:34', 1),
('34.229.255.227', '2018-04-06 00:20:46', 2),
('34.230.218.83', '2017-10-24 23:17:17', 1),
('34.232.52.190', '2018-03-09 23:08:27', 1),
('34.232.69.228', '2018-01-18 00:07:30', 42),
('34.232.70.53', '2018-06-07 18:51:01', 4),
('34.235.156.190', '2018-03-19 14:18:34', 1),
('34.239.194.1', '2018-02-05 00:11:20', 1),
('34.239.207.48', '2018-01-30 05:28:55', 2),
('34.239.249.78', '2018-06-04 21:53:10', 433),
('34.239.254.135', '2017-11-21 12:36:10', 1),
('34.240.195.194', '2018-01-02 18:20:39', 9),
('34.242.34.1', '2018-01-25 03:58:22', 1),
('34.243.135.69', '2018-04-09 16:10:37', 1),
('34.244.232.118', '2018-03-23 05:27:43', 1),
('34.245.61.180', '2018-04-05 12:16:37', 2),
('34.253.158.166', '2017-12-03 09:46:01', 1),
('35.153.18.154', '2018-03-14 04:17:18', 1),
('35.153.98.185', '2018-03-09 22:44:57', 2),
('35.161.55.221', '2018-01-06 13:07:23', 3),
('35.162.70.167', '2017-10-27 02:15:06', 18),
('35.163.240.30', '2018-03-22 13:55:42', 7),
('35.164.83.32', '2018-03-10 06:38:05', 1),
('35.168.3.140', '2018-03-16 01:39:31', 5),
('35.168.8.220', '2018-03-09 23:01:30', 2),
('35.172.201.86', '2018-04-02 13:53:44', 2),
('35.173.138.8', '2018-03-12 12:32:46', 1),
('35.173.179.144', '2018-03-05 14:54:43', 1),
('35.173.240.130', '2018-03-12 10:18:28', 2),
('35.176.191.139', '2017-11-24 07:28:07', 4),
('35.177.30.112', '2017-10-21 07:44:58', 4),
('35.177.64.5', '2017-12-03 20:08:13', 2),
('35.187.132.8', '2017-11-11 04:11:06', 1),
('35.187.94.176', '2018-05-03 15:48:40', 2),
('35.188.183.16', '2017-10-05 03:14:32', 4),
('35.192.107.155', '2017-12-03 09:48:12', 2),
('35.192.88.231', '2018-01-29 14:36:35', 3),
('35.193.153.123', '2018-01-06 03:00:17', 2),
('35.194.1.1', '2018-03-10 22:21:18', 1),
('35.196.22.228', '2018-04-12 15:14:11', 8),
('35.196.247.60', '2018-04-12 18:44:13', 8),
('35.196.53.246', '2018-04-12 20:22:14', 8),
('35.205.185.152', '2018-04-10 12:13:08', 1),
('35.205.241.207', '2018-03-01 16:40:48', 1),
('35.205.63.128', '2018-02-28 17:05:20', 1),
('35.205.88.123', '2018-03-08 16:36:54', 8),
('35.225.202.65', '2018-04-05 06:44:36', 2),
('36.69.96.48', '2018-02-02 12:37:24', 2),
('36.72.33.122', '2018-03-03 11:31:25', 2),
('36.74.192.173', '2018-03-09 22:51:20', 2),
('36.74.21.47', '2018-01-13 06:29:56', 2),
('36.74.55.217', '2018-02-04 12:44:26', 2),
('36.78.131.65', '2018-02-14 11:42:19', 2),
('36.78.60.137', '2018-02-05 03:18:15', 2),
('36.79.146.64', '2018-01-20 04:14:53', 2),
('36.82.206.119', '2018-02-07 00:46:31', 2),
('36.84.36.42', '2018-02-05 05:07:48', 2),
('36.84.64.105', '2018-03-10 11:38:20', 2),
('37.106.196.154', '2018-02-03 20:26:10', 2),
('37.106.83.103', '2017-09-25 09:44:24', 1),
('37.11.6.204', '2018-01-25 13:39:55', 2),
('37.113.26.77', '2018-01-27 06:06:23', 2),
('37.119.240.108', '2018-02-26 13:39:39', 2),
('37.133.166.223', '2018-02-03 08:47:31', 2),
('37.144.46.130', '2017-12-13 21:13:18', 1),
('37.145.30.147', '2017-12-06 19:45:55', 1),
('37.157.219.77', '2018-02-21 19:09:46', 2),
('37.168.161.15', '2017-11-17 08:15:25', 1),
('37.168.24.84', '2017-12-27 02:06:40', 1),
('37.168.30.180', '2018-02-26 15:39:25', 1),
('37.168.96.189', '2017-12-03 11:25:53', 1),
('37.169.210.84', '2017-10-06 10:51:23', 1),
('37.169.222.88', '2017-12-17 20:31:24', 1),
('37.169.37.250', '2017-10-12 12:32:11', 1),
('37.17.172.122', '2018-02-24 07:32:24', 30),
('37.170.107.99', '2018-03-05 21:39:37', 1),
('37.170.160.106', '2017-11-08 19:56:48', 1),
('37.171.111.25', '2018-02-27 16:40:46', 2),
('37.171.223.200', '2018-02-28 14:46:49', 1),
('37.171.233.149', '2018-02-25 20:36:02', 1),
('37.171.24.159', '2018-02-26 21:23:17', 1),
('37.171.52.48', '2017-12-18 12:13:39', 1),
('37.172.139.155', '2017-10-23 11:55:53', 1),
('37.172.168.170', '2017-11-24 14:56:30', 1),
('37.172.196.206', '2017-11-12 16:53:00', 1),
('37.172.206.102', '2017-11-14 07:23:52', 1),
('37.172.31.47', '2018-01-20 11:00:47', 1),
('37.172.52.122', '2017-11-20 17:09:50', 1),
('37.172.8.119', '2018-01-15 10:32:27', 2),
('37.173.159.123', '2018-03-01 14:40:39', 1),
('37.177.65.91', '2018-04-30 17:28:17', 2),
('37.187.129.104', '2017-09-27 07:32:31', 26),
('37.187.162.126', '2017-11-17 08:24:30', 2),
('37.187.162.178', '2017-11-17 08:46:07', 2),
('37.187.162.184', '2018-01-14 17:53:04', 1),
('37.187.162.192', '2018-01-10 15:59:39', 2),
('37.200.250.61', '2018-02-06 21:02:33', 2),
('37.201.214.79', '2018-02-07 14:48:31', 2),
('37.210.102.165', '2018-03-10 19:20:28', 2),
('37.210.40.82', '2018-02-05 18:31:24', 2),
('37.211.102.231', '2018-01-23 10:51:42', 2),
('37.211.91.0', '2018-02-28 07:53:27', 2),
('37.215.151.234', '2018-01-28 23:34:47', 7),
('37.215.182.219', '2018-02-06 15:38:10', 7),
('37.220.35.202', '2017-10-02 14:36:23', 1),
('37.220.66.131', '2018-02-22 12:17:22', 2),
('37.228.230.101', '2018-03-08 19:40:30', 2),
('37.228.251.63', '2018-03-01 17:00:42', 2),
('37.231.219.239', '2018-02-20 18:36:39', 2),
('37.232.23.57', '2018-03-03 17:27:36', 2),
('37.244.249.144', '2018-02-06 16:08:23', 2),
('37.252.14.101', '2018-03-03 01:13:20', 1),
('37.26.86.30', '2018-01-29 21:14:22', 2),
('37.28.155.124', '2018-02-01 03:23:34', 1),
('37.4.252.52', '2018-03-06 21:16:03', 2),
('37.47.0.11', '2018-01-19 16:09:05', 2),
('37.47.204.188', '2018-01-26 22:32:19', 2),
('37.56.75.85', '2018-03-02 15:15:06', 2),
('37.57.218.243', '2018-03-19 05:31:16', 5),
('37.57.81.28', '2018-02-08 10:27:34', 2),
('37.59.67.61', '2017-11-24 06:59:06', 1),
('37.6.172.47', '2018-02-22 15:33:57', 2),
('37.6.2.246', '2018-01-26 06:45:36', 2),
('37.78.169.151', '2017-09-26 13:20:09', 1),
('37.8.111.186', '2018-01-15 12:08:32', 2),
('37.99.122.78', '2018-03-23 09:22:56', 1),
('38.100.21.63', '2017-09-19 12:36:42', 7),
('38.100.21.64', '2017-12-21 06:49:22', 4),
('38.100.21.65', '2017-11-18 13:27:58', 9),
('38.100.21.68', '2017-10-19 15:39:13', 7),
('38.131.189.73', '2018-02-04 02:59:30', 2),
('38.80.23.147', '2018-01-22 08:31:15', 1),
('38.80.23.221', '2017-10-09 19:32:27', 1),
('38.80.27.235', '2018-01-22 08:31:32', 1),
('38.99.62.93', '2018-03-01 15:35:53', 1),
('39.115.75.201', '2018-02-15 03:07:31', 2),
('39.36.81.85', '2018-03-05 21:40:41', 2),
('39.37.135.238', '2018-01-28 14:42:42', 2),
('39.37.153.42', '2018-01-29 19:50:56', 2),
('39.40.113.6', '2018-01-29 18:21:02', 2),
('39.42.103.147', '2018-02-17 10:31:46', 2),
('39.42.39.241', '2018-02-04 09:07:18', 2),
('39.43.180.111', '2018-02-22 06:11:21', 2),
('39.43.230.34', '2018-02-26 23:11:56', 2),
('39.44.218.29', '2018-02-20 18:55:19', 2),
('39.44.42.49', '2018-02-20 09:35:00', 2),
('39.46.191.180', '2018-01-11 09:52:17', 2),
('39.46.82.151', '2018-03-10 04:48:02', 2),
('39.47.121.111', '2018-02-12 05:23:37', 2),
('39.50.129.95', '2018-02-16 07:19:36', 2),
('39.51.162.210', '2018-01-23 18:54:43', 2),
('39.51.211.240', '2018-01-28 11:39:10', 2),
('39.51.44.114', '2018-01-12 05:51:44', 2),
('39.53.171.80', '2018-01-14 14:51:36', 2),
('39.53.176.227', '2018-03-10 04:35:32', 2),
('39.55.212.250', '2018-01-28 15:52:10', 2),
('39.60.205.142', '2018-02-20 11:21:18', 2),
('39.60.243.130', '2018-02-23 06:01:12', 2),
('40.117.40.135', '2018-01-10 16:20:53', 2),
('40.77.167.1', '2017-12-21 12:51:31', 3),
('40.77.167.10', '2018-02-22 01:51:29', 1),
('40.77.167.101', '2017-11-27 19:19:03', 3),
('40.77.167.102', '2018-06-03 17:53:09', 1),
('40.77.167.103', '2018-02-12 14:21:13', 2),
('40.77.167.105', '2018-02-08 07:02:40', 1),
('40.77.167.106', '2017-10-14 21:24:45', 4),
('40.77.167.108', '2018-05-16 03:20:16', 2),
('40.77.167.11', '2018-04-01 15:11:31', 1),
('40.77.167.111', '2017-11-14 20:31:11', 1),
('40.77.167.112', '2018-05-20 04:31:10', 3),
('40.77.167.115', '2018-04-17 08:49:14', 2),
('40.77.167.116', '2018-04-12 00:55:07', 3),
('40.77.167.117', '2017-10-15 10:18:37', 4),
('40.77.167.118', '2017-12-19 09:57:30', 5),
('40.77.167.119', '2018-04-07 03:44:20', 1),
('40.77.167.121', '2018-01-21 21:18:35', 43),
('40.77.167.122', '2017-11-29 01:03:31', 1),
('40.77.167.124', '2017-11-19 09:34:22', 1),
('40.77.167.125', '2018-02-06 09:11:43', 2),
('40.77.167.126', '2017-10-29 08:10:27', 2),
('40.77.167.127', '2018-04-20 15:19:51', 1),
('40.77.167.128', '2017-10-27 10:20:51', 5),
('40.77.167.129', '2018-01-07 01:18:33', 2),
('40.77.167.130', '2017-11-28 02:38:47', 2),
('40.77.167.131', '2017-12-11 04:11:37', 3),
('40.77.167.132', '2017-12-12 09:48:47', 2),
('40.77.167.133', '2018-05-23 15:34:34', 2),
('40.77.167.134', '2017-10-14 14:42:52', 2),
('40.77.167.135', '2018-04-17 16:27:16', 1),
('40.77.167.136', '2017-11-18 20:38:16', 2),
('40.77.167.137', '2018-02-05 05:43:56', 3),
('40.77.167.138', '2017-10-15 02:41:29', 1),
('40.77.167.141', '2018-01-18 10:47:57', 2),
('40.77.167.149', '2018-04-19 18:50:01', 1),
('40.77.167.15', '2018-01-06 04:24:30', 1),
('40.77.167.151', '2018-02-07 14:32:58', 1),
('40.77.167.16', '2017-12-23 15:25:18', 1),
('40.77.167.168', '2018-02-06 21:44:08', 3),
('40.77.167.169', '2018-05-17 01:08:01', 1),
('40.77.167.17', '2018-02-12 08:16:46', 3),
('40.77.167.170', '2017-12-18 16:23:16', 2),
('40.77.167.172', '2018-03-25 19:59:35', 1),
('40.77.167.174', '2018-02-09 16:20:34', 3),
('40.77.167.176', '2018-03-24 15:15:47', 3),
('40.77.167.177', '2018-06-07 22:03:41', 1),
('40.77.167.178', '2018-02-08 05:08:01', 5),
('40.77.167.179', '2017-12-10 10:37:30', 40),
('40.77.167.18', '2017-10-27 01:01:02', 14),
('40.77.167.181', '2018-02-18 14:39:06', 2),
('40.77.167.183', '2017-11-30 22:34:15', 1),
('40.77.167.185', '2018-04-07 00:58:23', 1),
('40.77.167.188', '2018-05-11 12:32:09', 1),
('40.77.167.189', '2018-05-18 08:39:42', 4),
('40.77.167.190', '2018-06-10 01:00:34', 1),
('40.77.167.192', '2018-05-13 08:43:10', 3),
('40.77.167.194', '2017-12-19 08:27:52', 38),
('40.77.167.196', '2017-12-31 08:59:18', 11),
('40.77.167.197', '2018-04-19 08:47:24', 1),
('40.77.167.2', '2017-10-15 08:49:12', 19),
('40.77.167.20', '2018-04-11 16:05:09', 2),
('40.77.167.206', '2018-05-11 22:44:09', 5),
('40.77.167.208', '2018-05-16 09:45:14', 1),
('40.77.167.22', '2018-03-20 00:12:27', 1),
('40.77.167.23', '2018-03-14 05:24:40', 1),
('40.77.167.27', '2017-12-31 05:06:32', 85),
('40.77.167.3', '2017-11-24 15:07:32', 4),
('40.77.167.30', '2018-03-25 02:54:14', 1),
('40.77.167.31', '2017-10-31 20:19:34', 4),
('40.77.167.32', '2017-12-25 20:52:49', 1);
INSERT INTO `visitors` (`ip`, `last_visite`, `view_page`) VALUES
('40.77.167.33', '2018-05-29 14:51:53', 2),
('40.77.167.34', '2017-10-30 06:19:30', 4),
('40.77.167.35', '2018-04-02 01:17:30', 3),
('40.77.167.36', '2017-11-02 14:11:24', 4),
('40.77.167.39', '2017-12-26 16:59:58', 3),
('40.77.167.40', '2017-10-20 21:52:28', 2),
('40.77.167.43', '2018-06-02 18:20:50', 1),
('40.77.167.44', '2017-12-14 03:24:27', 9),
('40.77.167.49', '2018-02-07 00:00:55', 1),
('40.77.167.5', '2018-04-16 06:53:47', 1),
('40.77.167.50', '2018-01-28 16:39:43', 6),
('40.77.167.51', '2017-12-06 20:35:19', 40),
('40.77.167.52', '2018-01-28 06:28:53', 2),
('40.77.167.53', '2017-10-09 10:22:48', 1),
('40.77.167.58', '2018-06-04 21:24:19', 2),
('40.77.167.6', '2017-10-25 20:01:23', 6),
('40.77.167.60', '2017-11-23 16:08:51', 4),
('40.77.167.61', '2018-06-02 09:21:56', 1),
('40.77.167.62', '2017-11-13 06:20:00', 2),
('40.77.167.63', '2018-02-10 18:33:01', 2),
('40.77.167.64', '2017-11-20 17:18:28', 1),
('40.77.167.65', '2018-04-26 04:42:42', 1),
('40.77.167.66', '2017-11-26 04:55:34', 2),
('40.77.167.67', '2018-01-01 11:29:04', 1),
('40.77.167.68', '2017-10-14 14:40:00', 6),
('40.77.167.69', '2018-06-06 15:02:29', 1),
('40.77.167.72', '2018-05-17 23:42:17', 4),
('40.77.167.74', '2017-10-15 01:11:52', 1),
('40.77.167.75', '2017-10-19 17:19:26', 11),
('40.77.167.76', '2018-03-24 17:17:53', 4),
('40.77.167.79', '2017-10-20 07:43:39', 49),
('40.77.167.8', '2018-03-17 03:30:14', 2),
('40.77.167.80', '2018-05-21 11:45:47', 1),
('40.77.167.82', '2017-10-09 03:41:54', 2),
('40.77.167.88', '2018-03-18 19:10:36', 1),
('40.77.167.89', '2017-12-08 04:59:17', 3),
('40.77.167.95', '2017-12-19 18:15:28', 4),
('40.77.167.99', '2017-11-03 01:47:42', 4),
('40.77.169.27', '2018-05-01 09:09:37', 1),
('40.87.57.66', '2018-01-10 16:21:26', 1),
('41.100.57.39', '2018-02-16 20:13:53', 2),
('41.101.114.67', '2018-02-27 21:19:13', 1),
('41.101.40.167', '2018-02-23 22:07:37', 2),
('41.101.73.140', '2018-04-07 14:31:42', 2),
('41.102.70.1', '2018-01-12 11:12:07', 2),
('41.102.72.88', '2018-01-13 16:16:48', 2),
('41.104.242.156', '2018-02-19 07:39:28', 2),
('41.104.25.103', '2018-01-29 02:37:23', 2),
('41.105.10.134', '2018-02-04 13:39:34', 2),
('41.105.85.119', '2018-02-22 11:21:04', 2),
('41.107.0.95', '2018-02-07 17:10:57', 2),
('41.107.144.192', '2018-02-02 22:30:47', 2),
('41.107.167.47', '2018-01-28 15:13:09', 2),
('41.107.27.85', '2018-05-26 04:37:02', 2),
('41.108.14.29', '2018-04-25 09:11:59', 3),
('41.108.70.178', '2018-02-12 01:32:23', 2),
('41.108.84.159', '2018-04-25 17:04:59', 1),
('41.109.165.39', '2018-04-24 06:56:54', 1),
('41.109.191.83', '2018-02-22 17:46:17', 2),
('41.109.228.3', '2018-02-28 18:26:19', 1),
('41.111.19.201', '2018-01-16 16:56:29', 2),
('41.111.40.183', '2018-02-01 17:18:18', 2),
('41.111.63.168', '2018-01-31 22:02:11', 2),
('41.111.8.201', '2018-01-02 06:01:11', 2),
('41.136.241.24', '2018-03-05 15:24:33', 2),
('41.138.102.113', '2018-01-27 11:59:52', 3),
('41.138.116.135', '2018-06-07 09:36:00', 1),
('41.138.88.3', '2018-04-20 14:05:37', 2),
('41.140.110.73', '2018-02-03 20:07:13', 2),
('41.140.167.152', '2018-02-15 10:00:33', 2),
('41.141.100.122', '2018-04-10 21:53:00', 1),
('41.141.79.176', '2018-01-30 14:43:12', 2),
('41.142.116.79', '2018-04-14 09:52:30', 2),
('41.142.254.171', '2018-03-05 11:37:56', 2),
('41.143.196.54', '2018-02-19 01:12:23', 2),
('41.143.251.56', '2018-04-05 11:39:33', 2),
('41.158.208.205', '2018-05-09 11:43:34', 1),
('41.159.138.185', '2018-02-03 19:01:36', 2),
('41.182.160.76', '2018-01-21 09:10:56', 2),
('41.188.114.161', '2018-05-13 19:37:44', 1),
('41.188.121.252', '2018-01-30 15:07:05', 2),
('41.188.69.245', '2018-02-18 17:24:27', 1),
('41.188.90.64', '2018-02-26 21:16:54', 2),
('41.189.54.216', '2018-02-23 14:24:00', 2),
('41.193.90.130', '2018-03-12 12:32:56', 3),
('41.200.121.73', '2018-02-19 20:32:54', 1),
('41.200.155.132', '2018-02-04 21:18:34', 2),
('41.202.207.1', '2017-09-18 07:07:45', 35),
('41.202.207.10', '2017-09-18 09:51:59', 40),
('41.202.207.11', '2017-09-17 17:50:03', 5),
('41.202.207.12', '2017-09-17 14:47:12', 12),
('41.202.207.128', '2017-10-01 07:04:38', 273),
('41.202.207.129', '2017-09-30 18:08:56', 203),
('41.202.207.13', '2017-09-17 12:12:31', 85),
('41.202.207.130', '2017-09-30 16:12:46', 216),
('41.202.207.131', '2017-09-29 20:00:54', 305),
('41.202.207.136', '2017-10-05 19:04:52', 1),
('41.202.207.137', '2018-01-19 11:57:27', 1),
('41.202.207.14', '2017-09-21 02:41:40', 14),
('41.202.207.140', '2017-11-08 12:47:03', 1),
('41.202.207.141', '2017-10-05 19:12:15', 7),
('41.202.207.142', '2017-12-24 23:55:26', 7),
('41.202.207.143', '2017-11-24 11:40:02', 3),
('41.202.207.15', '2017-09-17 13:10:50', 17),
('41.202.207.155', '2017-11-14 13:23:26', 1),
('41.202.207.16', '2017-09-17 08:52:32', 27),
('41.202.207.2', '2017-09-15 21:47:55', 34),
('41.202.207.3', '2017-09-17 14:11:39', 54),
('41.202.207.4', '2017-09-17 12:30:03', 52),
('41.202.207.5', '2017-09-17 07:20:37', 92),
('41.202.207.6', '2017-09-18 08:53:15', 8),
('41.202.207.7', '2017-09-17 13:20:13', 24),
('41.202.207.8', '2017-09-17 06:23:57', 9),
('41.202.207.9', '2017-09-16 17:25:45', 45),
('41.202.219.176', '2017-09-18 20:31:07', 2),
('41.202.219.180', '2017-09-21 16:30:10', 2),
('41.202.219.183', '2017-09-20 14:03:33', 13),
('41.202.219.187', '2017-09-21 06:36:57', 3),
('41.202.219.189', '2017-09-22 04:16:00', 1),
('41.202.219.224', '2017-11-07 20:17:08', 247),
('41.202.219.225', '2017-11-05 12:49:21', 172),
('41.202.219.226', '2017-10-20 18:19:28', 189),
('41.202.219.227', '2017-11-06 21:59:00', 283),
('41.202.219.245', '2017-11-13 18:45:52', 2),
('41.202.219.246', '2018-02-27 19:52:03', 1),
('41.202.219.247', '2017-10-09 19:08:55', 3),
('41.202.219.64', '2017-10-05 17:01:05', 10),
('41.202.219.65', '2017-10-05 07:07:28', 8),
('41.202.219.66', '2017-10-06 15:41:33', 2),
('41.202.219.67', '2017-10-19 05:59:37', 7),
('41.202.219.68', '2017-09-30 10:43:32', 5),
('41.202.219.69', '2017-10-11 09:57:16', 7),
('41.202.219.70', '2017-09-17 09:30:44', 23),
('41.202.219.71', '2017-12-20 13:41:42', 1),
('41.202.219.72', '2017-10-29 09:02:33', 4),
('41.202.219.73', '2017-10-10 10:26:23', 13),
('41.202.219.74', '2017-10-05 18:12:16', 5),
('41.202.219.75', '2017-10-05 18:38:14', 4),
('41.202.219.76', '2017-09-30 21:33:38', 3),
('41.202.219.77', '2017-10-05 16:14:31', 28),
('41.202.219.78', '2017-10-05 20:42:46', 5),
('41.202.219.79', '2017-10-13 17:17:33', 7),
('41.202.70.237', '2018-02-12 12:05:07', 1),
('41.204.82.238', '2018-01-11 09:19:04', 3),
('41.204.92.206', '2018-01-13 22:19:57', 177),
('41.205.10.180', '2018-02-04 10:38:21', 40),
('41.205.17.3', '2017-10-06 13:48:33', 9),
('41.205.24.151', '2017-10-08 14:52:50', 1),
('41.205.25.14', '2018-04-28 17:30:58', 1),
('41.205.25.145', '2018-03-08 15:17:56', 2),
('41.205.25.66', '2018-05-17 18:55:25', 2),
('41.205.65.169', '2017-10-02 15:06:30', 2),
('41.205.65.74', '2017-10-12 07:10:32', 2),
('41.207.223.225', '2018-05-12 16:43:59', 2),
('41.207.29.226', '2018-03-01 12:07:54', 1),
('41.211.107.15', '2017-10-21 08:05:53', 3),
('41.211.127.105', '2018-02-01 12:10:05', 2),
('41.211.167.29', '2018-03-03 00:57:16', 4),
('41.214.37.76', '2018-03-17 11:21:34', 10),
('41.223.184.152', '2018-03-06 19:10:19', 1),
('41.223.96.228', '2018-03-26 12:25:42', 1),
('41.224.251.246', '2018-01-24 14:24:06', 2),
('41.225.130.163', '2018-03-05 03:21:19', 2),
('41.225.154.158', '2018-02-13 10:45:42', 2),
('41.225.16.154', '2018-03-16 09:15:06', 1),
('41.225.212.68', '2018-01-04 19:48:03', 1),
('41.226.157.253', '2018-02-20 13:25:25', 2),
('41.227.72.63', '2018-03-09 19:00:21', 2),
('41.228.244.18', '2018-02-03 16:13:42', 2),
('41.229.138.2', '2018-02-28 15:03:36', 1),
('41.230.167.204', '2018-03-10 08:45:05', 2),
('41.230.189.184', '2018-03-16 21:41:42', 1),
('41.230.43.0', '2018-01-21 15:42:21', 2),
('41.232.189.44', '2018-02-09 17:42:24', 2),
('41.234.64.247', '2018-02-22 02:52:30', 2),
('41.235.48.26', '2018-01-16 19:28:57', 2),
('41.239.80.228', '2018-01-26 18:10:52', 2),
('41.243.11.154', '2018-05-31 21:31:52', 1),
('41.243.8.194', '2018-05-21 06:01:00', 4),
('41.244.224.130', '2017-11-01 20:02:47', 1),
('41.244.225.180', '2017-10-14 07:23:13', 1),
('41.244.226.104', '2018-04-03 09:29:46', 9),
('41.244.226.127', '2017-12-13 18:29:51', 2),
('41.244.226.147', '2018-02-08 02:06:26', 1),
('41.244.226.151', '2017-12-26 05:12:34', 4),
('41.244.226.165', '2017-12-18 18:19:44', 1),
('41.244.226.196', '2018-03-05 06:58:22', 1),
('41.244.226.203', '2018-01-15 20:38:09', 2),
('41.244.226.206', '2018-01-29 19:32:25', 1),
('41.244.226.26', '2018-02-25 20:54:23', 1),
('41.244.226.40', '2018-02-07 20:11:07', 3),
('41.244.226.84', '2018-03-13 21:40:08', 1),
('41.244.227.107', '2018-02-18 16:43:33', 2),
('41.244.227.177', '2018-04-11 13:06:28', 2),
('41.244.227.193', '2018-04-10 12:38:24', 1),
('41.244.227.194', '2018-02-11 22:19:42', 1),
('41.244.227.248', '2018-04-02 19:05:48', 1),
('41.244.227.249', '2018-04-06 08:18:48', 1),
('41.244.227.68', '2017-12-18 22:52:27', 1),
('41.244.228.134', '2017-11-14 18:32:24', 9),
('41.244.228.146', '2018-03-26 09:04:26', 1),
('41.244.228.167', '2018-04-11 13:49:39', 2),
('41.244.228.168', '2017-10-07 09:33:46', 1),
('41.244.228.202', '2018-02-27 08:50:15', 1),
('41.244.228.217', '2017-10-08 03:51:56', 1),
('41.244.228.4', '2017-10-08 15:30:11', 1),
('41.244.229.129', '2018-04-01 12:09:05', 1),
('41.244.229.139', '2018-02-04 22:39:19', 7),
('41.244.229.169', '2018-01-29 19:53:19', 1),
('41.244.229.184', '2018-02-13 10:20:08', 1),
('41.244.229.215', '2018-03-04 12:38:59', 1),
('41.244.229.216', '2018-03-05 07:51:44', 1),
('41.244.229.225', '2018-02-24 05:17:23', 1),
('41.244.229.56', '2018-02-21 13:42:56', 1),
('41.244.229.59', '2018-02-13 13:52:41', 1),
('41.244.230.120', '2018-02-27 12:56:12', 1),
('41.244.230.153', '2017-12-29 19:05:56', 4),
('41.244.230.164', '2017-11-08 15:51:01', 2),
('41.244.230.177', '2018-03-01 07:14:35', 2),
('41.244.230.47', '2018-01-28 19:30:26', 1),
('41.244.231.13', '2018-03-12 19:04:46', 1),
('41.244.231.141', '2018-02-26 13:02:26', 1),
('41.244.231.246', '2018-03-05 08:51:53', 1),
('41.244.231.35', '2018-01-28 19:17:43', 2),
('41.244.231.37', '2018-01-22 09:00:09', 1),
('41.244.232.155', '2018-02-20 05:43:53', 1),
('41.244.232.166', '2017-12-28 08:38:15', 2),
('41.244.232.183', '2018-02-19 07:39:18', 1),
('41.244.232.2', '2018-02-11 22:37:12', 3),
('41.244.232.201', '2018-01-25 10:34:11', 1),
('41.244.232.202', '2018-03-12 23:08:22', 1),
('41.244.232.249', '2018-04-09 17:37:11', 1),
('41.244.232.98', '2018-02-25 20:56:21', 2),
('41.244.233.114', '2018-03-13 09:12:23', 1),
('41.244.233.116', '2017-11-13 18:54:47', 1),
('41.244.233.120', '2018-03-27 11:55:44', 2),
('41.244.233.127', '2018-04-09 19:08:26', 1),
('41.244.233.128', '2018-02-04 18:41:01', 4),
('41.244.233.14', '2018-04-23 18:02:14', 1),
('41.244.233.164', '2018-02-18 16:24:44', 1),
('41.244.233.28', '2018-04-09 17:03:18', 1),
('41.244.234.101', '2017-10-01 12:46:16', 2),
('41.244.234.103', '2018-02-26 05:22:21', 1),
('41.244.234.136', '2018-01-14 14:36:31', 4),
('41.244.234.183', '2018-02-27 23:14:28', 2),
('41.244.234.193', '2017-12-18 23:37:34', 2),
('41.244.234.236', '2018-01-15 06:54:11', 1),
('41.244.234.9', '2017-09-17 16:40:11', 17),
('41.244.235.102', '2018-02-20 07:10:48', 1),
('41.244.235.115', '2018-02-22 07:39:14', 1),
('41.244.235.124', '2018-03-15 04:46:45', 3),
('41.244.235.125', '2018-01-11 11:37:02', 9),
('41.244.235.155', '2018-01-10 16:15:52', 3),
('41.244.235.158', '2018-04-02 07:37:00', 2),
('41.244.235.191', '2017-10-05 14:58:58', 1),
('41.244.235.217', '2017-10-08 12:36:29', 1),
('41.244.235.49', '2018-03-27 07:25:28', 1),
('41.244.240.160', '2018-01-20 05:56:42', 1),
('41.244.240.193', '2018-02-27 08:48:13', 1),
('41.244.240.226', '2017-12-17 12:57:50', 2),
('41.244.240.4', '2018-01-21 19:47:20', 9),
('41.244.240.62', '2017-10-06 17:26:10', 2),
('41.244.240.77', '2017-09-27 07:53:02', 1),
('41.244.241.101', '2017-12-03 12:00:29', 1),
('41.244.241.127', '2018-02-03 10:56:34', 11),
('41.244.241.128', '2018-02-13 14:48:51', 1),
('41.244.241.15', '2018-04-02 22:18:41', 1),
('41.244.241.165', '2018-03-08 09:15:16', 1),
('41.244.241.216', '2018-01-02 12:49:40', 2),
('41.244.241.233', '2018-03-26 06:49:22', 3),
('41.244.241.243', '2018-02-22 14:35:04', 3),
('41.244.241.28', '2018-02-19 16:05:06', 1),
('41.244.241.48', '2018-01-14 20:42:10', 1),
('41.244.241.79', '2018-04-03 08:22:39', 2),
('41.244.242.106', '2018-01-25 08:28:24', 1),
('41.244.242.113', '2017-11-08 12:26:19', 2),
('41.244.242.175', '2017-11-12 17:27:54', 7),
('41.244.242.226', '2018-02-23 07:35:56', 1),
('41.244.242.246', '2017-12-04 22:07:07', 4),
('41.244.242.249', '2017-12-28 19:31:19', 8),
('41.244.243.143', '2018-02-27 10:29:16', 4),
('41.244.243.164', '2018-02-09 23:25:29', 2),
('41.244.243.165', '2018-04-03 08:10:45', 1),
('41.244.243.173', '2017-12-11 13:27:48', 1),
('41.244.243.195', '2018-03-07 15:36:07', 1),
('41.244.243.197', '2018-03-12 20:29:25', 2),
('41.244.243.211', '2018-02-27 21:10:19', 1),
('41.244.243.216', '2018-05-31 06:58:55', 9),
('41.244.243.221', '2018-04-03 06:33:57', 4),
('41.244.243.225', '2017-10-05 14:48:29', 2),
('41.244.243.246', '2018-02-19 16:25:33', 1),
('41.244.243.69', '2018-02-17 04:22:18', 1),
('41.244.243.9', '2018-06-04 13:27:02', 1),
('41.244.243.95', '2018-03-14 22:16:23', 1),
('41.247.222.61', '2018-02-27 00:53:09', 2),
('41.249.143.93', '2018-03-24 13:44:00', 2),
('41.249.174.160', '2018-02-25 22:35:55', 2),
('41.249.62.131', '2018-04-06 21:42:21', 2),
('41.250.140.116', '2017-10-31 11:08:55', 1),
('41.250.202.111', '2018-02-06 18:26:18', 2),
('41.250.251.181', '2018-03-31 21:17:47', 2),
('41.251.130.68', '2018-03-10 04:39:53', 2),
('41.35.157.127', '2018-01-28 00:14:14', 2),
('41.36.112.102', '2018-02-19 00:10:22', 2),
('41.42.247.37', '2018-01-25 17:29:30', 2),
('41.50.47.137', '2018-01-29 08:48:31', 2),
('41.59.31.22', '2018-01-18 10:52:30', 2),
('41.60.23.25', '2018-01-23 19:44:00', 2),
('41.66.35.197', '2017-12-14 18:33:55', 1),
('41.67.236.25', '2017-09-18 13:40:34', 53),
('41.67.236.26', '2017-09-21 11:07:28', 47),
('41.67.236.5', '2018-01-11 11:55:12', 20),
('41.73.96.16', '2018-03-06 06:08:16', 1),
('41.75.73.123', '2017-12-18 10:46:17', 4),
('41.77.215.16', '2018-05-23 07:46:33', 1),
('41.77.222.161', '2018-05-14 03:02:34', 1),
('41.77.222.174', '2018-05-30 18:34:58', 1),
('41.77.26.29', '2018-01-16 08:31:16', 2),
('41.77.81.181', '2017-10-05 13:20:56', 5),
('41.78.192.234', '2018-06-04 08:34:59', 1),
('41.79.238.6', '2018-04-18 14:46:39', 2),
('41.79.238.7', '2018-04-18 14:40:51', 10),
('41.79.46.246', '2018-04-23 13:06:57', 2),
('41.82.1.121', '2017-11-26 15:28:37', 1),
('41.82.186.173', '2018-05-28 20:00:01', 1),
('41.82.2.143', '2018-06-04 21:10:50', 3),
('41.82.37.210', '2018-06-10 20:12:31', 1),
('41.82.89.129', '2018-02-24 09:55:23', 2),
('41.83.32.73', '2018-01-17 21:18:06', 2),
('41.86.235.106', '2018-01-29 18:27:24', 1),
('41.92.61.156', '2017-12-21 13:12:25', 1),
('41.96.163.96', '2018-01-28 05:03:30', 2),
('41.97.40.164', '2018-02-19 21:11:38', 2),
('41.97.76.209', '2018-03-03 17:54:23', 2),
('41.99.4.177', '2018-02-18 05:01:57', 4),
('42.104.83.226', '2018-01-30 05:55:49', 2),
('42.107.77.234', '2018-02-26 18:12:34', 2),
('42.109.43.57', '2018-02-02 03:14:24', 2),
('42.111.200.114', '2017-09-18 13:51:38', 2),
('42.115.137.241', '2018-01-13 20:21:24', 2),
('42.189.137.238', '2018-03-04 06:25:15', 2),
('42.2.128.5', '2018-02-25 08:32:27', 2),
('42.3.104.188', '2018-03-08 15:44:36', 2),
('42.90.98.24', '2018-02-10 09:33:40', 2),
('43.224.156.227', '2018-02-09 19:27:00', 2),
('43.224.2.189', '2018-02-24 20:02:04', 2),
('43.241.127.229', '2018-02-02 12:25:42', 2),
('43.245.140.242', '2018-02-11 18:44:20', 2),
('43.245.35.110', '2018-02-26 23:58:39', 2),
('43.247.156.6', '2018-02-24 04:59:46', 2),
('45.120.114.166', '2018-02-22 07:11:26', 2),
('45.123.13.95', '2018-01-23 11:45:28', 2),
('45.124.7.42', '2018-04-26 07:35:44', 2),
('45.125.14.86', '2018-04-24 08:18:02', 1),
('45.126.146.221', '2018-03-02 11:50:46', 2),
('45.217.216.197', '2018-03-02 22:29:45', 2),
('45.217.94.22', '2018-04-06 14:35:03', 1),
('45.23.49.106', '2018-02-18 22:10:13', 2),
('45.244.215.153', '2018-01-31 22:36:29', 2),
('45.247.182.78', '2018-01-17 17:03:43', 2),
('45.247.80.34', '2018-03-05 05:02:45', 2),
('45.249.166.230', '2018-01-19 03:28:33', 2),
('45.252.73.161', '2018-02-02 17:09:19', 2),
('45.32.32.176', '2018-03-31 19:47:45', 2),
('45.33.20.249', '2017-10-10 13:01:28', 1),
('45.42.105.194', '2018-02-07 03:19:10', 2),
('45.55.136.96', '2018-01-30 18:08:12', 198),
('45.55.157.127', '2018-01-13 14:05:49', 191),
('45.55.171.59', '2017-12-13 19:19:14', 351),
('45.55.187.105', '2018-02-06 01:45:02', 201),
('45.55.211.86', '2018-01-09 14:22:04', 1),
('45.55.224.77', '2017-10-10 05:37:28', 1),
('45.55.64.144', '2018-02-28 20:47:35', 136),
('45.55.66.129', '2017-11-05 05:37:34', 152),
('45.55.82.102', '2018-01-24 14:39:32', 193),
('45.55.82.220', '2017-10-10 17:36:16', 151),
('45.56.153.56', '2018-02-04 21:18:49', 2),
('45.63.114.208', '2017-11-24 12:51:57', 5),
('45.65.230.232', '2018-01-18 23:21:49', 2),
('45.65.246.44', '2018-01-12 16:40:22', 2),
('45.71.187.2', '2018-02-12 02:56:12', 2),
('45.77.147.74', '2017-10-05 19:51:47', 1),
('45.79.144.222', '2017-11-14 18:30:07', 1),
('45.79.71.25', '2018-03-28 11:39:02', 2),
('46.0.28.72', '2017-12-06 18:52:39', 1),
('46.0.70.15', '2017-12-07 07:35:05', 1),
('46.101.218.45', '2018-04-06 05:40:09', 1),
('46.105.172.181', '2018-01-18 06:37:28', 1),
('46.105.31.30', '2017-10-06 16:25:31', 2),
('46.105.98.131', '2018-03-14 09:35:24', 2),
('46.109.37.252', '2018-01-16 19:45:42', 2),
('46.109.80.145', '2018-01-30 05:28:00', 2),
('46.118.116.28', '2018-04-08 21:00:53', 1),
('46.12.250.30', '2018-02-27 17:25:39', 2),
('46.12.252.96', '2018-01-21 12:36:12', 2),
('46.153.76.71', '2018-02-12 20:51:29', 2),
('46.163.62.192', '2018-02-08 14:09:03', 2),
('46.165.211.167', '2017-09-18 17:31:15', 1),
('46.17.145.203', '2018-03-06 18:21:46', 2),
('46.174.238.149', '2018-02-07 08:29:38', 2),
('46.177.159.158', '2018-02-12 10:01:02', 2),
('46.183.144.12', '2017-12-07 09:56:59', 1),
('46.185.188.23', '2018-02-24 19:55:11', 2),
('46.188.107.38', '2017-11-22 16:06:13', 1),
('46.190.48.75', '2018-03-10 11:51:19', 2),
('46.193.16.63', '2018-06-11 02:42:28', 2),
('46.193.65.54', '2018-01-30 02:05:09', 2),
('46.202.50.162', '2017-10-06 16:52:48', 1),
('46.217.62.188', '2018-02-26 20:58:27', 2),
('46.235.158.196', '2017-11-13 10:18:51', 1),
('46.242.27.103', '2018-03-16 06:42:22', 1),
('46.242.9.101', '2018-03-08 01:27:50', 1),
('46.252.18.65', '2017-09-17 08:30:28', 4),
('46.252.43.149', '2018-01-30 10:54:32', 2),
('46.32.123.214', '2018-03-01 17:27:57', 2),
('46.32.127.98', '2018-02-15 22:55:37', 2),
('46.4.58.130', '2017-12-04 14:27:11', 4),
('46.4.64.197', '2018-01-26 18:04:52', 641),
('46.4.87.205', '2018-02-13 11:34:54', 7),
('46.49.116.60', '2018-02-20 08:28:10', 2),
('46.55.147.6', '2018-03-01 12:16:57', 2),
('46.55.42.127', '2018-01-20 16:24:11', 2),
('46.59.150.183', '2018-02-10 18:03:28', 2),
('46.76.82.2', '2018-02-21 16:12:33', 2),
('46.99.19.231', '2018-01-27 09:44:28', 2),
('46.99.25.219', '2018-01-22 17:29:04', 2),
('46.99.40.57', '2018-02-20 14:45:27', 2),
('47.106.149.44', '2018-05-01 21:31:58', 1),
('47.17.197.74', '2017-10-05 15:34:25', 2),
('47.196.108.135', '2018-01-25 11:41:01', 2),
('47.29.205.52', '2018-01-26 17:53:38', 2),
('47.29.68.87', '2018-01-14 11:02:41', 2),
('47.88.168.99', '2018-05-23 06:09:02', 1),
('47.88.70.74', '2018-01-14 18:10:50', 1),
('47.95.195.110', '2017-10-26 15:09:13', 2),
('47.96.231.74', '2018-05-19 09:33:45', 1),
('49.144.198.1', '2018-03-10 06:29:33', 2),
('49.144.199.179', '2018-01-10 21:09:55', 2),
('49.144.202.175', '2018-01-30 05:21:20', 2),
('49.144.205.244', '2018-02-16 13:25:43', 2),
('49.144.225.88', '2018-02-25 11:09:51', 2),
('49.144.228.79', '2018-02-02 00:39:27', 2),
('49.144.231.230', '2018-01-11 06:56:43', 2),
('49.144.239.205', '2018-01-15 14:15:22', 2),
('49.144.87.65', '2018-02-12 19:24:08', 1),
('49.145.12.248', '2018-03-01 12:35:00', 2),
('49.145.128.24', '2018-02-04 08:10:49', 1),
('49.145.131.13', '2018-01-21 04:45:27', 2),
('49.145.131.234', '2018-02-21 02:34:28', 2),
('49.145.249.24', '2018-01-15 11:29:32', 2),
('49.145.4.204', '2018-02-26 16:42:34', 2),
('49.145.65.66', '2018-02-12 13:23:28', 2),
('49.145.78.36', '2018-01-25 10:25:26', 2),
('49.146.134.9', '2018-02-12 10:42:01', 2),
('49.146.32.243', '2018-02-03 10:08:42', 2),
('49.146.5.64', '2018-01-18 03:55:34', 2),
('49.150.213.110', '2018-06-03 07:22:28', 1),
('49.150.231.118', '2018-04-02 06:03:03', 1),
('49.150.56.19', '2018-01-27 10:11:24', 2),
('49.151.104.168', '2018-03-22 03:38:56', 2),
('49.151.173.147', '2018-02-07 04:13:01', 2),
('49.151.250.255', '2018-02-09 15:00:25', 2),
('49.151.37.249', '2018-02-12 14:32:29', 2),
('49.151.61.33', '2018-02-16 10:09:10', 2),
('49.178.41.39', '2018-03-03 23:59:59', 2),
('49.185.237.181', '2018-03-02 00:55:08', 2),
('49.205.217.6', '2018-02-02 20:41:27', 2),
('49.205.96.6', '2018-03-02 01:38:14', 2),
('49.206.114.5', '2018-01-11 16:03:26', 2),
('49.206.124.229', '2018-02-27 12:28:41', 2),
('49.206.200.19', '2018-02-28 10:04:21', 2),
('49.206.204.43', '2018-02-19 16:20:01', 2),
('49.206.211.142', '2018-03-02 16:52:05', 2),
('49.206.214.138', '2018-03-07 21:47:36', 2),
('49.206.221.106', '2018-02-02 15:51:11', 2),
('49.207.105.19', '2018-02-05 10:21:46', 2),
('49.207.206.135', '2018-01-17 12:41:42', 2),
('49.207.79.254', '2018-02-26 06:00:15', 2),
('49.32.85.170', '2018-02-10 07:09:03', 2),
('49.36.1.184', '2018-01-15 04:27:34', 2),
('5.102.173.71', '2018-02-14 07:12:20', 20),
('5.105.174.101', '2018-02-07 21:08:46', 2),
('5.12.98.171', '2018-02-26 02:58:39', 2),
('5.13.35.146', '2018-02-03 18:46:10', 2),
('5.135.109.188', '2018-02-02 02:25:27', 2),
('5.139.251.199', '2017-12-15 19:56:06', 4),
('5.146.194.245', '2018-01-19 13:37:25', 2),
('5.15.238.86', '2018-03-08 22:06:20', 2),
('5.157.7.3', '2017-11-17 03:21:06', 1),
('5.157.7.43', '2018-01-20 11:02:57', 2),
('5.16.26.104', '2018-03-10 05:39:15', 1),
('5.167.177.137', '2018-02-23 16:23:56', 1),
('5.172.20.190', '2017-12-15 20:29:29', 4),
('5.172.234.34', '2018-01-16 16:38:52', 2),
('5.178.210.24', '2018-02-23 16:07:51', 2),
('5.18.233.189', '2018-02-07 17:22:43', 2),
('5.188.211.16', '2018-01-08 04:33:54', 20),
('5.188.211.21', '2017-12-29 07:09:32', 2),
('5.188.62.35', '2017-09-16 04:31:08', 1),
('5.188.62.53', '2017-11-14 21:58:05', 2),
('5.196.113.208', '2018-03-17 20:39:32', 1),
('5.197.177.15', '2018-01-31 19:49:11', 2),
('5.20.67.167', '2018-02-28 11:36:48', 2),
('5.21.250.147', '2018-01-30 04:47:42', 2),
('5.22.134.195', '2018-01-22 15:26:55', 2),
('5.250.57.60', '2018-06-04 11:24:26', 2),
('5.254.112.154', '2017-11-24 19:14:33', 1),
('5.254.79.66', '2017-09-23 21:41:28', 10),
('5.255.250.10', '2017-11-16 19:01:37', 2),
('5.255.250.115', '2017-10-20 12:53:12', 5),
('5.255.250.118', '2017-10-04 06:22:54', 8),
('5.255.250.12', '2018-01-17 12:34:34', 2),
('5.255.250.123', '2017-12-22 23:56:27', 4),
('5.255.250.131', '2017-12-18 23:13:42', 10),
('5.255.250.158', '2017-09-21 04:34:24', 6),
('5.255.250.180', '2017-10-10 18:37:29', 12),
('5.255.250.200', '2017-11-12 10:48:43', 17),
('5.255.250.47', '2017-10-29 23:21:11', 14),
('5.255.250.56', '2018-05-26 20:14:37', 1),
('5.255.250.65', '2017-10-03 22:17:26', 90),
('5.255.250.73', '2017-11-12 15:10:03', 5),
('5.255.250.78', '2018-05-27 09:16:20', 1),
('5.255.250.99', '2017-09-30 13:42:26', 1),
('5.39.45.167', '2017-09-25 07:14:44', 1),
('5.44.169.42', '2017-12-15 20:22:07', 4),
('5.45.75.6', '2018-04-12 20:39:02', 2),
('5.46.45.138', '2018-03-01 09:30:51', 1),
('5.56.155.226', '2018-01-31 08:30:50', 2),
('5.70.125.216', '2018-02-18 17:44:33', 2),
('5.8.244.179', '2018-01-19 15:57:43', 2),
('5.8.48.17', '2017-11-19 23:11:40', 2),
('5.88.155.130', '2018-01-17 16:03:24', 2),
('5.9.106.230', '2018-03-07 12:32:03', 59),
('5.9.108.254', '2018-06-06 04:50:02', 2),
('5.9.111.70', '2017-12-17 01:10:53', 17),
('5.9.112.132', '2017-09-18 23:27:14', 1),
('5.9.112.6', '2018-03-09 06:41:28', 1),
('5.9.137.233', '2018-05-12 04:18:12', 2),
('5.9.154.69', '2018-05-31 04:11:58', 2),
('5.9.155.37', '2017-12-17 14:58:34', 17),
('5.9.60.241', '2017-12-19 13:43:36', 10),
('5.9.63.162', '2018-03-05 06:56:56', 162),
('50.101.89.204', '2018-02-24 23:40:35', 2),
('50.112.194.65', '2017-10-10 05:35:04', 3),
('50.116.208.160', '2017-11-25 08:42:08', 24),
('50.19.154.226', '2018-01-06 02:59:33', 1),
('50.28.104.166', '2017-09-18 11:34:39', 14),
('50.28.105.178', '2017-09-18 11:34:50', 6),
('50.28.106.132', '2017-09-18 11:34:37', 11),
('50.28.107.101', '2017-09-18 11:34:54', 9),
('50.63.185.114', '2017-09-17 14:38:26', 1),
('50.65.162.72', '2018-01-20 12:36:34', 2),
('50.86.51.98', '2018-02-02 21:37:21', 1),
('50.87.144.24', '2017-09-19 23:30:53', 2),
('51.15.42.124', '2018-05-09 22:02:27', 1),
('51.15.52.58', '2018-04-17 16:51:46', 2),
('51.15.63.229', '2017-10-02 06:01:30', 1),
('51.15.82.2', '2018-05-08 10:19:24', 1),
('51.15.86.152', '2018-04-23 21:06:37', 1),
('51.15.95.103', '2018-06-09 14:08:17', 1),
('51.218.253.67', '2018-01-29 21:55:31', 2),
('51.223.48.146', '2018-01-15 21:00:11', 2),
('51.235.49.154', '2018-02-05 23:16:20', 2),
('51.254.211.64', '2017-10-06 22:01:30', 2),
('51.254.214.184', '2017-11-25 01:20:45', 3),
('51.254.97.56', '2017-11-03 03:32:15', 3),
('51.255.166.137', '2018-01-22 08:31:09', 1),
('51.255.173.25', '2017-12-15 06:18:24', 33),
('51.255.64.106', '2017-10-25 14:11:35', 4),
('51.255.65.10', '2017-10-31 17:57:09', 1),
('51.255.65.11', '2017-11-18 13:36:25', 1),
('51.255.65.12', '2017-11-03 21:36:46', 1),
('51.255.65.13', '2017-11-04 11:56:11', 2),
('51.255.65.14', '2017-10-31 12:38:12', 4),
('51.255.65.15', '2017-11-30 21:49:08', 1),
('51.255.65.16', '2017-12-05 19:55:47', 1),
('51.255.65.17', '2017-12-15 09:11:47', 1),
('51.255.65.18', '2017-10-31 11:16:09', 4),
('51.255.65.19', '2017-11-10 05:02:12', 2),
('51.255.65.20', '2018-02-01 22:21:15', 2),
('51.255.65.21', '2017-11-14 12:59:29', 3),
('51.255.65.22', '2017-10-25 18:59:23', 1),
('51.255.65.224', '2017-11-13 17:44:29', 3),
('51.255.65.23', '2017-11-01 02:43:49', 2),
('51.255.65.24', '2017-10-28 14:32:18', 3),
('51.255.65.25', '2017-10-29 02:16:17', 4),
('51.255.65.26', '2017-10-28 19:49:59', 4),
('51.255.65.27', '2017-10-31 14:33:12', 3),
('51.255.65.29', '2017-11-03 08:44:13', 3),
('51.255.65.3', '2017-10-25 15:33:03', 1),
('51.255.65.30', '2017-10-22 09:11:01', 3),
('51.255.65.31', '2017-10-28 02:11:04', 5),
('51.255.65.32', '2017-10-16 14:41:06', 8),
('51.255.65.33', '2018-02-03 15:38:42', 1),
('51.255.65.34', '2017-11-09 20:10:32', 2),
('51.255.65.35', '2017-12-07 06:03:12', 2),
('51.255.65.36', '2017-11-04 14:55:22', 5),
('51.255.65.37', '2017-10-29 08:39:52', 1),
('51.255.65.38', '2017-10-27 07:35:34', 2),
('51.255.65.39', '2017-10-27 03:18:39', 2),
('51.255.65.4', '2017-11-02 16:27:42', 2),
('51.255.65.41', '2017-11-30 02:14:48', 2),
('51.255.65.42', '2017-10-28 02:42:30', 4),
('51.255.65.43', '2017-11-01 06:11:51', 7),
('51.255.65.44', '2017-10-26 21:21:38', 3),
('51.255.65.45', '2017-10-23 00:50:24', 2),
('51.255.65.46', '2017-11-03 04:10:57', 6),
('51.255.65.47', '2017-10-16 11:04:08', 3),
('51.255.65.49', '2017-12-03 13:23:54', 3),
('51.255.65.5', '2017-10-25 04:00:06', 6),
('51.255.65.50', '2017-10-25 18:23:50', 6),
('51.255.65.51', '2017-11-05 05:02:52', 3),
('51.255.65.52', '2017-10-24 01:39:42', 3),
('51.255.65.53', '2017-11-02 13:43:47', 2),
('51.255.65.54', '2017-12-16 01:00:05', 1),
('51.255.65.55', '2017-11-10 04:47:49', 4),
('51.255.65.56', '2017-12-06 03:48:50', 1),
('51.255.65.57', '2017-10-29 13:47:45', 5),
('51.255.65.58', '2017-10-27 11:25:46', 5),
('51.255.65.60', '2017-11-01 15:19:25', 2),
('51.255.65.61', '2017-12-07 19:54:23', 2),
('51.255.65.62', '2017-10-28 07:04:19', 4),
('51.255.65.63', '2017-11-01 02:16:57', 2),
('51.255.65.64', '2017-12-14 04:21:14', 2),
('51.255.65.65', '2017-11-09 14:43:53', 3),
('51.255.65.66', '2017-10-26 00:36:36', 3),
('51.255.65.67', '2017-10-21 07:07:58', 3),
('51.255.65.68', '2017-12-20 06:30:32', 2),
('51.255.65.69', '2017-10-28 14:01:32', 2),
('51.255.65.7', '2017-10-26 16:33:43', 2),
('51.255.65.70', '2017-11-07 07:21:19', 2),
('51.255.65.71', '2017-11-07 11:03:21', 2),
('51.255.65.72', '2017-10-27 10:39:41', 4),
('51.255.65.73', '2017-10-25 23:03:06', 3),
('51.255.65.74', '2017-10-27 14:00:49', 5),
('51.255.65.75', '2017-10-25 15:09:13', 5),
('51.255.65.76', '2017-10-23 16:55:50', 1),
('51.255.65.77', '2017-10-22 05:26:53', 3),
('51.255.65.78', '2017-11-07 19:51:47', 2),
('51.255.65.79', '2017-11-01 14:42:38', 5),
('51.255.65.8', '2017-11-02 01:55:09', 3),
('51.255.65.80', '2017-11-11 20:58:24', 2),
('51.255.65.81', '2017-10-28 02:12:50', 3),
('51.255.65.82', '2017-12-05 22:57:50', 2),
('51.255.65.84', '2018-02-01 16:40:04', 1),
('51.255.65.85', '2017-11-17 05:06:24', 3),
('51.255.65.86', '2017-11-15 04:26:59', 3),
('51.255.65.87', '2017-12-01 21:03:58', 4),
('51.255.65.88', '2017-11-02 08:07:58', 2),
('51.255.65.89', '2017-11-07 21:26:48', 4),
('51.255.65.90', '2017-10-31 14:19:53', 4),
('51.255.65.91', '2017-11-24 02:46:58', 2),
('51.255.65.92', '2017-10-30 01:31:59', 4),
('51.255.65.93', '2017-11-07 08:07:23', 4),
('51.255.65.94', '2017-12-11 09:56:29', 1),
('51.255.65.95', '2017-10-26 07:33:31', 3),
('51.255.65.97', '2017-10-30 19:42:33', 3),
('51.255.66.100', '2017-10-21 12:26:42', 7),
('51.255.66.101', '2017-09-17 08:49:54', 5),
('51.255.66.102', '2017-12-03 09:46:55', 1),
('51.255.66.103', '2018-03-08 20:38:38', 8),
('51.255.66.104', '2017-11-17 08:23:29', 6),
('51.255.66.105', '2017-12-18 09:52:20', 3),
('51.255.66.106', '2017-12-03 09:47:02', 1),
('51.255.66.107', '2017-11-24 07:08:59', 2),
('51.255.66.108', '2017-10-01 11:58:55', 14),
('51.255.66.110', '2017-11-08 12:29:06', 3),
('51.255.66.111', '2017-10-21 12:14:31', 2),
('51.255.66.112', '2017-10-12 06:55:46', 6),
('51.255.66.113', '2017-11-17 08:27:17', 5),
('51.255.66.114', '2017-11-20 04:40:51', 5),
('51.255.66.115', '2017-09-17 08:54:40', 8),
('51.255.66.116', '2017-10-07 14:42:36', 12),
('51.255.66.117', '2017-12-07 04:21:13', 3),
('51.255.66.118', '2017-09-29 20:28:30', 3),
('51.255.66.120', '2017-11-14 22:33:19', 4),
('51.255.66.121', '2017-11-25 18:59:15', 3),
('51.255.66.123', '2017-09-21 22:50:03', 11),
('51.255.66.125', '2017-09-22 05:33:55', 10),
('51.255.66.127', '2017-11-17 08:11:50', 6),
('51.255.66.141', '2017-11-20 04:25:34', 4),
('51.255.66.142', '2017-11-23 17:42:33', 1),
('51.255.66.144', '2017-11-28 08:28:25', 5),
('51.255.66.98', '2017-10-05 04:07:28', 5),
('51.255.66.99', '2017-11-25 09:08:12', 3),
('51.255.71.100', '2017-11-23 06:23:58', 2),
('51.255.71.101', '2017-09-25 17:18:16', 5),
('51.255.71.110', '2017-10-27 01:55:53', 5),
('51.255.71.111', '2017-10-23 19:37:02', 3),
('51.255.71.112', '2017-11-03 21:39:31', 3),
('51.255.71.113', '2017-10-24 02:35:03', 4),
('51.255.71.114', '2017-12-10 07:07:21', 4),
('51.255.71.115', '2017-10-24 23:41:37', 2),
('51.255.71.116', '2017-10-20 10:55:43', 4),
('51.255.71.117', '2017-11-01 09:51:39', 1),
('51.255.71.118', '2017-11-08 00:05:12', 1),
('51.255.71.119', '2017-09-26 20:20:12', 1),
('51.255.71.120', '2017-11-13 20:12:44', 3),
('51.255.71.121', '2017-11-02 21:41:10', 6),
('51.255.71.122', '2017-10-27 19:45:38', 3),
('51.255.71.123', '2017-10-27 17:48:58', 3),
('51.255.71.125', '2017-11-12 15:30:29', 3),
('51.255.71.126', '2017-11-01 16:17:28', 4),
('51.255.71.127', '2017-10-30 14:03:10', 6),
('51.255.71.128', '2017-12-05 15:24:46', 3),
('51.255.71.129', '2018-01-03 02:24:07', 1),
('51.255.71.130', '2017-11-02 06:40:45', 2),
('51.255.71.131', '2017-11-29 21:26:22', 2),
('51.255.71.132', '2017-12-16 18:22:09', 3),
('51.255.71.133', '2017-12-05 14:58:55', 5),
('51.255.71.98', '2017-10-25 09:10:38', 7),
('51.36.54.127', '2018-02-26 15:09:10', 2),
('51.39.205.53', '2018-02-22 21:09:51', 2),
('51.39.54.233', '2018-01-12 00:37:33', 2),
('51.6.246.23', '2018-03-07 01:03:11', 1),
('52.12.66.51', '2018-01-12 17:32:05', 1),
('52.199.84.73', '2017-11-09 10:01:00', 1),
('52.201.211.124', '2018-03-15 13:22:15', 3),
('52.207.207.6', '2018-01-26 11:19:49', 2),
('52.207.231.252', '2017-11-24 21:53:40', 1),
('52.207.52.218', '2018-03-14 02:01:43', 1),
('52.21.137.163', '2017-09-17 08:53:04', 3),
('52.21.173.16', '2017-09-29 20:27:24', 2),
('52.21.176.42', '2017-10-12 06:54:31', 4),
('52.21.178.185', '2017-09-17 08:48:20', 2),
('52.22.4.232', '2017-09-27 07:32:22', 1),
('52.226.74.46', '2018-02-28 17:59:12', 2),
('52.26.4.200', '2018-01-16 23:13:10', 11),
('52.27.2.86', '2018-01-10 13:12:37', 1),
('52.3.220.192', '2018-03-15 00:28:48', 1),
('52.34.24.33', '2017-10-21 03:48:07', 15),
('52.35.2.31', '2018-01-13 12:51:44', 1),
('52.36.251.200', '2018-05-23 06:24:52', 14),
('52.39.2.155', '2017-10-31 22:56:08', 41),
('52.41.211.72', '2017-10-19 16:18:22', 16),
('52.53.129.101', '2017-12-02 11:17:02', 2),
('52.53.129.36', '2017-11-29 15:50:16', 2),
('52.67.179.77', '2017-09-20 02:31:36', 1),
('52.72.65.242', '2018-02-02 16:57:36', 1),
('52.86.146.227', '2018-03-10 01:34:31', 1),
('52.87.121.6', '2018-04-15 19:01:51', 1),
('52.87.235.153', '2018-02-19 22:42:41', 24),
('52.87.86.158', '2018-04-12 08:08:34', 1),
('52.90.206.140', '2017-12-03 22:02:13', 1),
('52.91.121.1', '2018-03-14 03:58:31', 1),
('52.91.122.191', '2018-06-11 23:06:39', 82),
('52.91.146.108', '2018-03-30 23:49:08', 2),
('52.91.151.105', '2018-02-22 06:46:13', 42),
('52.91.203.62', '2018-03-14 19:54:28', 1),
('52.91.229.44', '2017-10-05 03:13:21', 1),
('54.144.180.107', '2017-12-03 09:06:12', 1),
('54.144.20.48', '2018-05-13 21:13:27', 12),
('54.144.213.128', '2017-12-26 02:24:35', 2),
('54.144.87.60', '2018-02-17 20:27:55', 42),
('54.158.37.120', '2018-04-02 13:55:39', 1),
('54.159.79.92', '2017-12-03 08:56:49', 2),
('54.161.205.53', '2017-10-14 06:08:44', 1),
('54.162.189.59', '2017-11-17 07:14:21', 2),
('54.162.244.220', '2018-03-23 00:25:28', 11),
('54.162.88.40', '2017-09-19 00:56:55', 2),
('54.163.115.188', '2018-03-02 08:49:55', 11),
('54.163.77.148', '2018-04-04 21:42:28', 12),
('54.165.197.136', '2018-03-23 22:32:45', 2),
('54.166.112.202', '2018-03-30 22:41:27', 2),
('54.167.154.36', '2018-06-05 18:47:39', 210),
('54.169.208.63', '2017-12-05 12:25:35', 1),
('54.172.209.166', '2017-09-18 13:52:33', 19),
('54.172.235.182', '2017-09-28 21:38:27', 2),
('54.172.51.55', '2017-11-17 07:14:22', 25),
('54.173.121.160', '2018-02-21 12:08:28', 2),
('54.174.44.39', '2018-04-05 12:18:38', 2),
('54.175.56.157', '2018-03-07 14:41:14', 1),
('54.176.56.176', '2018-01-11 15:10:48', 1),
('54.183.130.127', '2017-12-02 16:15:00', 24),
('54.183.165.74', '2018-03-04 06:40:15', 14),
('54.183.42.76', '2018-04-15 18:19:02', 1),
('54.185.170.39', '2017-12-17 11:16:23', 1),
('54.186.97.250', '2018-02-15 22:22:35', 1),
('54.187.19.44', '2017-10-26 12:58:50', 1),
('54.191.179.98', '2018-05-17 16:24:52', 1),
('54.191.62.155', '2018-03-01 15:31:04', 1),
('54.193.11.72', '2018-04-15 22:14:54', 1),
('54.193.56.38', '2018-04-10 08:49:05', 1),
('54.196.104.191', '2017-09-28 03:56:44', 1),
('54.197.21.134', '2018-02-21 16:22:34', 110),
('54.197.86.228', '2018-04-10 10:56:52', 4),
('54.198.13.63', '2018-03-19 17:20:39', 1),
('54.200.116.67', '2018-01-14 15:20:05', 1),
('54.200.241.151', '2018-06-10 01:44:58', 1),
('54.201.190.170', '2018-05-30 07:28:27', 9),
('54.202.178.207', '2018-02-28 13:08:27', 1),
('54.202.238.232', '2018-03-30 07:10:27', 1),
('54.208.102.37', '2018-05-04 15:36:25', 2),
('54.208.58.134', '2018-03-15 01:25:36', 1),
('54.209.141.101', '2018-03-23 04:21:41', 2),
('54.209.167.49', '2018-03-03 22:43:15', 1),
('54.210.158.182', '2017-12-03 08:56:51', 50),
('54.210.51.220', '2018-02-08 18:09:22', 128),
('54.211.159.245', '2018-03-14 09:57:53', 1),
('54.211.191.65', '2017-12-03 22:01:58', 1),
('54.211.78.60', '2017-09-17 08:53:04', 1),
('54.214.218.35', '2018-01-19 10:10:01', 1),
('54.215.241.193', '2018-04-10 07:51:03', 1),
('54.215.254.26', '2018-05-09 00:31:17', 11),
('54.219.178.100', '2017-11-13 18:48:56', 7),
('54.221.131.67', '2018-02-22 18:25:58', 3),
('54.224.47.114', '2017-11-17 07:14:38', 1),
('54.224.6.171', '2018-03-08 02:57:58', 1),
('54.225.2.28', '2017-11-23 04:12:27', 2),
('54.226.180.151', '2017-11-17 07:17:27', 5),
('54.234.10.116', '2017-12-03 08:57:09', 10),
('54.234.97.27', '2017-10-21 22:01:49', 2),
('54.236.12.150', '2018-03-14 23:39:04', 1),
('54.236.122.52', '2018-03-16 23:23:03', 4),
('54.236.24.8', '2018-02-02 05:10:57', 2),
('54.236.48.23', '2018-04-02 13:55:39', 1),
('54.236.83.114', '2018-03-07 08:50:10', 1),
('54.237.210.170', '2018-03-09 22:39:26', 1),
('54.237.236.40', '2017-12-03 08:41:18', 1),
('54.237.242.92', '2017-10-06 09:38:26', 1),
('54.242.181.225', '2018-04-19 23:05:35', 1),
('54.242.241.81', '2018-01-26 02:39:30', 1),
('54.246.193.107', '2017-09-17 00:14:56', 1),
('54.36.148.10', '2018-01-02 07:05:32', 5),
('54.36.148.100', '2018-01-13 12:25:45', 4),
('54.36.148.101', '2018-01-06 08:27:07', 2),
('54.36.148.102', '2018-01-08 04:34:46', 5),
('54.36.148.104', '2017-12-28 18:36:44', 3),
('54.36.148.105', '2018-06-02 18:09:11', 1),
('54.36.148.106', '2018-01-08 18:41:38', 2),
('54.36.148.107', '2017-12-22 01:18:44', 6),
('54.36.148.108', '2017-12-23 11:24:42', 3),
('54.36.148.109', '2018-02-06 09:29:10', 3),
('54.36.148.11', '2018-05-11 16:14:04', 1),
('54.36.148.110', '2017-12-22 06:31:41', 5),
('54.36.148.111', '2018-01-02 11:26:22', 4),
('54.36.148.112', '2018-01-03 23:11:33', 3),
('54.36.148.113', '2017-12-25 23:43:58', 5),
('54.36.148.114', '2018-03-05 07:00:17', 1),
('54.36.148.115', '2017-12-28 05:44:16', 3),
('54.36.148.116', '2018-04-02 20:32:04', 3),
('54.36.148.117', '2018-01-10 02:52:20', 7),
('54.36.148.118', '2018-02-25 05:02:32', 1),
('54.36.148.119', '2018-01-05 06:04:47', 2),
('54.36.148.12', '2017-12-22 03:26:38', 6),
('54.36.148.120', '2017-12-30 06:20:41', 6),
('54.36.148.121', '2017-12-22 11:07:01', 4),
('54.36.148.122', '2017-12-28 17:21:27', 5),
('54.36.148.123', '2018-01-02 22:31:02', 4),
('54.36.148.124', '2018-02-19 18:21:55', 2),
('54.36.148.125', '2017-12-25 09:36:28', 5),
('54.36.148.126', '2017-12-24 01:26:50', 7),
('54.36.148.128', '2017-12-28 01:53:11', 4),
('54.36.148.129', '2018-01-02 03:59:32', 5),
('54.36.148.13', '2017-12-29 01:49:58', 6),
('54.36.148.130', '2018-04-16 13:35:23', 1),
('54.36.148.131', '2018-01-18 09:19:36', 1),
('54.36.148.132', '2018-02-03 14:31:28', 1),
('54.36.148.133', '2018-04-01 08:12:40', 2),
('54.36.148.134', '2018-01-10 10:54:09', 2),
('54.36.148.135', '2017-12-25 03:40:15', 2),
('54.36.148.136', '2017-12-23 13:06:04', 4),
('54.36.148.137', '2018-06-02 06:17:27', 1),
('54.36.148.138', '2017-12-26 08:19:07', 2),
('54.36.148.14', '2018-01-10 18:23:59', 6),
('54.36.148.140', '2017-12-30 22:54:01', 6),
('54.36.148.141', '2017-12-24 00:31:58', 4),
('54.36.148.142', '2018-03-07 16:03:23', 1),
('54.36.148.143', '2017-12-29 13:18:40', 1),
('54.36.148.144', '2018-01-04 02:19:59', 2),
('54.36.148.145', '2018-01-04 09:51:30', 3),
('54.36.148.146', '2018-02-19 09:10:28', 4),
('54.36.148.147', '2018-05-26 18:41:43', 2),
('54.36.148.148', '2018-01-11 22:38:12', 2),
('54.36.148.149', '2017-12-23 18:24:01', 6),
('54.36.148.15', '2018-01-01 13:54:08', 2),
('54.36.148.150', '2018-01-17 15:29:50', 1),
('54.36.148.151', '2018-01-07 16:20:33', 2),
('54.36.148.152', '2017-12-22 10:24:34', 6),
('54.36.148.154', '2017-12-22 18:06:34', 6),
('54.36.148.155', '2017-12-29 15:03:27', 3),
('54.36.148.156', '2017-12-24 05:47:27', 3),
('54.36.148.157', '2018-01-12 09:19:02', 3),
('54.36.148.158', '2018-03-10 02:51:29', 2),
('54.36.148.159', '2018-01-02 06:02:46', 4),
('54.36.148.16', '2018-04-02 13:03:57', 1),
('54.36.148.160', '2017-12-31 10:53:04', 3),
('54.36.148.161', '2017-12-24 06:32:09', 3),
('54.36.148.162', '2018-01-05 20:00:13', 2),
('54.36.148.164', '2018-01-18 03:43:23', 3),
('54.36.148.165', '2017-12-31 18:14:41', 3),
('54.36.148.166', '2017-12-30 12:09:20', 1),
('54.36.148.167', '2018-01-05 10:12:35', 3),
('54.36.148.168', '2017-12-23 12:39:31', 2),
('54.36.148.17', '2018-01-01 09:51:29', 3),
('54.36.148.170', '2017-12-31 02:19:53', 5),
('54.36.148.171', '2018-01-01 01:55:36', 3),
('54.36.148.172', '2018-01-01 21:40:37', 1),
('54.36.148.173', '2017-12-24 07:22:13', 2),
('54.36.148.174', '2018-02-19 21:11:41', 2),
('54.36.148.175', '2017-12-26 02:43:12', 2),
('54.36.148.176', '2018-04-02 12:49:14', 1),
('54.36.148.177', '2018-05-11 06:31:51', 1),
('54.36.148.178', '2017-12-27 05:13:22', 1),
('54.36.148.179', '2018-01-11 07:19:12', 3),
('54.36.148.18', '2017-12-25 05:09:00', 2),
('54.36.148.181', '2017-12-29 22:38:35', 1),
('54.36.148.183', '2018-01-01 06:47:15', 3),
('54.36.148.184', '2017-12-29 14:13:40', 2),
('54.36.148.185', '2017-12-27 05:09:53', 4),
('54.36.148.186', '2017-12-24 20:53:05', 6),
('54.36.148.187', '2017-12-26 00:22:02', 2),
('54.36.148.188', '2017-12-30 22:44:32', 5),
('54.36.148.189', '2017-12-25 11:46:20', 6),
('54.36.148.19', '2018-04-25 16:05:20', 1),
('54.36.148.190', '2018-05-15 00:45:19', 2),
('54.36.148.191', '2018-01-18 10:36:01', 1),
('54.36.148.192', '2017-12-24 09:41:06', 7),
('54.36.148.194', '2017-12-22 05:25:24', 2),
('54.36.148.195', '2017-12-26 05:20:30', 4),
('54.36.148.196', '2017-12-23 03:36:28', 3),
('54.36.148.197', '2017-12-29 03:47:26', 1),
('54.36.148.198', '2018-01-02 10:38:53', 4),
('54.36.148.199', '2018-01-02 09:07:04', 2),
('54.36.148.20', '2017-12-24 17:25:54', 3),
('54.36.148.200', '2017-12-23 23:04:47', 2),
('54.36.148.201', '2018-01-06 01:01:35', 6),
('54.36.148.202', '2017-12-27 21:19:09', 3),
('54.36.148.204', '2017-12-22 16:29:19', 2),
('54.36.148.205', '2018-02-01 19:35:22', 2),
('54.36.148.206', '2018-02-18 14:12:03', 4),
('54.36.148.207', '2018-04-30 00:01:16', 2),
('54.36.148.208', '2018-03-27 05:07:28', 1),
('54.36.148.209', '2018-02-18 15:23:53', 3),
('54.36.148.21', '2017-12-29 19:38:13', 3),
('54.36.148.210', '2018-04-05 04:11:53', 3),
('54.36.148.211', '2018-03-25 16:15:29', 1),
('54.36.148.212', '2018-02-16 16:00:05', 2),
('54.36.148.213', '2018-04-02 16:04:23', 2),
('54.36.148.214', '2018-04-20 05:01:52', 1),
('54.36.148.215', '2018-04-02 02:46:39', 1),
('54.36.148.216', '2018-02-19 18:57:45', 2),
('54.36.148.218', '2018-02-20 12:56:34', 1),
('54.36.148.22', '2017-12-31 10:13:16', 2),
('54.36.148.221', '2018-02-16 19:47:52', 3),
('54.36.148.222', '2018-03-24 10:23:42', 3),
('54.36.148.223', '2018-02-24 01:24:11', 2),
('54.36.148.224', '2018-03-23 01:08:33', 4),
('54.36.148.225', '2018-05-24 15:38:52', 1),
('54.36.148.226', '2018-04-05 21:14:48', 1),
('54.36.148.227', '2018-04-12 05:46:47', 2),
('54.36.148.228', '2018-03-26 04:57:22', 2),
('54.36.148.229', '2017-12-23 01:31:19', 3),
('54.36.148.23', '2018-01-07 05:23:55', 3),
('54.36.148.231', '2018-01-05 07:10:34', 3),
('54.36.148.232', '2018-01-06 06:10:40', 2),
('54.36.148.233', '2017-12-23 22:24:02', 4),
('54.36.148.234', '2018-01-05 11:19:09', 2),
('54.36.148.235', '2017-12-22 17:42:42', 6),
('54.36.148.236', '2018-05-02 22:01:06', 1),
('54.36.148.237', '2017-12-23 14:34:44', 2),
('54.36.148.238', '2018-01-01 13:08:36', 3),
('54.36.148.239', '2018-02-18 10:20:42', 3),
('54.36.148.24', '2018-02-28 07:27:00', 1),
('54.36.148.240', '2017-12-22 00:00:17', 2),
('54.36.148.241', '2017-12-24 04:25:11', 9),
('54.36.148.242', '2017-12-29 01:35:31', 4),
('54.36.148.244', '2017-12-31 19:00:40', 2),
('54.36.148.245', '2017-12-22 20:44:15', 4),
('54.36.148.246', '2018-01-02 14:23:34', 6),
('54.36.148.247', '2018-01-04 10:50:31', 5),
('54.36.148.248', '2017-12-24 21:54:44', 5),
('54.36.148.249', '2018-01-01 00:17:26', 5),
('54.36.148.25', '2017-12-29 01:24:23', 3),
('54.36.148.250', '2017-12-26 01:38:12', 2),
('54.36.148.251', '2018-01-09 11:52:45', 6),
('54.36.148.252', '2018-03-28 02:13:37', 2),
('54.36.148.254', '2018-05-30 01:10:13', 1),
('54.36.148.255', '2017-12-24 02:01:38', 4),
('54.36.148.26', '2017-12-25 15:57:55', 4),
('54.36.148.27', '2017-12-27 13:31:55', 4),
('54.36.148.29', '2018-01-01 19:32:18', 3),
('54.36.148.30', '2017-12-23 22:21:20', 4),
('54.36.148.31', '2018-02-16 19:23:56', 2),
('54.36.148.32', '2018-03-24 02:54:07', 3),
('54.36.148.33', '2018-01-10 15:55:54', 1),
('54.36.148.34', '2017-12-31 06:22:53', 4),
('54.36.148.35', '2018-01-08 14:52:02', 3),
('54.36.148.36', '2018-06-03 09:32:51', 2),
('54.36.148.37', '2017-12-24 11:41:05', 6),
('54.36.148.38', '2017-12-26 18:29:35', 4),
('54.36.148.39', '2018-01-02 04:11:39', 4),
('54.36.148.40', '2018-01-09 00:42:16', 3),
('54.36.148.41', '2018-01-01 11:14:14', 3),
('54.36.148.42', '2018-01-03 13:42:42', 6),
('54.36.148.43', '2018-02-05 06:52:29', 4),
('54.36.148.44', '2018-01-12 04:15:57', 1),
('54.36.148.45', '2017-12-24 08:48:48', 1),
('54.36.148.46', '2018-05-18 20:45:42', 2),
('54.36.148.47', '2017-12-22 11:19:15', 9),
('54.36.148.48', '2017-12-26 13:30:59', 3),
('54.36.148.49', '2017-12-28 23:56:39', 5),
('54.36.148.50', '2017-12-30 15:48:57', 5),
('54.36.148.51', '2018-03-30 14:57:22', 1),
('54.36.148.52', '2018-01-18 04:29:43', 2),
('54.36.148.53', '2018-03-21 11:04:26', 1),
('54.36.148.54', '2017-12-25 00:59:01', 3),
('54.36.148.56', '2018-04-17 01:35:06', 1),
('54.36.148.57', '2017-12-24 21:41:36', 9),
('54.36.148.58', '2018-01-18 08:19:24', 3),
('54.36.148.59', '2017-12-29 17:21:28', 7),
('54.36.148.60', '2018-01-02 06:12:58', 4),
('54.36.148.61', '2018-03-23 23:30:00', 1),
('54.36.148.62', '2018-01-10 18:18:41', 3),
('54.36.148.63', '2018-02-07 11:36:58', 2),
('54.36.148.64', '2018-05-07 04:38:18', 1),
('54.36.148.65', '2017-12-28 08:46:08', 4),
('54.36.148.66', '2017-12-23 09:22:28', 3),
('54.36.148.67', '2018-01-10 01:19:57', 4),
('54.36.148.68', '2017-12-24 13:22:38', 5),
('54.36.148.69', '2018-02-24 13:11:05', 2),
('54.36.148.70', '2018-02-03 18:22:07', 5),
('54.36.148.71', '2017-12-23 04:19:07', 2),
('54.36.148.72', '2018-03-09 10:04:37', 3),
('54.36.148.73', '2018-02-16 23:31:06', 2),
('54.36.148.74', '2017-12-31 18:25:19', 2),
('54.36.148.75', '2018-04-30 09:04:17', 2),
('54.36.148.76', '2018-01-06 19:08:40', 4),
('54.36.148.77', '2017-12-28 07:22:14', 1),
('54.36.148.78', '2018-01-07 15:40:49', 1),
('54.36.148.79', '2017-12-21 23:32:26', 7),
('54.36.148.80', '2017-12-27 06:17:26', 2),
('54.36.148.82', '2018-01-03 13:10:20', 5),
('54.36.148.83', '2018-05-15 11:45:45', 2),
('54.36.148.84', '2017-12-28 08:42:22', 4),
('54.36.148.85', '2018-02-17 06:54:15', 2),
('54.36.148.86', '2018-01-12 19:00:59', 4),
('54.36.148.87', '2017-12-28 23:37:41', 3),
('54.36.148.89', '2018-04-28 15:06:34', 1),
('54.36.148.90', '2017-12-24 03:00:12', 3),
('54.36.148.91', '2018-02-07 15:10:04', 2),
('54.36.148.92', '2017-12-28 21:04:11', 2),
('54.36.148.93', '2017-12-28 08:41:17', 3),
('54.36.148.94', '2017-12-27 13:42:16', 3),
('54.36.148.95', '2017-12-30 17:22:55', 5),
('54.36.148.96', '2018-04-26 04:53:21', 3),
('54.36.148.97', '2017-12-24 12:04:07', 3),
('54.36.148.98', '2017-12-31 02:14:19', 4),
('54.36.148.99', '2018-04-06 20:45:54', 1),
('54.36.149.1', '2017-12-27 20:52:16', 4),
('54.36.149.10', '2017-12-23 06:58:30', 3),
('54.36.149.100', '2017-12-28 16:36:23', 3),
('54.36.149.101', '2017-12-24 09:47:50', 3),
('54.36.149.102', '2017-12-25 08:39:57', 2),
('54.36.149.103', '2018-01-06 10:43:56', 2),
('54.36.149.104', '2017-12-22 06:37:24', 3),
('54.36.149.105', '2018-01-01 15:28:10', 1),
('54.36.149.106', '2018-04-28 03:57:26', 2),
('54.36.149.107', '2018-02-01 12:19:48', 2),
('54.36.149.11', '2017-12-22 13:45:04', 6),
('54.36.149.12', '2018-02-21 06:24:12', 3),
('54.36.149.13', '2018-01-18 13:28:05', 3),
('54.36.149.14', '2017-12-26 10:09:30', 4),
('54.36.149.15', '2018-01-04 02:24:51', 6),
('54.36.149.16', '2018-01-11 05:12:16', 4),
('54.36.149.17', '2018-03-27 14:17:10', 2),
('54.36.149.171', '2017-12-26 17:36:58', 4),
('54.36.149.174', '2018-01-03 06:23:32', 2),
('54.36.149.176', '2018-02-16 11:17:50', 1),
('54.36.149.18', '2018-02-18 20:09:45', 3),
('54.36.149.181', '2018-03-03 23:53:20', 1),
('54.36.149.184', '2018-01-10 15:56:33', 1),
('54.36.149.186', '2018-02-21 06:45:38', 1),
('54.36.149.187', '2018-02-14 22:23:39', 2),
('54.36.149.188', '2017-12-31 22:47:04', 4),
('54.36.149.189', '2018-01-07 06:27:46', 2),
('54.36.149.19', '2018-05-31 16:21:40', 1),
('54.36.149.190', '2017-12-25 03:17:09', 14),
('54.36.149.193', '2018-02-16 01:44:15', 14),
('54.36.149.194', '2018-01-01 07:37:17', 2),
('54.36.149.195', '2018-01-10 13:11:41', 22),
('54.36.149.196', '2017-12-22 21:46:43', 5),
('54.36.149.197', '2018-03-06 22:17:12', 4),
('54.36.149.198', '2018-01-01 05:16:09', 2),
('54.36.149.2', '2018-01-05 23:38:33', 2),
('54.36.149.20', '2017-12-29 21:58:19', 1),
('54.36.149.200', '2018-01-11 23:28:35', 2),
('54.36.149.201', '2018-01-02 12:16:42', 4),
('54.36.149.204', '2017-12-27 05:32:17', 4),
('54.36.149.21', '2018-02-07 13:41:50', 1),
('54.36.149.22', '2018-01-02 02:05:17', 1),
('54.36.149.23', '2017-12-23 20:33:55', 3),
('54.36.149.24', '2018-01-03 14:15:28', 3),
('54.36.149.25', '2018-01-17 19:42:56', 2),
('54.36.149.26', '2017-12-25 19:00:54', 2),
('54.36.149.27', '2018-01-18 01:47:27', 5),
('54.36.149.28', '2017-12-25 20:27:45', 3),
('54.36.149.29', '2018-01-10 17:11:46', 1),
('54.36.149.3', '2017-12-25 20:14:37', 3),
('54.36.149.30', '2018-05-06 23:06:01', 1),
('54.36.149.31', '2018-01-13 10:30:13', 3),
('54.36.149.32', '2018-05-08 21:01:03', 1),
('54.36.149.33', '2018-01-01 14:33:59', 1),
('54.36.149.34', '2018-04-05 16:15:25', 1),
('54.36.149.35', '2018-04-27 17:10:22', 1),
('54.36.149.36', '2017-12-25 03:12:19', 5),
('54.36.149.37', '2018-02-22 15:03:33', 1),
('54.36.149.38', '2017-12-27 23:22:12', 1),
('54.36.149.39', '2018-01-09 17:13:32', 2),
('54.36.149.4', '2018-01-10 20:25:47', 5),
('54.36.149.40', '2017-12-24 12:54:35', 4),
('54.36.149.41', '2018-01-10 13:25:55', 1),
('54.36.149.42', '2017-12-24 02:49:52', 3),
('54.36.149.43', '2018-01-12 21:27:50', 2),
('54.36.149.44', '2018-01-09 04:47:09', 4),
('54.36.149.45', '2017-12-28 11:11:05', 4),
('54.36.149.46', '2017-12-23 13:19:22', 5),
('54.36.149.47', '2017-12-28 14:38:41', 1),
('54.36.149.48', '2017-12-24 04:53:51', 6),
('54.36.149.49', '2018-01-18 21:18:38', 3),
('54.36.149.5', '2018-01-03 14:05:56', 5),
('54.36.149.50', '2018-01-02 05:35:03', 5),
('54.36.149.51', '2017-12-26 21:59:16', 3),
('54.36.149.52', '2018-02-07 13:42:17', 4),
('54.36.149.53', '2017-12-24 20:13:31', 3),
('54.36.149.54', '2018-02-22 10:21:41', 2),
('54.36.149.55', '2018-01-06 01:40:14', 1),
('54.36.149.56', '2018-02-24 03:14:12', 1),
('54.36.149.57', '2018-02-20 06:35:40', 2),
('54.36.149.58', '2017-12-31 07:05:13', 2),
('54.36.149.59', '2018-02-22 06:27:41', 2),
('54.36.149.6', '2018-01-10 17:55:36', 3),
('54.36.149.60', '2018-01-02 01:55:21', 3),
('54.36.149.61', '2018-01-05 01:28:13', 2),
('54.36.149.62', '2017-12-28 02:03:52', 3),
('54.36.149.63', '2017-12-26 21:41:23', 4),
('54.36.149.64', '2017-12-24 02:59:57', 4),
('54.36.149.65', '2017-12-23 01:49:01', 5),
('54.36.149.66', '2017-12-29 06:00:24', 1),
('54.36.149.67', '2017-12-30 23:21:27', 3),
('54.36.149.68', '2018-05-02 10:33:31', 1),
('54.36.149.69', '2018-01-11 11:54:09', 3),
('54.36.149.7', '2018-01-10 12:35:16', 1),
('54.36.149.70', '2017-12-23 01:09:49', 5),
('54.36.149.71', '2018-01-10 11:48:43', 3),
('54.36.149.72', '2018-01-02 02:01:05', 3),
('54.36.149.73', '2018-01-01 21:47:15', 8),
('54.36.149.74', '2018-04-28 07:50:24', 2),
('54.36.149.75', '2018-04-04 15:33:36', 1),
('54.36.149.76', '2018-01-01 17:12:00', 6),
('54.36.149.77', '2018-02-18 18:18:05', 1),
('54.36.149.78', '2018-01-09 11:56:27', 4),
('54.36.149.8', '2018-01-06 02:12:52', 3),
('54.36.149.80', '2017-12-31 23:21:11', 5),
('54.36.149.81', '2018-03-23 06:26:48', 2),
('54.36.149.82', '2017-12-28 09:19:53', 1),
('54.36.149.83', '2018-05-13 17:02:20', 1),
('54.36.149.85', '2018-02-19 22:44:59', 1),
('54.36.149.86', '2018-02-02 08:01:18', 4),
('54.36.149.87', '2018-01-01 01:44:40', 5),
('54.36.149.88', '2018-05-14 16:28:17', 1),
('54.36.149.89', '2017-12-30 16:16:23', 4),
('54.36.149.9', '2018-01-12 04:37:11', 5),
('54.36.149.90', '2018-03-11 23:18:24', 4),
('54.36.149.91', '2018-03-09 13:38:45', 3),
('54.36.149.92', '2018-06-10 06:43:08', 1),
('54.36.149.93', '2018-01-11 20:45:31', 5),
('54.36.149.94', '2018-01-12 01:34:42', 4),
('54.36.149.95', '2018-01-07 11:09:09', 1);
INSERT INTO `visitors` (`ip`, `last_visite`, `view_page`) VALUES
('54.36.149.96', '2018-02-20 05:15:04', 2),
('54.36.149.97', '2017-12-29 18:14:45', 1),
('54.36.149.98', '2018-01-12 08:27:30', 1),
('54.36.149.99', '2018-01-12 20:42:45', 4),
('54.36.150.108', '2017-12-24 06:32:09', 21),
('54.36.150.179', '2017-12-23 13:06:04', 35),
('54.36.98.167', '2017-10-07 15:33:39', 1),
('54.37.137.37', '2017-12-06 03:29:49', 1),
('54.37.137.58', '2017-12-05 11:05:47', 1),
('54.37.233.16', '2018-04-19 04:51:02', 2),
('54.37.75.175', '2018-03-14 11:32:20', 1),
('54.37.85.105', '2018-03-01 18:08:02', 2),
('54.67.59.131', '2018-03-03 02:17:44', 23),
('54.67.67.222', '2017-11-01 13:04:17', 4),
('54.77.239.36', '2017-10-05 03:13:21', 5),
('54.80.36.87', '2018-01-28 16:33:21', 1),
('54.81.177.175', '2018-01-18 23:04:12', 125),
('54.81.190.103', '2017-09-18 23:40:45', 11),
('54.82.0.103', '2018-05-13 10:24:20', 1),
('54.84.167.34', '2018-03-14 06:10:01', 1),
('54.84.49.209', '2018-04-07 00:45:20', 2),
('54.85.182.120', '2017-10-21 09:08:39', 2),
('54.85.192.49', '2018-03-05 17:25:10', 1),
('54.86.217.238', '2018-03-05 17:25:05', 1),
('54.89.14.165', '2018-06-06 22:30:07', 1),
('54.89.26.95', '2018-06-12 00:14:13', 3),
('54.89.32.104', '2018-04-04 04:35:54', 2),
('54.89.79.219', '2017-12-03 09:06:12', 1),
('54.90.104.211', '2018-04-28 22:50:05', 6),
('54.91.102.215', '2017-11-25 09:10:39', 1),
('54.91.107.158', '2017-11-19 17:02:07', 1),
('54.91.108.69', '2018-03-03 15:52:17', 1),
('54.92.204.9', '2017-11-19 12:07:37', 5),
('57.66.124.36', '2018-03-21 14:37:28', 1),
('58.104.226.14', '2018-01-25 01:38:38', 2),
('58.187.175.47', '2018-01-20 05:34:22', 2),
('58.19.87.92', '2018-01-19 13:18:11', 2),
('58.27.241.20', '2018-02-27 06:16:07', 2),
('58.77.125.10', '2018-02-17 20:18:25', 2),
('58.91.134.35', '2018-01-28 09:46:43', 2),
('59.63.206.46', '2018-01-15 06:19:09', 1),
('59.90.216.97', '2018-01-13 05:49:11', 2),
('59.90.54.226', '2018-02-06 05:05:25', 2),
('59.92.162.30', '2018-02-15 14:36:58', 2),
('60.10.118.204', '2018-02-25 08:09:40', 1),
('60.112.138.153', '2018-01-30 01:05:12', 2),
('60.132.63.14', '2018-03-02 19:49:35', 2),
('60.225.55.195', '2018-02-04 01:40:00', 2),
('60.254.95.18', '2018-01-11 10:09:11', 2),
('60.48.102.181', '2018-01-25 05:25:11', 2),
('60.48.244.43', '2018-01-25 06:17:04', 2),
('60.49.66.103', '2018-02-08 15:51:17', 2),
('60.50.51.163', '2018-03-05 06:50:36', 2),
('60.52.46.223', '2018-02-01 07:14:57', 2),
('60.52.93.133', '2018-01-30 23:46:00', 2),
('60.53.130.20', '2018-01-19 08:17:17', 2),
('60.53.231.155', '2018-01-14 12:24:27', 2),
('60.53.254.230', '2018-02-05 13:49:54', 2),
('60.54.35.219', '2018-01-23 10:06:07', 2),
('60.54.97.229', '2018-01-15 08:39:43', 2),
('61.6.235.67', '2018-01-19 05:16:51', 2),
('61.6.70.102', '2018-03-03 22:58:21', 1),
('61.69.154.239', '2018-01-16 00:28:56', 2),
('62.1.218.248', '2017-12-16 13:41:42', 1),
('62.128.48.166', '2018-01-22 01:53:20', 2),
('62.138.2.243', '2017-11-24 11:38:50', 9),
('62.162.193.197', '2018-01-31 12:37:49', 2),
('62.205.87.236', '2018-03-10 18:24:27', 2),
('62.210.101.170', '2017-11-24 06:59:06', 7),
('62.210.111.21', '2017-09-29 21:41:53', 1),
('62.210.111.90', '2018-05-19 18:40:20', 8),
('62.210.142.110', '2017-09-17 08:25:47', 147),
('62.210.152.248', '2018-04-10 18:23:16', 2),
('62.210.157.129', '2018-05-04 07:00:04', 3),
('62.210.157.95', '2017-12-16 19:23:39', 17),
('62.210.181.15', '2018-01-17 02:52:56', 7),
('62.210.248.185', '2018-01-11 14:33:12', 1),
('62.212.42.63', '2018-02-19 18:16:48', 2),
('62.215.206.170', '2018-01-24 11:04:35', 2),
('62.235.29.143', '2017-11-13 21:04:43', 1),
('62.28.101.30', '2018-02-22 14:22:41', 2),
('62.4.15.41', '2018-04-18 07:46:17', 1),
('62.45.95.213', '2018-03-07 21:13:34', 2),
('62.56.141.33', '2018-04-25 11:00:45', 2),
('62.64.226.159', '2018-03-08 21:55:36', 2),
('62.72.91.94', '2017-10-06 01:29:48', 1),
('62.75.137.71', '2018-03-27 22:54:56', 1),
('62.80.225.131', '2018-03-07 19:55:50', 2),
('62.84.241.134', '2017-09-19 11:42:47', 1),
('62.98.8.98', '2018-01-31 11:56:15', 2),
('64.120.30.149', '2017-12-29 13:53:05', 1),
('64.120.56.210', '2017-12-16 10:14:54', 123),
('64.121.10.130', '2018-01-20 03:37:06', 2),
('64.189.110.65', '2018-01-20 03:57:21', 2),
('64.202.160.161', '2017-10-27 20:29:26', 2),
('64.233.172.178', '2017-09-16 13:04:36', 2),
('64.233.172.225', '2017-11-08 15:51:02', 2),
('64.233.173.12', '2017-10-16 09:48:10', 1),
('64.233.173.14', '2017-09-16 10:57:45', 2),
('64.246.161.190', '2018-01-26 08:06:38', 1),
('64.246.161.30', '2018-03-03 06:57:52', 3),
('64.246.165.10', '2018-04-08 04:02:05', 1),
('64.246.165.150', '2018-02-13 07:15:09', 1),
('64.246.165.160', '2017-12-13 04:18:26', 2),
('64.246.165.170', '2018-04-26 03:13:50', 1),
('64.246.165.200', '2018-05-31 23:59:58', 1),
('64.246.165.50', '2018-01-04 04:49:34', 2),
('64.246.187.42', '2017-11-07 07:35:23', 2),
('64.91.234.91', '2017-09-18 11:34:38', 10),
('65.132.59.34', '2018-02-28 02:56:46', 6),
('65.184.59.104', '2018-01-10 18:22:37', 2),
('65.24.226.210', '2018-02-27 23:27:28', 1),
('65.55.210.212', '2018-01-03 12:48:23', 1),
('65.99.237.226', '2017-09-19 12:17:15', 1),
('66.102.6.204', '2017-11-03 13:37:58', 4),
('66.102.6.206', '2017-11-03 13:37:48', 11),
('66.102.6.208', '2017-11-03 13:37:48', 8),
('66.102.6.227', '2017-11-14 18:39:44', 5),
('66.102.6.229', '2017-11-14 18:39:44', 4),
('66.102.6.231', '2017-11-14 18:36:42', 9),
('66.102.7.157', '2018-01-14 19:57:25', 4),
('66.102.7.158', '2018-01-14 19:59:00', 1),
('66.102.7.159', '2018-01-14 19:59:00', 4),
('66.102.7.189', '2018-04-24 20:53:12', 2),
('66.102.7.190', '2018-02-17 19:08:38', 1),
('66.102.7.191', '2018-04-08 23:26:14', 2),
('66.102.7.230', '2018-04-18 19:05:20', 1),
('66.102.7.40', '2018-05-25 12:28:19', 1),
('66.102.8.140', '2018-04-12 22:51:39', 2),
('66.102.8.200', '2018-01-14 19:59:03', 1),
('66.102.8.202', '2018-03-03 07:07:09', 6),
('66.102.8.204', '2018-02-27 07:49:29', 3),
('66.102.8.206', '2017-10-06 07:51:28', 3),
('66.102.8.208', '2017-09-16 13:05:52', 5),
('66.102.8.210', '2017-10-26 05:51:19', 4),
('66.102.8.8', '2018-02-26 08:43:42', 1),
('66.102.9.11', '2018-03-17 15:52:34', 1),
('66.102.9.17', '2018-04-25 11:30:49', 1),
('66.102.9.21', '2017-10-26 15:46:46', 1),
('66.102.9.24', '2017-10-21 07:18:32', 1),
('66.117.8.42', '2018-04-01 02:38:18', 1),
('66.175.147.4', '2018-01-16 06:48:15', 2),
('66.181.179.121', '2018-02-21 17:18:51', 2),
('66.199.115.58', '2018-03-02 01:19:28', 2),
('66.220.145.149', '2017-10-26 05:25:21', 1),
('66.220.145.150', '2017-10-21 07:09:47', 1),
('66.220.151.178', '2017-11-18 06:59:27', 2),
('66.220.151.179', '2017-11-08 12:48:55', 1),
('66.220.151.183', '2017-09-17 08:53:10', 1),
('66.220.151.210', '2017-12-17 13:18:48', 1),
('66.220.151.87', '2017-12-18 09:50:51', 1),
('66.220.151.89', '2018-04-05 12:17:53', 2),
('66.220.151.90', '2017-12-10 23:36:47', 1),
('66.220.152.129', '2017-09-17 09:08:03', 1),
('66.220.152.169', '2017-11-03 11:00:24', 1),
('66.220.152.173', '2017-09-17 08:56:48', 1),
('66.220.155.214', '2017-11-02 15:35:28', 1),
('66.220.155.245', '2017-10-12 10:35:38', 1),
('66.220.156.150', '2017-11-24 07:10:10', 1),
('66.220.156.176', '2017-09-17 08:58:40', 1),
('66.220.156.177', '2017-09-17 08:58:40', 1),
('66.220.156.20', '2018-01-02 12:17:29', 1),
('66.220.156.54', '2017-11-15 22:25:48', 1),
('66.220.156.56', '2017-11-13 08:20:45', 1),
('66.220.156.57', '2018-01-14 17:53:05', 1),
('66.220.156.58', '2018-01-10 13:09:58', 1),
('66.220.156.60', '2017-09-17 08:58:40', 1),
('66.226.63.90', '2018-01-13 07:39:46', 2),
('66.242.15.103', '2017-09-28 06:20:14', 7),
('66.249.64.1', '2018-01-06 17:03:08', 1),
('66.249.64.136', '2017-10-11 19:26:04', 29),
('66.249.64.138', '2018-01-16 07:31:59', 36),
('66.249.64.140', '2018-01-16 03:47:13', 40),
('66.249.64.143', '2017-10-11 18:52:30', 4),
('66.249.64.145', '2017-10-12 04:33:27', 1),
('66.249.64.147', '2017-10-11 18:52:24', 3),
('66.249.64.18', '2017-11-06 15:00:51', 2),
('66.249.64.198', '2017-10-12 17:51:03', 1),
('66.249.64.200', '2017-10-12 04:44:34', 6),
('66.249.64.202', '2018-01-26 04:13:09', 5),
('66.249.64.204', '2018-01-08 18:47:35', 6),
('66.249.64.207', '2018-01-08 11:29:56', 9),
('66.249.64.209', '2018-01-08 11:29:55', 10),
('66.249.64.211', '2017-12-10 01:33:28', 10),
('66.249.64.22', '2017-12-19 17:45:51', 1),
('66.249.64.23', '2018-02-10 20:53:57', 1),
('66.249.64.24', '2017-09-23 05:11:05', 2),
('66.249.64.25', '2017-09-23 05:11:06', 58),
('66.249.64.26', '2018-01-12 19:02:07', 62),
('66.249.64.27', '2017-10-06 18:31:03', 163),
('66.249.64.28', '2017-09-22 13:04:51', 182),
('66.249.64.29', '2017-09-20 05:39:02', 195),
('66.249.64.3', '2018-01-06 00:46:21', 3),
('66.249.64.30', '2017-09-21 11:09:03', 85),
('66.249.64.5', '2018-01-06 15:07:25', 1),
('66.249.64.65', '2018-01-06 07:16:25', 6),
('66.249.64.69', '2018-03-04 12:54:01', 2),
('66.249.64.70', '2018-03-04 13:01:37', 1),
('66.249.64.72', '2017-10-14 15:03:14', 666),
('66.249.64.74', '2017-10-07 07:55:07', 544),
('66.249.64.76', '2017-10-16 02:31:19', 467),
('66.249.64.79', '2017-09-16 05:50:33', 685),
('66.249.64.81', '2017-09-16 05:09:35', 213),
('66.249.64.83', '2017-09-16 05:50:36', 200),
('66.249.64.85', '2018-01-06 17:04:55', 2),
('66.249.64.87', '2018-01-06 19:06:07', 1),
('66.249.64.91', '2018-01-06 02:55:10', 3),
('66.249.64.95', '2017-11-12 05:42:59', 5),
('66.249.65.159', '2018-03-16 23:38:15', 1),
('66.249.65.67', '2017-09-17 06:38:48', 3),
('66.249.65.69', '2017-09-16 17:57:49', 2),
('66.249.65.93', '2018-02-23 21:21:53', 20),
('66.249.65.94', '2018-02-23 21:22:18', 20),
('66.249.65.95', '2018-02-23 22:07:11', 12),
('66.249.66.11', '2017-09-28 23:04:28', 19),
('66.249.66.128', '2018-04-17 15:06:35', 1),
('66.249.66.129', '2018-02-21 20:27:02', 10),
('66.249.66.13', '2017-09-26 03:10:38', 21),
('66.249.66.150', '2017-10-09 02:56:03', 3),
('66.249.66.152', '2017-10-09 02:56:03', 1),
('66.249.66.153', '2017-10-09 18:00:53', 3),
('66.249.66.155', '2017-10-08 21:08:53', 4),
('66.249.66.156', '2017-10-08 21:08:53', 3),
('66.249.66.157', '2018-01-25 08:04:14', 49),
('66.249.66.158', '2017-11-14 02:14:46', 57),
('66.249.66.159', '2017-11-14 02:14:43', 54),
('66.249.66.198', '2017-11-15 06:23:26', 2),
('66.249.66.200', '2017-10-10 01:36:02', 7),
('66.249.66.202', '2017-10-10 06:53:33', 1),
('66.249.66.204', '2018-01-27 02:33:23', 1),
('66.249.66.207', '2017-10-10 14:47:29', 11),
('66.249.66.209', '2017-10-09 23:35:59', 9),
('66.249.66.211', '2017-10-10 12:26:39', 4),
('66.249.66.219', '2017-11-15 16:44:04', 2),
('66.249.66.28', '2017-10-11 07:49:52', 1),
('66.249.66.29', '2017-10-11 09:37:13', 1),
('66.249.66.30', '2017-09-29 20:27:51', 1),
('66.249.66.4', '2017-09-27 11:02:38', 33),
('66.249.66.6', '2017-09-27 11:02:39', 29),
('66.249.66.72', '2017-10-27 08:21:49', 1),
('66.249.66.74', '2017-10-27 08:21:39', 1),
('66.249.66.75', '2017-10-27 09:32:34', 1),
('66.249.66.76', '2017-09-28 03:09:46', 12),
('66.249.66.77', '2017-09-28 03:09:45', 10),
('66.249.66.78', '2017-10-05 09:49:41', 7),
('66.249.66.8', '2017-12-03 05:04:11', 13),
('66.249.66.81', '2017-09-18 23:32:23', 58),
('66.249.66.82', '2017-09-18 16:38:43', 64),
('66.249.66.83', '2017-09-25 08:56:38', 49),
('66.249.66.84', '2017-10-01 20:08:29', 129),
('66.249.66.85', '2017-09-24 16:40:21', 94),
('66.249.66.86', '2018-01-13 18:45:27', 85),
('66.249.66.88', '2017-09-25 11:09:12', 6),
('66.249.66.89', '2017-09-19 08:43:17', 8),
('66.249.66.9', '2017-09-26 04:43:27', 22),
('66.249.66.90', '2017-09-18 15:26:49', 4),
('66.249.69.102', '2017-11-09 11:31:11', 2),
('66.249.69.104', '2017-11-09 12:44:21', 82),
('66.249.69.106', '2018-01-18 02:10:00', 86),
('66.249.69.108', '2018-01-18 01:29:06', 53),
('66.249.69.119', '2017-11-09 22:09:24', 2),
('66.249.69.202', '2017-12-29 07:25:11', 1),
('66.249.69.204', '2017-12-29 07:25:11', 1),
('66.249.69.207', '2017-12-27 22:23:28', 3),
('66.249.69.209', '2017-12-27 22:00:21', 4),
('66.249.69.211', '2017-12-28 09:29:11', 3),
('66.249.69.55', '2018-02-05 04:32:44', 7),
('66.249.69.57', '2018-01-18 10:30:05', 3),
('66.249.69.59', '2018-01-18 10:30:05', 6),
('66.249.69.67', '2017-10-04 06:29:41', 1),
('66.249.69.72', '2017-10-04 14:57:44', 2),
('66.249.69.74', '2018-02-06 01:16:45', 1),
('66.249.69.99', '2017-11-09 23:05:55', 2),
('66.249.70.23', '2017-11-28 22:08:53', 11),
('66.249.70.25', '2018-01-16 18:40:09', 10),
('66.249.70.27', '2018-01-25 21:11:39', 9),
('66.249.70.6', '2018-01-08 12:22:45', 2),
('66.249.70.8', '2018-01-08 17:41:55', 1),
('66.249.73.136', '2017-09-17 07:18:56', 1),
('66.249.73.151', '2018-02-24 07:02:41', 1),
('66.249.73.153', '2018-02-23 11:30:28', 8),
('66.249.73.155', '2018-03-30 06:44:16', 1),
('66.249.73.198', '2018-02-23 01:41:56', 9),
('66.249.73.200', '2018-02-23 04:59:20', 3),
('66.249.73.202', '2018-03-29 13:45:07', 3),
('66.249.75.142', '2018-02-15 20:01:21', 32),
('66.249.75.144', '2018-02-15 17:48:07', 32),
('66.249.75.146', '2018-02-26 08:33:36', 28),
('66.249.75.195', '2017-12-28 17:54:36', 3),
('66.249.75.198', '2017-10-04 00:42:03', 6),
('66.249.75.200', '2017-10-04 00:41:54', 6),
('66.249.75.204', '2017-11-09 12:53:20', 1),
('66.249.75.207', '2017-11-09 16:07:26', 4),
('66.249.75.209', '2017-11-09 16:29:27', 1),
('66.249.75.211', '2017-10-04 15:07:23', 2),
('66.249.75.215', '2017-12-27 21:07:41', 4),
('66.249.75.217', '2017-12-28 17:51:54', 1),
('66.249.75.219', '2017-12-29 12:49:55', 1),
('66.249.75.23', '2018-02-15 10:37:49', 1),
('66.249.75.25', '2018-02-15 10:37:50', 1),
('66.249.75.85', '2018-02-16 00:02:18', 11),
('66.249.75.87', '2018-03-12 08:59:59', 7),
('66.249.75.88', '2018-02-26 00:16:58', 4),
('66.249.79.74', '2017-11-24 20:54:50', 1),
('66.249.80.46', '2017-11-02 15:02:59', 1),
('66.249.80.50', '2017-11-02 00:45:37', 3),
('66.249.81.136', '2017-11-25 21:59:58', 1),
('66.249.81.14', '2017-11-25 17:18:15', 1),
('66.249.81.172', '2018-06-09 07:36:08', 1),
('66.249.81.40', '2018-02-12 13:23:36', 1),
('66.249.81.46', '2017-12-11 12:59:56', 1),
('66.249.81.48', '2018-01-11 08:37:32', 2),
('66.249.81.50', '2018-01-11 08:38:34', 1),
('66.249.83.216', '2017-11-02 00:45:53', 2),
('66.249.83.218', '2017-10-25 15:41:39', 3),
('66.249.83.220', '2017-11-02 00:45:37', 5),
('66.249.83.221', '2018-03-09 18:40:15', 5),
('66.249.83.222', '2018-03-09 18:40:20', 7),
('66.249.83.223', '2018-03-09 18:40:15', 8),
('66.249.83.81', '2017-09-16 13:05:06', 12),
('66.249.83.82', '2017-09-21 10:40:12', 7),
('66.249.83.83', '2017-09-20 11:29:43', 9),
('66.249.83.84', '2018-01-14 19:57:18', 9),
('66.249.83.85', '2018-01-14 19:59:03', 18),
('66.249.83.86', '2018-02-06 22:56:57', 12),
('66.249.87.35', '2017-11-09 11:31:15', 3),
('66.249.87.40', '2018-01-18 02:44:34', 69),
('66.249.87.42', '2018-01-18 02:44:23', 36),
('66.249.87.44', '2018-01-18 02:49:11', 12),
('66.249.87.48', '2018-02-06 16:52:42', 1),
('66.249.88.154', '2018-02-06 22:56:57', 1),
('66.249.88.74', '2018-05-24 12:25:43', 1),
('66.249.88.76', '2018-05-23 12:44:32', 2),
('66.249.89.1', '2018-01-04 09:48:41', 26),
('66.249.89.136', '2018-01-14 04:45:07', 357),
('66.249.89.138', '2018-01-14 04:45:20', 165),
('66.249.89.140', '2018-01-14 04:45:03', 82),
('66.249.89.142', '2018-06-05 01:13:00', 1),
('66.249.89.143', '2017-09-18 14:38:39', 131),
('66.249.89.145', '2017-09-18 09:28:51', 72),
('66.249.89.147', '2017-09-19 17:45:48', 65),
('66.249.89.149', '2018-01-06 18:15:39', 1),
('66.249.89.151', '2018-01-06 18:18:26', 1),
('66.249.89.157', '2017-11-13 15:47:13', 1),
('66.249.89.159', '2018-01-06 02:57:27', 1),
('66.249.89.195', '2017-10-12 04:45:02', 27),
('66.249.89.198', '2017-10-12 04:44:34', 7),
('66.249.89.200', '2017-10-12 04:46:50', 31),
('66.249.89.202', '2018-01-25 22:49:24', 8),
('66.249.89.204', '2018-01-25 22:14:15', 6),
('66.249.89.21', '2017-12-19 17:45:58', 18),
('66.249.89.210', '2017-12-10 01:33:28', 1),
('66.249.89.22', '2017-12-19 17:45:51', 13),
('66.249.89.23', '2017-09-23 13:46:59', 20),
('66.249.89.24', '2017-09-23 13:51:51', 34),
('66.249.89.25', '2017-09-23 13:46:59', 142),
('66.249.89.26', '2018-01-12 05:50:56', 63),
('66.249.89.27', '2018-01-12 05:53:18', 32),
('66.249.89.28', '2017-09-17 17:03:56', 800),
('66.249.89.29', '2017-09-17 16:57:51', 338),
('66.249.89.3', '2018-01-06 08:45:51', 13),
('66.249.89.30', '2017-09-17 16:45:42', 157),
('66.249.89.31', '2018-01-02 10:49:50', 4),
('66.249.89.5', '2018-01-06 08:46:17', 2),
('66.249.89.72', '2018-01-16 03:47:14', 90),
('66.249.89.74', '2018-01-16 03:47:47', 50),
('66.249.89.76', '2018-01-16 03:47:14', 25),
('66.249.89.79', '2017-10-12 06:54:08', 3),
('66.249.89.81', '2017-10-12 06:54:02', 3),
('66.249.89.83', '2017-10-12 07:06:13', 3),
('66.249.90.101', '2017-09-17 07:18:55', 6),
('66.249.90.103', '2017-09-17 07:21:23', 2),
('66.249.90.125', '2018-03-17 12:11:55', 1),
('66.249.90.126', '2018-03-17 12:11:24', 3),
('66.249.90.127', '2018-02-24 14:33:56', 3),
('66.249.90.168', '2018-02-23 03:05:09', 2),
('66.249.90.170', '2018-02-23 07:44:29', 2),
('66.249.90.94', '2018-03-16 21:13:36', 1),
('66.249.90.99', '2017-09-17 12:40:01', 2),
('66.249.91.111', '2017-12-29 15:44:02', 1),
('66.249.91.113', '2017-12-28 16:32:17', 2),
('66.249.91.115', '2017-12-27 20:43:15', 1),
('66.249.91.152', '2018-02-15 14:39:51', 1),
('66.249.91.189', '2018-02-27 07:31:40', 1),
('66.249.91.206', '2018-02-26 00:34:04', 93),
('66.249.91.208', '2018-02-25 20:35:23', 40),
('66.249.91.210', '2018-02-25 19:11:08', 16),
('66.249.91.227', '2017-12-29 12:45:53', 20),
('66.249.91.229', '2017-12-29 12:46:29', 8),
('66.249.91.231', '2017-12-29 12:45:53', 5),
('66.249.91.238', '2017-10-04 15:07:25', 3),
('66.249.91.240', '2017-11-09 13:31:38', 2),
('66.249.91.35', '2017-10-04 08:44:20', 15),
('66.249.91.38', '2017-10-04 08:46:17', 5),
('66.249.91.40', '2017-10-04 08:43:55', 6),
('66.249.92.11', '2017-09-26 11:00:40', 85),
('66.249.92.13', '2017-09-26 11:00:40', 33),
('66.249.92.139', '2017-11-27 15:36:09', 2),
('66.249.92.140', '2017-10-05 12:32:12', 2),
('66.249.92.141', '2017-10-03 15:12:01', 4),
('66.249.92.142', '2017-09-30 18:10:52', 1),
('66.249.92.145', '2017-09-26 17:03:23', 25),
('66.249.92.146', '2017-09-24 22:13:12', 31),
('66.249.92.147', '2017-09-24 18:33:01', 23),
('66.249.92.148', '2018-01-13 22:21:45', 194),
('66.249.92.149', '2018-01-13 22:21:25', 79),
('66.249.92.15', '2017-12-15 19:45:00', 4),
('66.249.92.150', '2018-01-13 15:47:12', 59),
('66.249.92.152', '2017-09-18 15:26:50', 97),
('66.249.92.153', '2017-09-19 08:43:55', 23),
('66.249.92.154', '2017-09-19 08:46:02', 12),
('66.249.92.17', '2018-01-10 06:51:43', 1),
('66.249.92.200', '2017-11-15 11:37:30', 2),
('66.249.92.207', '2017-11-15 13:57:44', 1),
('66.249.92.209', '2017-11-15 13:56:46', 4),
('66.249.92.211', '2017-11-15 12:37:39', 1),
('66.249.92.29', '2017-09-29 20:27:51', 2),
('66.249.92.64', '2018-03-13 12:00:24', 1),
('66.249.92.84', '2017-12-19 04:18:46', 1),
('66.249.92.86', '2017-12-19 04:17:38', 2),
('66.249.92.88', '2017-12-19 04:16:42', 2),
('66.249.92.89', '2017-10-09 15:37:52', 3),
('66.249.92.9', '2017-09-26 12:43:28', 199),
('66.249.92.91', '2017-10-08 22:18:40', 4),
('66.249.92.92', '2017-12-19 04:04:54', 1),
('66.249.92.93', '2018-03-13 06:53:31', 79),
('66.249.92.94', '2018-03-13 06:52:30', 26),
('66.249.92.95', '2018-01-27 06:51:45', 14),
('66.249.93.200', '2017-10-02 05:06:31', 9),
('66.249.93.202', '2017-10-02 05:06:15', 5),
('66.249.93.204', '2017-10-01 18:07:29', 33),
('66.249.93.205', '2017-11-08 15:55:47', 7),
('66.249.93.206', '2017-10-01 18:07:30', 14),
('66.249.93.211', '2018-02-21 13:37:14', 2),
('66.249.93.212', '2018-02-20 11:02:47', 1),
('66.249.93.213', '2018-02-20 12:41:05', 1),
('66.249.93.24', '2018-01-11 10:05:05', 1),
('66.249.93.25', '2018-04-03 07:13:26', 3),
('66.249.93.26', '2018-04-05 18:18:45', 3),
('66.249.93.27', '2018-03-28 12:22:33', 4),
('66.249.93.28', '2017-09-28 09:32:39', 23),
('66.249.93.29', '2017-09-18 10:20:37', 28),
('66.249.93.30', '2017-09-18 14:12:29', 30),
('66.249.93.40', '2018-04-11 16:34:44', 1),
('66.249.93.44', '2018-04-07 15:33:53', 1),
('66.249.93.65', '2017-12-21 13:47:10', 1),
('66.249.93.69', '2017-11-14 18:36:44', 3),
('66.249.93.70', '2017-11-14 18:43:19', 4),
('66.249.93.72', '2017-11-14 18:39:46', 28),
('66.249.93.74', '2017-11-14 19:13:17', 20),
('66.249.93.76', '2018-02-12 13:23:36', 17),
('66.249.93.78', '2017-09-16 13:06:39', 177),
('66.249.93.80', '2017-09-16 13:04:15', 161),
('66.249.93.82', '2017-09-16 13:02:36', 161),
('66.42.188.179', '2018-03-10 09:23:31', 2),
('66.70.177.218', '2018-02-12 01:56:27', 1),
('66.87.118.133', '2017-10-05 07:05:35', 1),
('67.11.131.23', '2017-11-13 16:54:03', 1),
('67.141.11.82', '2018-01-21 10:13:45', 2),
('67.143.192.199', '2018-02-19 12:53:01', 2),
('67.170.247.103', '2017-10-01 14:58:42', 1),
('67.20.21.148', '2018-01-21 21:47:27', 2),
('67.215.11.14', '2018-01-17 18:08:23', 2),
('67.215.230.82', '2017-10-27 17:43:43', 1),
('67.215.230.87', '2017-10-29 18:41:55', 1),
('67.215.230.89', '2017-10-27 00:21:32', 1),
('67.215.230.93', '2017-10-24 20:31:31', 2),
('67.225.163.34', '2017-09-18 11:34:36', 14),
('67.225.226.6', '2017-09-18 11:34:40', 9),
('67.70.33.77', '2018-02-18 19:24:22', 1),
('67.8.95.107', '2018-01-14 23:41:41', 2),
('67.80.60.162', '2018-01-10 17:39:27', 2),
('68.144.137.197', '2018-02-27 19:41:35', 2),
('68.180.231.55', '2018-01-06 08:08:43', 2),
('68.181.88.187', '2018-01-18 05:59:54', 2),
('68.203.171.179', '2018-03-01 20:45:11', 2),
('68.39.211.199', '2018-02-03 12:08:46', 4),
('68.67.155.230', '2018-02-22 17:29:03', 5),
('68.71.57.172', '2018-03-02 02:42:25', 1),
('68.8.174.117', '2018-01-20 21:44:54', 2),
('68.96.82.136', '2018-01-22 23:49:59', 2),
('69.12.66.200', '2018-05-25 11:09:24', 4),
('69.12.66.213', '2018-04-20 23:49:26', 1),
('69.12.66.250', '2018-05-06 19:53:21', 2),
('69.158.15.93', '2018-02-17 10:47:58', 2),
('69.171.225.52', '2017-09-17 08:58:42', 1),
('69.171.225.74', '2017-09-17 08:58:42', 1),
('69.171.225.82', '2017-09-17 08:56:49', 1),
('69.171.225.83', '2017-09-17 06:26:58', 1),
('69.171.225.89', '2017-09-15 21:44:16', 1),
('69.171.240.17', '2018-01-18 06:37:30', 1),
('69.171.240.23', '2017-12-19 11:58:54', 1),
('69.204.105.237', '2018-02-21 07:23:09', 2),
('69.250.100.179', '2018-02-26 05:05:20', 2),
('69.28.84.148', '2018-03-09 13:05:18', 1),
('69.30.198.178', '2018-04-05 17:08:28', 2),
('69.30.198.242', '2018-02-18 14:33:11', 3),
('69.30.210.242', '2018-05-28 04:14:38', 7),
('69.30.213.138', '2017-12-15 08:36:41', 145),
('69.30.213.82', '2017-12-17 11:07:35', 15),
('69.30.226.234', '2018-05-25 06:00:43', 4),
('69.58.178.57', '2017-11-08 10:16:14', 37),
('69.58.178.58', '2017-10-11 04:00:46', 44),
('69.58.178.59', '2018-01-07 12:52:14', 11),
('69.63.188.109', '2017-09-17 08:58:42', 1),
('69.63.188.125', '2017-09-17 08:58:05', 1),
('69.63.188.207', '2017-09-17 08:58:43', 1),
('69.63.188.216', '2017-09-17 08:58:05', 1),
('69.84.207.246', '2018-02-28 03:30:37', 13),
('69.89.31.221', '2017-09-18 01:25:44', 1),
('70.119.108.74', '2018-01-15 12:22:05', 2),
('70.163.55.207', '2018-02-16 14:05:24', 2),
('70.29.176.169', '2018-02-05 22:43:53', 2),
('70.30.122.202', '2018-02-20 02:04:39', 2),
('70.31.241.157', '2018-02-18 00:23:30', 2),
('70.35.198.245', '2017-09-17 11:37:52', 1),
('70.42.131.170', '2018-03-02 13:11:41', 1),
('70.71.75.129', '2018-02-22 02:42:43', 2),
('70.78.180.43', '2018-01-24 18:23:03', 2),
('70.79.162.25', '2018-01-23 02:03:08', 2),
('70.83.193.154', '2018-01-12 04:48:54', 2),
('71.167.112.55', '2018-02-11 20:41:56', 2),
('71.194.85.75', '2018-01-13 23:23:29', 2),
('71.236.56.63', '2018-02-02 16:23:38', 2),
('71.238.188.109', '2018-01-20 21:48:35', 2),
('71.60.224.34', '2018-02-26 06:58:37', 2),
('71.60.30.220', '2018-02-08 21:10:21', 2),
('71.93.230.185', '2018-02-06 06:25:55', 2),
('71.95.187.220', '2018-02-17 05:08:55', 2),
('72.182.99.177', '2018-01-23 03:46:20', 2),
('72.185.133.24', '2018-01-11 21:04:52', 2),
('72.188.25.57', '2018-01-26 23:52:31', 2),
('72.225.191.185', '2018-01-10 23:22:29', 2),
('72.252.198.182', '2018-02-23 15:24:14', 2),
('72.253.13.0', '2018-02-23 04:48:00', 2),
('72.27.138.42', '2018-02-23 23:09:14', 2),
('72.27.212.182', '2018-03-08 15:07:08', 2),
('72.30.14.101', '2017-09-29 20:27:21', 4),
('72.30.14.103', '2017-11-23 17:40:46', 2),
('72.30.14.104', '2017-12-19 11:58:40', 3),
('72.30.14.105', '2017-10-12 06:59:45', 3),
('72.30.14.109', '2017-12-17 07:40:01', 6),
('72.30.14.115', '2018-01-10 13:10:20', 3),
('72.30.14.116', '2018-01-24 05:09:30', 2),
('72.30.14.120', '2017-09-27 07:32:21', 4),
('72.30.14.121', '2017-09-17 08:48:19', 7),
('72.30.14.123', '2018-03-12 11:17:45', 2),
('72.30.14.14', '2017-11-14 21:45:20', 9),
('72.30.14.64', '2017-09-27 09:51:00', 1),
('72.30.14.70', '2017-10-01 11:58:11', 11),
('72.30.14.73', '2017-11-25 10:19:56', 2),
('72.30.14.8', '2017-12-18 11:25:48', 2),
('72.30.14.80', '2018-01-02 14:11:00', 2),
('72.30.14.83', '2017-09-30 04:55:06', 2),
('72.30.14.86', '2017-10-21 07:09:38', 8),
('72.30.14.88', '2017-09-29 21:30:15', 4),
('72.30.14.89', '2017-12-30 10:20:04', 1),
('72.30.14.94', '2017-11-19 16:16:27', 4),
('72.30.14.96', '2017-11-11 06:55:40', 11),
('72.30.14.97', '2018-02-26 07:23:03', 8),
('72.30.14.98', '2018-01-18 07:21:31', 3),
('72.52.75.27', '2017-10-23 09:45:20', 2),
('72.89.63.171', '2018-01-23 10:32:05', 2),
('72.9.226.189', '2018-06-09 17:32:08', 46),
('73.115.122.206', '2017-10-01 01:32:56', 5),
('73.120.24.189', '2018-01-30 03:20:13', 2),
('73.13.149.85', '2018-03-08 23:18:56', 2),
('73.132.81.127', '2018-02-15 16:53:29', 2),
('73.134.235.59', '2018-02-02 16:06:54', 2),
('73.153.32.185', '2018-02-28 04:08:43', 2),
('73.155.65.94', '2017-10-03 15:45:56', 1),
('73.158.81.237', '2018-02-24 11:21:58', 2),
('73.170.238.214', '2018-02-22 12:36:07', 2),
('73.21.117.125', '2017-10-05 17:51:02', 1),
('73.220.56.151', '2018-02-24 00:06:58', 2),
('73.231.149.194', '2018-02-11 08:53:17', 2),
('73.232.187.11', '2018-01-31 18:45:15', 2),
('73.235.106.240', '2018-01-24 05:44:39', 2),
('73.238.209.169', '2018-01-21 18:09:10', 2),
('73.240.55.8', '2018-02-07 04:11:00', 2),
('73.240.66.234', '2018-01-11 03:31:54', 2),
('73.27.7.121', '2018-02-17 19:57:30', 2),
('73.45.170.162', '2018-02-27 23:40:06', 2),
('73.51.198.111', '2018-03-04 13:27:26', 2),
('73.72.223.116', '2018-01-17 00:52:14', 2),
('73.77.119.51', '2018-02-08 08:58:58', 2),
('73.94.60.221', '2018-01-26 07:56:41', 2),
('73.96.115.45', '2018-01-12 17:30:40', 2),
('74.115.214.129', '2018-01-02 22:17:49', 1),
('74.115.214.132', '2018-01-02 13:53:29', 2),
('74.115.214.133', '2017-10-24 08:21:15', 3),
('74.115.214.135', '2018-01-07 17:11:14', 1),
('74.115.214.136', '2017-10-26 22:41:45', 2),
('74.115.214.137', '2017-11-01 23:27:23', 2),
('74.115.214.143', '2017-10-28 07:45:00', 1),
('74.115.214.146', '2017-10-31 21:06:39', 3),
('74.115.214.150', '2017-10-30 00:41:23', 1),
('74.115.214.151', '2017-12-30 15:30:32', 3),
('74.115.214.152', '2017-12-31 04:44:36', 1),
('74.115.214.155', '2018-01-03 06:44:47', 2),
('74.115.214.158', '2018-01-03 16:49:57', 2),
('74.120.205.143', '2018-02-06 23:52:35', 2),
('74.215.127.182', '2017-12-26 07:02:21', 2),
('74.222.14.91', '2018-03-05 00:28:21', 2),
('74.222.79.220', '2018-01-17 05:10:36', 2),
('74.59.230.115', '2018-02-19 01:41:29', 2),
('74.6.168.138', '2018-01-18 06:38:41', 2),
('74.6.168.140', '2018-01-10 13:11:31', 3),
('74.6.168.159', '2017-11-07 12:45:39', 2),
('74.6.168.162', '2017-11-14 20:57:08', 9),
('74.6.168.185', '2018-03-12 09:49:35', 2),
('74.6.168.202', '2017-12-30 09:45:03', 3),
('74.6.168.206', '2017-12-26 17:35:57', 2),
('74.6.168.207', '2017-12-18 10:35:14', 2),
('74.6.168.212', '2017-12-17 07:18:04', 2),
('74.6.168.213', '2018-02-04 18:43:10', 2),
('74.6.168.230', '2017-11-11 06:55:46', 2),
('74.6.168.244', '2018-01-14 17:53:05', 2),
('74.6.168.245', '2018-02-26 07:23:03', 5),
('74.6.168.248', '2017-10-21 07:09:38', 3),
('75.101.196.7', '2017-09-28 03:53:31', 1),
('75.102.137.174', '2018-02-26 11:16:19', 2),
('75.135.99.123', '2018-01-14 06:23:29', 2),
('75.141.102.227', '2018-02-09 02:48:11', 2),
('75.142.168.227', '2018-02-23 07:51:37', 2),
('75.143.32.177', '2018-02-11 04:11:58', 2),
('75.149.221.170', '2017-12-23 01:07:24', 3),
('75.158.115.53', '2018-01-11 00:54:23', 2),
('75.171.42.61', '2018-01-18 05:54:57', 2),
('75.65.241.130', '2018-02-28 19:23:59', 2),
('75.66.153.216', '2018-02-07 04:29:11', 2),
('75.98.9.254', '2017-12-03 08:42:56', 2),
('76.112.10.41', '2018-01-30 12:28:15', 2),
('76.164.212.230', '2017-12-08 00:17:57', 4),
('76.254.215.6', '2018-02-15 01:06:50', 2),
('76.78.128.76', '2018-03-07 05:28:23', 2),
('76.84.40.31', '2018-02-08 16:12:01', 2),
('77.102.233.162', '2018-02-20 20:27:32', 2),
('77.111.175.75', '2018-05-16 00:14:25', 11),
('77.111.244.4', '2018-04-17 11:56:25', 2),
('77.120.176.171', '2018-06-11 20:28:22', 2),
('77.123.105.252', '2018-03-03 11:24:02', 2),
('77.125.20.238', '2018-05-03 09:36:22', 2),
('77.125.39.219', '2018-02-05 19:48:02', 2),
('77.127.23.191', '2018-03-05 16:04:29', 2),
('77.136.15.8', '2017-12-18 10:30:26', 1),
('77.136.19.195', '2018-02-26 22:37:00', 2),
('77.136.41.135', '2017-12-26 22:42:43', 1),
('77.136.86.17', '2018-01-25 11:25:38', 1),
('77.138.105.149', '2018-02-13 22:36:31', 2),
('77.138.131.199', '2018-02-03 03:03:34', 2),
('77.138.195.23', '2018-03-08 20:52:34', 2),
('77.138.46.211', '2018-02-20 11:48:08', 2),
('77.139.10.52', '2018-01-23 03:11:35', 2),
('77.147.180.42', '2018-03-10 01:04:18', 2),
('77.153.232.111', '2018-01-04 10:29:09', 2),
('77.201.16.123', '2018-02-06 20:43:35', 2),
('77.21.253.194', '2018-01-11 02:04:15', 2),
('77.219.45.138', '2018-01-31 20:42:40', 2),
('77.22.254.138', '2018-03-09 20:19:33', 2),
('77.221.130.41', '2017-09-19 17:31:46', 4),
('77.228.96.188', '2018-01-21 22:19:39', 2),
('77.229.155.36', '2018-01-26 02:42:53', 2),
('77.229.159.17', '2018-02-11 17:26:40', 2),
('77.230.162.19', '2018-02-06 21:54:20', 2),
('77.242.95.103', '2018-01-18 19:47:30', 2),
('77.243.183.23', '2018-05-05 11:14:28', 2),
('77.247.94.253', '2018-01-30 17:40:07', 2),
('77.253.132.191', '2018-01-17 18:49:15', 2),
('77.28.16.67', '2018-01-18 02:09:56', 2),
('77.28.80.93', '2018-01-27 08:44:35', 2),
('77.34.58.238', '2017-11-11 12:18:04', 4),
('77.37.242.29', '2017-10-13 12:31:12', 1),
('77.40.129.123', '2018-01-06 02:57:19', 1),
('77.46.171.203', '2018-02-06 00:34:57', 2),
('77.48.59.32', '2018-02-11 04:11:07', 2),
('77.49.21.185', '2018-01-30 17:32:40', 2),
('77.67.54.0', '2018-03-02 07:07:03', 1),
('77.69.72.39', '2018-03-08 15:19:49', 2),
('77.75.76.160', '2018-03-12 11:32:28', 4),
('77.75.76.161', '2018-03-06 01:03:30', 7),
('77.75.76.162', '2018-03-24 00:57:13', 9),
('77.75.76.163', '2018-03-04 11:07:11', 17),
('77.75.76.164', '2018-03-26 14:55:25', 7),
('77.75.76.165', '2018-02-25 02:09:28', 13),
('77.75.76.166', '2018-03-05 20:59:53', 12),
('77.75.76.167', '2018-04-10 12:34:41', 2),
('77.75.76.168', '2018-04-22 17:07:27', 9),
('77.75.76.169', '2018-03-05 18:10:12', 6),
('77.75.76.170', '2018-02-23 15:03:26', 15),
('77.75.76.171', '2018-04-10 16:13:45', 6),
('77.75.76.172', '2018-02-18 06:31:22', 19),
('77.75.77.101', '2018-03-26 14:05:34', 5),
('77.75.77.109', '2018-03-23 22:02:38', 7),
('77.75.77.11', '2018-05-12 21:00:29', 5),
('77.75.77.119', '2018-04-19 15:00:38', 10),
('77.75.77.17', '2018-02-19 15:40:21', 15),
('77.75.77.32', '2018-05-17 15:55:19', 5),
('77.75.77.36', '2018-03-05 16:53:17', 15),
('77.75.77.54', '2018-03-04 20:28:37', 10),
('77.75.77.62', '2018-04-12 20:04:12', 8),
('77.75.77.72', '2018-03-04 09:17:37', 8),
('77.75.77.95', '2018-02-25 04:45:03', 4),
('77.75.78.160', '2018-04-22 19:17:12', 5),
('77.75.78.161', '2018-02-26 06:19:12', 13),
('77.75.78.162', '2018-02-26 10:18:54', 6),
('77.75.78.163', '2018-02-23 11:14:14', 11),
('77.75.78.164', '2018-03-04 06:59:46', 10),
('77.75.78.165', '2018-03-04 15:02:10', 23),
('77.75.78.166', '2018-04-17 06:53:25', 4),
('77.75.78.167', '2018-03-05 22:58:25', 23),
('77.75.78.168', '2018-03-05 20:19:21', 14),
('77.75.78.169', '2018-02-27 17:23:01', 4),
('77.75.78.170', '2018-03-04 18:15:50', 14),
('77.75.78.171', '2018-03-04 08:16:05', 9),
('77.75.78.172', '2018-02-27 18:34:10', 17),
('77.75.79.101', '2018-03-05 17:20:58', 15),
('77.75.79.109', '2018-03-26 18:13:15', 12),
('77.75.79.11', '2018-03-01 23:21:40', 20),
('77.75.79.119', '2018-03-08 10:48:14', 7),
('77.75.79.17', '2018-02-23 13:07:52', 13),
('77.75.79.32', '2018-03-04 12:23:10', 12),
('77.75.79.36', '2018-03-07 02:17:31', 13),
('77.75.79.54', '2018-03-07 01:05:11', 13),
('77.75.79.62', '2018-03-17 01:38:49', 7),
('77.75.79.72', '2018-02-23 10:21:18', 12),
('77.75.79.95', '2018-03-09 06:25:31', 16),
('77.78.238.102', '2018-02-19 08:37:31', 2),
('77.88.47.16', '2017-09-16 01:57:20', 11),
('77.88.47.61', '2018-01-23 20:27:03', 3),
('77.88.47.67', '2017-09-23 01:48:00', 4),
('77.88.47.78', '2017-10-10 05:33:19', 3),
('77.88.47.79', '2017-09-21 04:34:19', 1),
('77.88.47.87', '2017-12-28 18:19:13', 4),
('77.88.47.99', '2017-10-02 09:44:04', 1),
('77.88.5.14', '2018-03-22 14:49:29', 2),
('77.88.5.200', '2018-03-20 01:12:44', 1),
('77.88.5.21', '2017-10-04 07:22:53', 15),
('77.88.5.34', '2018-05-27 09:16:17', 1),
('77.88.5.35', '2017-10-25 02:16:28', 16),
('77.88.5.45', '2017-12-16 03:36:15', 7),
('77.88.5.89', '2017-10-04 06:25:09', 3),
('77.88.5.94', '2017-10-09 20:50:33', 1),
('78.0.169.219', '2018-01-28 21:23:41', 2),
('78.1.185.70', '2018-02-14 13:35:41', 2),
('78.101.222.208', '2018-01-28 18:15:45', 2),
('78.111.194.230', '2018-03-07 16:23:53', 2),
('78.12.28.189', '2018-01-20 07:20:42', 2),
('78.120.50.218', '2017-12-29 20:23:18', 1),
('78.123.214.9', '2018-04-06 03:50:37', 4),
('78.124.35.121', '2018-06-05 21:26:06', 2),
('78.149.32.202', '2018-02-09 12:01:53', 2),
('78.15.100.216', '2018-02-26 18:45:03', 2),
('78.167.230.229', '2018-03-03 09:28:46', 2),
('78.167.61.6', '2018-03-09 13:33:32', 2),
('78.169.52.58', '2018-01-23 19:54:29', 2),
('78.173.176.86', '2018-01-24 12:49:42', 2),
('78.175.18.246', '2018-02-24 15:43:47', 2),
('78.178.121.160', '2018-01-10 18:55:53', 2),
('78.179.2.255', '2018-02-01 08:38:00', 2),
('78.179.201.207', '2018-01-26 21:53:28', 2),
('78.180.165.5', '2018-01-12 14:11:57', 2),
('78.183.115.27', '2018-01-22 19:27:26', 2),
('78.184.215.151', '2018-03-01 13:55:32', 2),
('78.186.40.158', '2018-02-17 11:58:08', 2),
('78.187.127.173', '2018-01-18 06:44:45', 2),
('78.190.166.223', '2018-02-05 13:20:33', 2),
('78.190.181.94', '2018-02-11 12:32:46', 2),
('78.194.25.129', '2018-01-06 05:22:23', 2),
('78.196.69.16', '2018-04-29 15:19:59', 2),
('78.201.146.192', '2018-04-22 11:22:37', 2),
('78.216.53.65', '2017-12-29 06:38:24', 4),
('78.22.101.98', '2018-03-05 21:34:32', 2),
('78.22.109.139', '2018-02-27 01:51:03', 2),
('78.220.121.170', '2018-03-12 17:56:12', 4),
('78.221.200.244', '2018-01-11 11:02:37', 2),
('78.227.155.244', '2017-10-12 12:35:31', 1),
('78.227.176.187', '2018-01-08 08:49:25', 2),
('78.45.38.33', '2018-02-25 21:42:48', 2),
('78.45.86.107', '2018-01-12 14:43:03', 2),
('78.57.129.108', '2018-02-17 04:16:10', 4),
('78.58.143.15', '2018-02-10 16:05:45', 2),
('78.88.28.92', '2018-02-23 22:01:24', 2),
('78.88.30.90', '2018-02-04 12:15:07', 2),
('78.95.235.14', '2018-02-03 20:02:29', 2),
('78.96.102.66', '2018-04-20 15:38:38', 2),
('78.97.28.215', '2018-01-14 12:03:57', 2),
('78.98.115.29', '2018-02-04 13:48:28', 2),
('79.101.153.78', '2018-02-18 11:17:41', 2),
('79.101.63.253', '2018-01-16 19:21:45', 2),
('79.103.38.173', '2018-02-17 11:14:30', 2),
('79.106.126.192', '2018-01-31 09:34:19', 2),
('79.107.223.84', '2018-02-28 12:56:48', 2),
('79.107.63.227', '2018-02-09 17:33:49', 2),
('79.109.215.220', '2018-01-30 06:40:13', 2),
('79.112.108.175', '2018-02-19 04:30:08', 2),
('79.113.210.154', '2018-01-11 19:14:03', 2),
('79.114.231.42', '2018-02-11 12:41:14', 2),
('79.115.183.158', '2018-02-04 00:40:26', 2),
('79.115.207.154', '2018-01-23 10:38:20', 2),
('79.115.46.74', '2017-12-22 11:00:21', 1),
('79.119.232.194', '2018-02-12 18:09:19', 2),
('79.119.254.143', '2018-01-18 16:57:01', 2),
('79.122.24.44', '2018-02-27 17:47:17', 2),
('79.126.161.0', '2018-01-21 19:57:10', 2),
('79.129.124.48', '2018-02-07 18:59:50', 2),
('79.130.230.125', '2018-01-23 15:25:34', 2),
('79.147.215.16', '2017-12-04 22:20:40', 1),
('79.154.41.231', '2018-01-11 03:52:11', 2),
('79.158.59.218', '2018-02-26 16:04:19', 2),
('79.159.177.42', '2018-02-17 15:02:25', 2),
('79.17.123.225', '2018-03-03 21:41:06', 2),
('79.175.84.188', '2018-03-02 10:43:36', 2),
('79.176.94.227', '2018-01-31 17:32:08', 2),
('79.178.178.167', '2018-02-01 01:21:40', 2),
('79.178.7.21', '2018-03-09 18:06:12', 2),
('79.179.52.180', '2018-02-24 08:53:42', 2),
('79.18.254.178', '2018-03-02 22:05:55', 2),
('79.18.76.50', '2018-03-04 23:07:22', 2),
('79.181.137.190', '2018-02-08 22:38:27', 2),
('79.181.191.30', '2018-02-09 14:06:00', 2),
('79.182.112.5', '2018-02-05 19:13:47', 2),
('79.182.29.138', '2018-02-23 20:26:26', 2),
('79.183.154.80', '2018-01-20 20:53:37', 2),
('79.185.213.154', '2018-01-26 18:40:22', 2),
('79.185.88.233', '2018-01-31 21:27:01', 2),
('79.186.123.68', '2018-02-09 21:25:17', 2),
('79.20.196.224', '2018-01-28 02:59:29', 2),
('79.21.198.34', '2018-01-17 02:35:06', 2),
('79.211.88.3', '2018-01-15 21:56:58', 2),
('79.31.30.248', '2018-02-01 11:51:15', 2),
('79.35.73.167', '2018-01-30 04:30:12', 2),
('79.37.219.241', '2018-02-06 02:15:04', 2),
('79.37.95.231', '2018-01-18 11:02:46', 2),
('79.40.245.193', '2018-02-11 18:18:33', 2),
('79.51.97.26', '2018-01-25 06:20:21', 2),
('79.77.192.6', '2018-02-19 21:57:03', 2),
('79.82.240.34', '2018-01-30 13:33:55', 2),
('8.37.225.107', '2017-10-12 09:35:10', 1),
('8.37.225.164', '2017-10-02 22:53:03', 2),
('8.37.225.238', '2018-03-14 17:46:41', 8),
('8.37.225.249', '2018-03-28 11:27:17', 8),
('8.37.225.250', '2017-11-19 04:59:14', 3),
('8.37.225.254', '2018-03-21 08:01:44', 4),
('8.37.225.65', '2017-09-28 09:28:09', 4),
('8.37.225.68', '2018-03-05 10:06:19', 1),
('8.37.225.77', '2018-03-13 21:09:46', 1),
('8.37.226.135', '2018-03-21 14:45:21', 4),
('8.37.231.3', '2018-01-10 16:05:03', 2),
('8.37.234.118', '2018-01-03 11:22:12', 1),
('8.37.234.214', '2017-10-10 15:22:48', 2),
('8.37.235.229', '2017-11-16 16:20:59', 1),
('8.37.235.40', '2017-12-26 07:25:54', 1),
('8.37.235.75', '2017-10-05 01:40:08', 1),
('8.37.237.105', '2017-10-05 14:40:38', 1),
('8.37.237.167', '2017-10-05 01:40:08', 1),
('80.12.27.142', '2017-11-08 12:37:48', 2),
('80.12.80.200', '2018-01-13 00:11:03', 2),
('80.14.31.42', '2018-02-22 07:36:52', 1),
('80.201.196.203', '2018-03-01 17:09:42', 1),
('80.212.62.76', '2018-02-26 20:39:40', 2),
('80.215.138.20', '2018-01-06 22:09:04', 2),
('80.230.189.197', '2018-01-14 06:37:41', 2),
('80.234.164.127', '2018-01-27 17:29:23', 2),
('80.252.184.10', '2018-04-24 08:27:11', 1),
('80.29.142.64', '2018-03-10 14:23:38', 2),
('80.29.16.65', '2018-02-22 12:42:14', 2),
('80.48.211.131', '2018-02-21 22:01:45', 2),
('80.5.152.251', '2018-01-21 14:41:23', 2),
('80.50.148.6', '2018-02-07 19:45:08', 2),
('80.54.75.1', '2018-03-01 18:12:40', 2),
('80.8.226.48', '2018-05-16 06:10:18', 1),
('80.83.29.190', '2018-02-17 17:25:16', 2),
('80.84.136.114', '2018-03-04 15:01:17', 2),
('80.84.210.237', '2018-01-12 16:59:37', 2),
('80.84.57.111', '2018-06-11 16:01:30', 1),
('80.84.57.118', '2018-06-11 16:01:39', 1),
('80.89.75.122', '2018-01-25 12:43:09', 2),
('80.9.240.88', '2018-01-12 11:19:57', 2),
('80.91.116.134', '2018-01-23 03:47:34', 2),
('81.101.106.196', '2018-01-10 23:45:33', 2),
('81.109.85.9', '2018-06-09 01:41:24', 2),
('81.161.59.17', '2018-03-03 00:41:00', 8),
('81.168.45.55', '2018-02-01 16:17:23', 2),
('81.174.62.225', '2018-02-16 09:57:58', 2),
('81.19.188.229', '2017-09-16 06:39:24', 425),
('81.191.241.187', '2018-01-21 03:16:10', 2),
('81.196.182.191', '2018-01-27 10:28:24', 2),
('81.207.61.3', '2018-01-18 13:15:00', 2),
('81.213.179.8', '2018-01-24 12:50:46', 2),
('81.213.242.75', '2018-02-05 21:20:36', 2),
('81.213.45.145', '2017-11-15 00:17:07', 1),
('81.215.54.224', '2018-03-05 10:39:48', 2),
('81.243.220.250', '2018-04-19 19:24:35', 1),
('81.248.79.59', '2018-05-31 14:40:02', 1),
('81.249.28.152', '2018-02-16 08:30:20', 2),
('81.28.206.192', '2018-05-30 19:10:16', 4),
('81.39.195.57', '2018-01-25 16:15:54', 2),
('81.57.151.240', '2018-03-02 19:02:51', 2),
('81.67.28.61', '2018-03-04 14:58:19', 2),
('81.97.140.235', '2018-03-31 20:52:51', 2),
('81.98.187.97', '2018-02-08 20:48:28', 2),
('82.102.15.36', '2018-03-05 14:06:11', 2),
('82.102.18.169', '2018-06-02 23:10:55', 2),
('82.117.196.194', '2018-02-14 13:48:35', 2),
('82.12.183.146', '2018-02-21 17:11:00', 2),
('82.121.239.188', '2018-03-14 10:49:44', 2),
('82.145.221.159', '2017-10-21 11:15:17', 1),
('82.145.222.250', '2018-04-22 20:23:23', 1),
('82.151.11.189', '2018-02-24 15:36:17', 2),
('82.178.191.11', '2018-01-23 09:38:39', 2),
('82.19.125.249', '2018-01-14 12:52:22', 2),
('82.202.114.212', '2018-02-23 06:33:27', 2),
('82.202.249.91', '2017-12-05 07:06:50', 1),
('82.206.132.126', '2017-12-18 23:40:24', 3),
('82.207.23.25', '2018-01-16 12:09:56', 2),
('82.211.220.161', '2018-01-15 20:42:31', 2),
('82.217.221.23', '2018-01-16 17:59:43', 2),
('82.22.168.224', '2018-01-14 22:49:09', 2),
('82.225.164.204', '2017-11-08 20:03:20', 9),
('82.239.227.178', '2018-01-19 15:12:12', 2),
('82.243.221.108', '2018-02-28 11:20:43', 2),
('82.244.174.126', '2018-01-18 20:28:33', 2),
('82.251.69.90', '2017-11-24 21:47:32', 24),
('82.38.199.91', '2018-01-26 17:42:08', 2),
('82.42.201.44', '2018-01-25 17:55:14', 2),
('82.44.145.83', '2018-02-16 16:17:21', 2),
('82.49.130.154', '2018-03-07 10:23:50', 2),
('82.63.5.198', '2018-03-01 22:37:36', 2),
('82.76.175.202', '2018-03-08 23:33:59', 2),
('82.78.218.209', '2018-02-14 19:23:43', 2),
('82.80.230.228', '2017-12-29 07:26:34', 40),
('82.80.249.211', '2017-12-29 07:25:18', 1),
('82.80.249.219', '2017-12-29 07:25:19', 363),
('82.9.8.121', '2018-02-25 22:13:06', 2),
('83.110.210.42', '2018-02-10 07:35:39', 2),
('83.110.219.103', '2018-02-14 10:47:40', 2),
('83.112.30.170', '2018-03-10 18:37:02', 1),
('83.139.86.251', '2018-01-26 22:02:14', 2),
('83.141.145.108', '2018-01-12 07:00:06', 2),
('83.152.57.233', '2018-04-02 09:34:36', 1),
('83.166.242.112', '2018-01-06 18:23:01', 1),
('83.177.135.253', '2018-03-07 20:40:38', 2),
('83.181.69.188', '2018-01-13 14:32:46', 2),
('83.191.198.1', '2018-01-12 15:53:54', 2),
('83.191.202.242', '2018-02-07 18:32:51', 2),
('83.200.255.161', '2018-02-14 12:09:25', 2),
('83.203.50.82', '2018-03-20 21:38:02', 3),
('83.204.103.19', '2018-02-17 04:17:52', 2),
('83.206.185.177', '2018-04-04 09:33:15', 1),
('83.209.117.197', '2018-01-23 21:35:22', 2),
('83.21.36.26', '2018-01-14 21:25:28', 2),
('83.220.236.240', '2018-04-09 20:11:15', 1),
('83.237.166.50', '2018-02-23 22:33:48', 2),
('83.24.117.24', '2018-02-17 23:03:41', 2),
('83.240.209.222', '2018-02-14 12:03:39', 2),
('83.249.89.216', '2018-01-16 17:40:17', 2),
('83.25.57.223', '2018-02-04 16:31:14', 2),
('83.26.168.219', '2018-02-15 13:24:41', 2),
('83.26.245.127', '2018-01-21 04:47:51', 2),
('83.29.107.11', '2018-01-25 17:45:02', 2),
('83.31.68.191', '2018-01-06 07:17:28', 2),
('83.38.116.62', '2018-03-06 08:47:10', 2),
('83.42.210.92', '2018-03-03 11:41:46', 2),
('83.48.91.103', '2018-03-02 00:48:03', 2),
('83.6.157.234', '2018-01-19 16:45:18', 2),
('83.76.183.103', '2017-10-10 13:05:01', 3),
('83.82.133.74', '2018-02-03 19:05:57', 2),
('83.92.49.253', '2018-01-17 17:57:14', 2),
('83.99.221.103', '2018-01-26 14:09:06', 2),
('84.0.212.45', '2018-01-10 20:13:44', 2),
('84.108.32.131', '2018-02-21 19:51:26', 2),
('84.109.203.39', '2018-01-27 18:38:55', 2),
('84.111.124.12', '2018-03-04 16:37:08', 2),
('84.120.48.85', '2018-01-22 06:50:55', 2),
('84.19.181.25', '2017-09-23 18:22:39', 1),
('84.192.128.40', '2018-02-23 08:21:34', 2),
('84.194.211.48', '2018-02-04 10:53:25', 2),
('84.201.133.27', '2017-10-30 10:38:27', 10),
('84.201.133.37', '2018-02-15 13:06:56', 5),
('84.201.133.46', '2017-11-24 21:34:00', 6),
('84.201.133.50', '2017-12-28 18:19:13', 1),
('84.201.133.55', '2017-10-16 18:09:26', 8),
('84.201.133.64', '2017-09-23 01:47:56', 3),
('84.201.133.85', '2017-10-23 19:04:01', 8),
('84.223.85.135', '2018-03-09 19:02:09', 1),
('84.236.117.151', '2018-01-13 17:24:31', 2),
('84.236.53.15', '2018-03-03 14:12:26', 2),
('84.236.75.54', '2018-01-24 13:09:25', 2),
('84.26.66.180', '2018-03-09 05:22:01', 2),
('84.42.183.253', '2018-02-06 13:24:10', 2),
('84.50.45.28', '2018-01-11 08:31:59', 2),
('84.72.172.29', '2018-01-28 16:29:50', 2),
('85.10.234.30', '2017-09-19 13:17:21', 1),
('85.115.243.97', '2017-11-11 11:27:22', 3),
('85.135.79.146', '2018-02-04 08:57:06', 2),
('85.14.99.228', '2018-02-03 14:19:17', 2),
('85.155.76.243', '2018-01-21 03:08:50', 2),
('85.159.212.100', '2017-12-30 14:23:06', 1),
('85.171.210.78', '2018-02-07 19:11:29', 1),
('85.171.241.95', '2018-01-15 17:13:12', 2),
('85.191.77.140', '2018-02-08 13:10:09', 2),
('85.201.162.61', '2017-11-08 15:11:48', 1),
('85.203.22.91', '2018-05-14 02:56:11', 5),
('85.204.184.32', '2018-01-24 12:51:28', 2),
('85.232.128.78', '2018-01-20 20:52:19', 2),
('85.241.3.121', '2018-02-15 02:13:48', 2),
('85.245.243.221', '2018-01-29 21:55:02', 2),
('85.247.32.133', '2018-02-17 10:33:37', 2),
('85.248.227.163', '2018-01-24 14:23:47', 1),
('85.27.53.57', '2018-05-14 18:19:19', 1),
('85.30.248.119', '2018-03-06 15:15:45', 1),
('85.58.246.229', '2018-02-02 13:36:36', 2),
('85.61.136.58', '2018-02-25 17:20:33', 2),
('85.69.207.205', '2018-03-13 06:50:32', 30),
('85.97.76.211', '2018-02-12 06:22:23', 2),
('86.0.50.202', '2018-01-28 23:33:37', 2),
('86.110.116.119', '2018-01-01 12:46:49', 2),
('86.120.147.244', '2018-01-18 19:43:30', 2),
('86.120.164.254', '2018-01-31 21:23:51', 2),
('86.121.143.3', '2018-03-04 21:39:56', 2),
('86.123.247.1', '2018-02-24 20:39:59', 2),
('86.123.72.250', '2018-01-21 11:49:34', 2),
('86.124.118.0', '2018-02-28 19:23:11', 2),
('86.125.169.184', '2018-02-12 13:46:21', 2),
('86.125.249.102', '2018-01-11 18:15:30', 2),
('86.127.226.242', '2018-01-08 09:55:28', 1),
('86.128.131.75', '2018-01-11 12:25:29', 2),
('86.132.55.133', '2018-01-11 18:02:46', 2),
('86.176.84.117', '2018-02-01 07:12:55', 2),
('86.190.140.205', '2017-12-31 07:33:22', 3),
('86.209.26.131', '2018-03-02 01:35:47', 2),
('86.213.86.243', '2018-02-28 05:07:54', 2),
('86.225.148.233', '2018-03-12 22:35:57', 4),
('86.243.223.37', '2018-06-11 12:38:19', 2),
('86.244.93.94', '2018-03-02 23:49:30', 2),
('86.246.158.81', '2018-02-25 15:12:32', 2),
('86.246.223.63', '2018-01-13 22:41:24', 2),
('86.246.52.185', '2018-01-15 21:53:40', 2),
('86.248.200.66', '2018-02-09 18:53:31', 2),
('86.252.73.77', '2018-01-21 11:29:05', 2),
('86.28.104.137', '2018-01-16 19:30:04', 2),
('86.28.153.183', '2018-01-30 19:47:40', 2),
('86.47.80.148', '2018-01-12 09:38:21', 6),
('86.63.36.10', '2018-01-22 13:11:26', 2),
('86.93.9.67', '2018-02-24 13:49:05', 2),
('86.97.228.82', '2018-03-01 13:54:19', 2),
('86.98.215.30', '2018-01-18 12:26:07', 2),
('86.98.5.106', '2018-02-04 06:16:46', 2),
('87.0.16.72', '2018-01-25 22:32:06', 2),
('87.100.23.249', '2018-01-23 17:46:25', 2),
('87.116.142.95', '2018-03-02 21:00:50', 2),
('87.116.176.208', '2018-01-19 18:56:27', 2),
('87.116.176.3', '2018-01-21 20:59:03', 2),
('87.116.177.213', '2018-02-08 05:50:28', 2),
('87.116.178.228', '2018-01-29 09:45:39', 2),
('87.116.178.8', '2018-02-26 17:46:36', 2),
('87.116.179.159', '2018-01-24 02:32:36', 2),
('87.116.179.53', '2018-02-18 12:42:50', 2),
('87.118.116.12', '2018-05-27 16:47:25', 4),
('87.132.85.166', '2018-01-21 15:43:42', 2),
('87.145.35.231', '2017-11-08 13:55:39', 1),
('87.16.119.65', '2018-01-20 11:18:05', 2),
('87.166.157.108', '2018-01-12 15:53:37', 2),
('87.17.223.129', '2018-01-30 13:09:02', 2),
('87.201.156.25', '2018-02-20 05:07:25', 2),
('87.247.120.4', '2018-02-19 11:38:25', 2),
('87.250.6.151', '2018-02-01 06:31:39', 2),
('87.5.183.186', '2018-01-28 16:51:47', 2),
('87.70.149.184', '2018-02-16 07:07:52', 2),
('87.76.237.70', '2018-01-14 22:16:50', 2),
('87.9.190.61', '2018-02-04 12:12:12', 2),
('88.110.17.96', '2018-01-23 10:36:57', 2),
('88.110.241.47', '2018-01-11 19:55:07', 2),
('88.122.159.172', '2018-01-13 18:54:31', 2),
('88.124.141.106', '2018-01-16 11:37:50', 2),
('88.164.38.188', '2018-02-15 01:28:26', 2),
('88.165.151.104', '2018-03-11 15:45:26', 2),
('88.166.152.213', '2018-01-09 07:07:35', 1),
('88.167.101.126', '2018-03-18 15:03:05', 2),
('88.173.207.14', '2018-01-19 01:57:21', 2),
('88.177.11.219', '2018-05-27 20:00:22', 2),
('88.183.50.53', '2018-02-13 09:03:23', 4),
('88.184.247.116', '2018-01-15 18:06:52', 2),
('88.187.178.228', '2018-03-17 18:46:26', 2),
('88.198.0.163', '2017-10-12 07:52:21', 64),
('88.198.55.175', '2017-12-16 13:39:13', 8),
('88.198.67.69', '2018-01-15 22:45:34', 72),
('88.203.7.1', '2018-01-23 09:01:01', 4),
('88.22.212.125', '2018-04-15 14:01:07', 2),
('88.224.216.61', '2018-01-18 11:37:18', 2),
('88.230.153.171', '2018-02-20 18:11:23', 2),
('88.241.92.43', '2018-06-11 04:07:00', 2),
('88.242.25.62', '2018-03-03 13:50:57', 2),
('88.243.243.35', '2018-02-23 01:36:32', 2),
('88.245.149.244', '2017-10-05 17:46:16', 1),
('88.250.95.207', '2018-01-16 15:24:33', 2),
('88.3.3.39', '2018-02-02 20:43:53', 2),
('88.4.216.38', '2018-01-13 07:17:42', 2),
('88.6.101.111', '2018-01-13 18:43:21', 2),
('88.95.155.15', '2018-01-20 19:40:37', 2),
('88.99.19.242', '2018-02-22 06:36:44', 4),
('88.99.2.215', '2017-10-25 12:25:12', 2),
('88.99.29.5', '2017-10-21 07:09:40', 4),
('88.99.87.9', '2017-09-19 19:29:44', 2),
('89.100.113.90', '2018-02-02 18:13:48', 2),
('89.111.222.0', '2018-01-26 11:10:43', 2),
('89.122.170.246', '2018-02-20 19:36:17', 2),
('89.132.195.138', '2018-01-29 10:45:18', 2),
('89.133.92.143', '2018-02-13 18:42:17', 2),
('89.136.247.89', '2018-02-04 19:59:43', 2),
('89.136.90.170', '2018-01-19 09:31:01', 2),
('89.137.6.197', '2018-02-21 02:12:28', 2),
('89.139.117.72', '2018-02-01 08:25:56', 2),
('89.139.190.74', '2018-02-21 19:53:26', 2),
('89.139.207.14', '2018-01-20 16:34:23', 2),
('89.139.93.218', '2018-02-08 13:56:29', 2),
('89.142.125.77', '2018-02-06 19:07:51', 2),
('89.144.12.15', '2017-10-16 22:14:52', 2),
('89.145.95.66', '2017-09-18 11:53:45', 3),
('89.145.95.67', '2017-09-20 11:20:03', 7),
('89.145.95.68', '2017-09-20 21:02:48', 3),
('89.145.95.70', '2017-09-21 21:15:31', 12),
('89.145.95.71', '2017-09-20 11:14:40', 2),
('89.145.95.72', '2017-09-20 12:39:33', 1),
('89.145.95.74', '2017-09-17 22:17:51', 13),
('89.145.95.75', '2017-09-21 11:04:43', 6),
('89.145.95.76', '2017-09-25 00:33:08', 6),
('89.145.95.77', '2017-10-02 12:11:09', 1),
('89.145.95.78', '2017-09-25 18:43:48', 3),
('89.145.95.79', '2017-09-25 01:33:16', 3),
('89.145.95.80', '2017-09-27 15:23:59', 2),
('89.145.95.81', '2017-10-01 09:48:29', 2),
('89.146.185.230', '2018-01-27 10:48:27', 2),
('89.147.212.13', '2018-01-17 04:16:38', 2),
('89.15.84.185', '2018-01-11 04:31:33', 2),
('89.152.52.243', '2018-02-10 17:06:40', 2),
('89.153.161.137', '2018-02-13 08:20:06', 2),
('89.156.115.18', '2018-06-02 10:40:58', 10),
('89.163.209.232', '2018-01-31 07:55:23', 1),
('89.178.232.55', '2017-12-08 00:48:13', 1),
('89.178.92.49', '2017-12-11 16:02:10', 1),
('89.180.158.62', '2018-01-19 08:36:45', 2),
('89.203.7.18', '2018-02-03 19:44:04', 2),
('89.205.124.22', '2018-03-01 17:18:04', 2),
('89.205.99.243', '2018-01-15 15:38:02', 2),
('89.212.177.221', '2018-01-11 18:04:22', 2),
('89.216.170.105', '2018-01-21 12:23:01', 2),
('89.216.48.194', '2018-02-20 01:26:58', 2),
('89.231.159.110', '2018-02-05 15:31:52', 2),
('89.234.64.136', '2017-09-18 11:49:05', 1),
('89.24.137.238', '2018-02-07 03:11:13', 2),
('89.240.95.230', '2018-02-06 13:25:43', 2),
('89.35.222.54', '2018-02-28 19:56:59', 2),
('89.35.225.187', '2018-02-15 23:49:34', 2),
('89.35.39.45', '2018-01-23 15:33:01', 78),
('89.37.186.244', '2018-02-27 13:46:48', 2),
('89.64.16.31', '2018-02-05 15:01:18', 2),
('89.64.32.188', '2018-01-23 08:06:46', 2),
('89.64.45.137', '2018-02-27 15:47:05', 2),
('89.64.49.82', '2018-02-02 18:50:49', 2),
('89.64.62.133', '2018-02-05 17:53:02', 2),
('89.77.104.182', '2018-02-03 18:47:53', 2),
('89.77.250.154', '2018-02-10 22:24:24', 2),
('89.92.188.132', '2017-11-10 08:59:35', 1),
('90.0.3.153', '2018-01-20 20:36:29', 2),
('90.11.81.243', '2018-01-21 23:01:41', 2),
('90.118.164.16', '2018-03-02 16:15:31', 2),
('90.12.193.3', '2018-02-27 17:37:32', 2),
('90.148.14.89', '2018-02-22 13:32:39', 2);
INSERT INTO `visitors` (`ip`, `last_visite`, `view_page`) VALUES
('90.148.146.48', '2018-01-11 04:01:21', 2),
('90.154.83.45', '2017-10-27 09:03:50', 1),
('90.154.93.52', '2018-03-09 20:42:52', 1),
('90.179.50.103', '2018-02-12 10:38:40', 2),
('90.191.53.104', '2018-02-04 01:20:05', 2),
('90.201.117.127', '2017-10-05 15:03:01', 1),
('90.208.218.123', '2018-02-21 20:54:56', 2),
('90.218.130.80', '2018-02-02 19:34:39', 2),
('90.44.46.178', '2018-02-20 19:54:23', 2),
('90.63.229.203', '2018-04-11 07:41:30', 1),
('90.65.48.10', '2018-03-11 15:56:22', 1),
('90.78.229.106', '2018-02-20 01:45:13', 2),
('90.86.116.50', '2018-05-02 11:24:07', 4),
('90.86.190.200', '2018-03-07 17:47:54', 13),
('90.86.242.229', '2018-04-24 15:02:50', 15),
('90.86.248.14', '2018-04-19 12:26:36', 3),
('90.86.248.62', '2018-03-05 08:15:58', 33),
('90.86.56.176', '2018-05-04 12:25:38', 10),
('90.86.58.196', '2018-05-21 08:51:30', 8),
('90.86.58.224', '2018-03-19 14:01:03', 12),
('90.9.224.209', '2018-03-11 08:06:05', 1),
('90.92.34.1', '2018-03-02 09:11:19', 2),
('91.113.56.157', '2018-04-12 13:17:45', 2),
('91.121.109.55', '2017-11-26 00:02:55', 6),
('91.121.74.57', '2018-05-30 14:45:32', 1),
('91.125.9.7', '2018-01-13 17:10:29', 2),
('91.126.176.56', '2017-09-18 00:17:41', 1),
('91.127.156.57', '2018-02-13 21:31:28', 4),
('91.134.132.17', '2017-09-18 05:43:32', 1),
('91.134.137.9', '2017-11-19 02:21:15', 1),
('91.137.131.41', '2018-02-03 17:07:45', 2),
('91.138.240.20', '2018-01-23 04:39:38', 2),
('91.140.6.238', '2018-03-02 16:35:05', 2),
('91.160.72.222', '2018-03-23 12:04:12', 4),
('91.161.44.25', '2018-03-22 21:23:33', 1),
('91.176.254.31', '2018-03-03 21:59:48', 2),
('91.183.5.200', '2018-02-06 13:21:12', 2),
('91.206.154.18', '2018-01-12 20:28:38', 2),
('91.207.255.85', '2017-11-17 07:27:37', 1),
('91.210.145.178', '2018-05-21 18:27:28', 2),
('91.218.195.34', '2018-03-05 03:33:36', 2),
('91.225.135.173', '2018-02-06 18:44:21', 2),
('91.237.170.148', '2018-03-04 17:15:15', 2),
('91.242.43.26', '2017-10-31 17:16:29', 1),
('91.246.64.212', '2018-01-30 20:16:11', 2),
('91.61.177.222', '2018-01-21 12:43:01', 2),
('91.8.84.96', '2018-05-24 10:44:33', 1),
('91.82.196.118', '2018-04-19 11:23:55', 1),
('92.113.99.27', '2017-10-03 09:26:49', 1),
('92.146.65.2', '2018-03-10 20:36:53', 2),
('92.160.59.240', '2018-01-15 11:33:10', 2),
('92.181.33.206', '2018-01-31 14:03:55', 2),
('92.189.188.196', '2018-01-11 13:26:12', 2),
('92.222.90.51', '2018-01-12 01:53:09', 1),
('92.246.16.201', '2018-04-05 12:16:42', 1),
('92.249.70.104', '2018-02-04 08:01:30', 2),
('92.251.109.112', '2018-01-14 23:39:13', 2),
('92.36.179.154', '2018-01-14 00:03:23', 2),
('92.42.139.7', '2017-10-31 02:12:20', 2),
('92.45.31.18', '2018-02-17 13:39:16', 2),
('92.53.28.161', '2018-01-17 00:34:24', 2),
('92.53.49.72', '2018-02-08 20:10:05', 2),
('92.55.100.114', '2018-01-20 17:57:19', 2),
('92.56.236.91', '2018-02-23 21:51:07', 2),
('92.61.156.140', '2017-09-17 04:47:34', 5),
('92.7.1.69', '2018-01-11 11:25:06', 2),
('92.7.144.202', '2018-01-26 20:48:46', 2),
('92.80.216.3', '2018-02-23 08:50:44', 2),
('92.85.227.127', '2018-03-05 13:55:37', 2),
('92.86.93.218', '2018-02-20 01:48:51', 2),
('92.90.16.11', '2017-10-06 17:01:27', 1),
('92.96.111.45', '2018-01-21 14:24:10', 2),
('92.96.218.177', '2018-02-04 17:12:01', 2),
('92.96.88.72', '2018-02-23 20:12:21', 2),
('92.98.227.69', '2018-01-31 17:30:45', 2),
('92.99.25.80', '2018-04-10 05:06:23', 2),
('93.109.204.118', '2018-01-22 20:46:40', 2),
('93.11.20.227', '2018-03-25 17:13:28', 3),
('93.115.172.17', '2018-03-01 20:31:57', 2),
('93.115.70.28', '2018-03-04 05:03:52', 2),
('93.115.95.202', '2017-10-25 11:57:05', 2),
('93.121.196.205', '2018-02-17 17:43:58', 2),
('93.136.82.10', '2018-02-21 17:16:41', 2),
('93.136.98.77', '2018-02-02 14:56:55', 2),
('93.137.246.21', '2018-02-21 11:47:53', 2),
('93.137.252.123', '2018-01-26 22:48:38', 2),
('93.138.108.232', '2018-02-05 09:57:38', 2),
('93.138.236.91', '2018-01-26 13:34:20', 2),
('93.138.40.128', '2018-02-06 08:33:47', 2),
('93.142.53.168', '2018-02-01 23:58:24', 2),
('93.143.103.2', '2018-02-07 20:13:23', 2),
('93.144.207.185', '2018-01-26 17:42:18', 2),
('93.158.161.103', '2017-09-18 19:05:54', 1),
('93.158.161.109', '2017-10-09 20:50:30', 2),
('93.158.161.11', '2017-11-16 19:01:40', 2),
('93.158.161.126', '2017-10-16 18:09:22', 15),
('93.158.161.127', '2017-10-04 08:25:07', 16),
('93.158.161.128', '2017-10-10 18:37:26', 15),
('93.158.161.144', '2018-01-26 07:07:14', 1),
('93.158.161.169', '2017-10-16 18:09:26', 7),
('93.158.161.18', '2018-01-27 15:27:50', 1),
('93.158.161.2', '2017-10-26 21:58:54', 11),
('93.158.161.41', '2017-10-16 18:09:22', 14),
('93.158.161.42', '2017-11-24 21:34:00', 1),
('93.158.161.49', '2017-10-02 03:48:33', 181),
('93.158.161.56', '2018-02-06 14:45:05', 2),
('93.158.161.62', '2017-09-21 04:33:45', 1),
('93.158.161.67', '2017-12-24 21:15:32', 2),
('93.169.245.101', '2018-01-30 05:18:33', 2),
('93.169.66.229', '2018-02-18 14:00:52', 2),
('93.170.58.24', '2018-02-25 18:49:22', 2),
('93.171.107.172', '2017-10-08 12:51:09', 1),
('93.173.22.4', '2018-02-11 14:23:35', 2),
('93.179.68.151', '2018-05-19 15:54:05', 1),
('93.179.68.180', '2018-06-05 05:02:38', 1),
('93.181.178.92', '2018-02-09 14:50:01', 2),
('93.27.154.154', '2018-01-13 21:53:27', 2),
('93.31.92.225', '2018-05-02 10:23:35', 2),
('93.34.115.98', '2018-01-17 22:32:36', 2),
('93.35.247.3', '2018-01-15 07:31:56', 2),
('93.36.191.95', '2018-01-19 19:49:26', 2),
('93.40.191.205', '2018-02-14 12:27:23', 2),
('93.40.6.23', '2018-03-01 12:04:37', 2),
('93.41.108.142', '2018-02-04 10:04:57', 2),
('93.42.46.244', '2018-02-10 23:09:35', 2),
('93.44.198.83', '2018-03-03 18:50:32', 2),
('93.45.83.49', '2018-02-08 15:50:35', 2),
('93.47.218.6', '2018-02-04 20:26:39', 2),
('93.47.229.221', '2018-02-14 11:17:56', 2),
('93.48.41.211', '2018-02-11 17:51:55', 2),
('93.61.84.11', '2018-02-12 14:45:10', 2),
('93.71.155.161', '2018-02-04 20:18:20', 2),
('93.72.171.251', '2018-01-14 18:19:53', 2),
('93.76.210.23', '2018-03-10 19:59:11', 2),
('93.80.231.219', '2017-10-26 13:23:25', 1),
('93.86.187.56', '2018-02-02 07:39:40', 2),
('93.86.241.75', '2018-02-25 22:21:20', 2),
('93.86.99.205', '2018-03-10 11:19:28', 2),
('93.87.200.224', '2018-01-29 23:05:42', 2),
('93.89.102.190', '2018-02-23 07:32:41', 2),
('94.0.133.95', '2018-01-24 10:04:30', 2),
('94.103.231.235', '2018-06-12 09:32:24', 1),
('94.110.28.59', '2018-02-03 21:15:15', 2),
('94.122.149.140', '2018-03-10 10:09:06', 2),
('94.122.39.193', '2018-01-24 11:35:05', 2),
('94.127.33.4', '2018-04-11 11:59:05', 4),
('94.128.163.251', '2018-03-10 16:34:56', 2),
('94.129.236.12', '2018-03-08 15:24:41', 2),
('94.130.11.17', '2017-09-17 08:53:03', 6),
('94.130.15.84', '2017-10-21 07:19:17', 11),
('94.130.15.91', '2017-10-05 03:13:13', 22),
('94.130.217.27', '2018-01-22 23:50:21', 2),
('94.130.228.163', '2018-01-01 01:41:26', 1),
('94.130.66.222', '2017-09-29 20:27:20', 8),
('94.130.66.223', '2017-09-17 08:48:20', 10),
('94.132.137.146', '2018-02-08 06:43:20', 2),
('94.205.253.226', '2018-01-23 09:58:41', 2),
('94.207.148.121', '2018-02-04 04:51:55', 2),
('94.21.110.109', '2018-01-30 16:14:54', 2),
('94.21.135.121', '2018-03-04 03:47:29', 2),
('94.213.10.185', '2018-03-07 05:43:01', 2),
('94.23.200.86', '2018-05-09 03:42:09', 2),
('94.23.220.151', '2018-01-25 17:18:02', 1),
('94.23.24.82', '2018-05-24 23:20:50', 1),
('94.23.33.45', '2018-02-26 07:26:00', 2),
('94.239.66.169', '2017-09-30 23:10:55', 1),
('94.247.203.193', '2018-01-17 13:46:45', 2),
('94.25.168.155', '2018-01-22 12:55:06', 9),
('94.25.168.185', '2018-02-24 11:45:16', 2),
('94.36.43.21', '2018-02-25 13:52:56', 2),
('94.4.34.112', '2018-03-02 18:38:16', 2),
('94.49.165.75', '2018-02-04 18:54:07', 2),
('94.49.248.206', '2018-02-24 10:01:52', 2),
('94.52.43.166', '2018-02-04 14:23:27', 2),
('94.54.225.251', '2018-02-14 03:55:17', 2),
('94.59.148.167', '2018-01-25 18:17:53', 2),
('94.64.240.219', '2018-02-20 22:24:14', 2),
('94.67.15.207', '2018-02-21 15:28:52', 2),
('94.69.70.123', '2018-02-28 15:56:32', 2),
('94.72.96.141', '2018-02-08 21:36:13', 2),
('94.76.154.208', '2018-03-07 17:07:47', 2),
('94.76.7.182', '2018-01-24 07:17:24', 2),
('94.97.24.247', '2018-01-17 09:33:37', 2),
('95.0.194.3', '2018-01-18 02:59:27', 2),
('95.10.0.60', '2018-01-30 21:01:05', 2),
('95.122.205.170', '2018-01-30 17:37:52', 2),
('95.122.46.156', '2018-02-01 15:34:41', 2),
('95.138.113.135', '2018-03-10 06:32:22', 2),
('95.143.30.109', '2018-03-11 09:12:46', 1),
('95.156.163.145', '2018-03-05 19:25:27', 2),
('95.158.189.118', '2018-01-24 10:16:18', 3),
('95.16.235.161', '2018-02-21 14:56:34', 2),
('95.16.80.133', '2018-02-05 22:15:34', 2),
('95.160.153.129', '2018-02-15 19:09:05', 2),
('95.160.154.64', '2018-03-04 13:13:46', 2),
('95.160.156.212', '2018-02-26 15:50:18', 2),
('95.160.158.74', '2018-01-15 21:58:34', 2),
('95.163.105.233', '2017-11-23 17:40:47', 1),
('95.164.57.226', '2018-01-18 17:37:29', 2),
('95.168.41.22', '2018-01-21 19:03:31', 2),
('95.17.52.148', '2018-02-22 15:03:17', 2),
('95.175.97.229', '2017-10-10 06:30:30', 3),
('95.178.240.212', '2018-02-07 10:47:01', 2),
('95.179.141.202', '2018-06-07 22:50:37', 4),
('95.180.128.144', '2018-02-10 13:39:09', 2),
('95.181.179.33', '2018-04-10 15:52:03', 1),
('95.187.138.48', '2018-02-23 21:01:12', 2),
('95.213.233.26', '2018-05-15 11:56:31', 1),
('95.216.10.82', '2018-05-24 02:03:56', 2),
('95.216.11.240', '2018-05-15 01:49:47', 2),
('95.216.16.50', '2018-05-26 07:48:24', 2),
('95.216.17.22', '2018-05-19 03:56:11', 2),
('95.216.19.25', '2018-05-22 04:17:43', 2),
('95.216.2.81', '2018-05-24 02:30:49', 205),
('95.216.5.160', '2018-05-06 02:10:59', 2),
('95.216.5.212', '2018-05-25 08:34:46', 94),
('95.216.7.29', '2018-05-18 02:42:59', 5),
('95.216.9.245', '2018-05-21 02:21:21', 2),
('95.219.251.95', '2018-02-04 21:29:59', 2),
('95.220.111.34', '2017-11-04 11:25:24', 1),
('95.220.116.27', '2017-12-17 10:33:55', 1),
('95.220.36.183', '2018-01-28 19:30:04', 2),
('95.220.93.2', '2017-12-27 06:17:07', 1),
('95.221.209.209', '2018-02-04 07:10:46', 1),
('95.221.221.3', '2018-02-26 12:11:08', 4),
('95.221.61.40', '2017-10-31 19:02:03', 1),
('95.232.205.210', '2018-02-15 00:40:43', 2),
('95.234.188.39', '2018-01-10 19:50:15', 2),
('95.236.154.55', '2018-03-05 22:49:37', 2),
('95.236.229.72', '2018-02-18 00:29:06', 2),
('95.24.146.125', '2017-10-22 11:00:53', 1),
('95.24.200.78', '2017-10-21 00:41:19', 1),
('95.24.90.139', '2017-11-03 02:16:35', 1),
('95.246.84.89', '2018-02-26 20:15:02', 2),
('95.248.115.78', '2018-02-01 21:17:34', 2),
('95.248.131.88', '2018-01-26 14:52:21', 2),
('95.248.4.227', '2018-02-03 12:16:58', 2),
('95.27.253.89', '2018-02-22 00:26:36', 1),
('95.28.174.119', '2018-05-31 05:52:06', 1),
('95.28.182.226', '2017-12-11 04:37:22', 1),
('95.28.190.43', '2018-03-11 22:24:02', 1),
('95.28.8.172', '2018-03-12 03:14:52', 1),
('95.37.109.78', '2018-03-31 06:49:39', 9),
('95.37.167.190', '2018-05-16 12:23:27', 9),
('95.37.96.179', '2018-04-28 00:57:48', 9),
('95.39.187.164', '2018-02-08 16:34:18', 2),
('95.46.45.83', '2017-10-24 15:48:57', 1),
('95.57.249.182', '2018-02-25 10:17:44', 2),
('95.60.61.30', '2018-01-15 17:42:46', 2),
('95.69.132.141', '2018-03-01 21:20:36', 2),
('95.77.221.9', '2018-02-11 18:36:14', 2),
('95.78.142.194', '2018-02-08 17:28:40', 2),
('95.83.67.149', '2018-01-14 16:15:40', 2),
('95.84.128.167', '2018-02-17 09:40:49', 1),
('95.84.232.13', '2017-11-27 06:06:07', 1),
('95.85.15.177', '2017-12-15 10:50:21', 2),
('95.91.221.35', '2018-04-17 16:09:24', 1),
('96.21.209.193', '2018-02-21 01:59:09', 2),
('96.242.20.18', '2018-02-01 20:31:19', 2),
('96.255.14.191', '2017-11-22 13:54:54', 1),
('96.30.108.49', '2018-02-17 10:07:20', 2),
('96.54.57.42', '2018-01-19 07:19:13', 2),
('96.8.169.116', '2018-02-07 09:30:47', 2),
('97.74.36.101', '2017-10-02 21:07:58', 1),
('97.74.36.102', '2017-10-24 22:26:46', 1),
('97.75.96.253', '2018-03-02 04:01:17', 2),
('97.83.214.21', '2018-02-23 09:43:46', 2),
('98.109.120.59', '2018-02-07 04:57:01', 2),
('98.118.86.186', '2018-03-02 20:49:55', 2),
('98.121.218.125', '2018-01-16 04:54:29', 2),
('98.159.75.247', '2018-02-11 07:15:14', 2),
('98.194.222.39', '2018-01-16 05:00:10', 2),
('98.196.235.62', '2018-01-24 02:57:51', 2),
('98.223.132.254', '2018-01-19 17:33:46', 2),
('98.233.253.66', '2017-09-30 13:25:46', 1),
('98.247.8.18', '2018-01-18 23:48:34', 2),
('98.5.221.73', '2018-02-16 09:12:39', 2),
('99.100.222.210', '2018-01-13 05:29:34', 2),
('99.102.224.136', '2018-01-21 14:38:13', 2),
('::1', '2017-09-03 00:42:54', 1871);

--
-- Index pour les tables déchargées
--

--
-- Index pour la table `agenda`
--
ALTER TABLE `agenda`
  ADD PRIMARY KEY (`id`);

--
-- Index pour la table `availability`
--
ALTER TABLE `availability`
  ADD PRIMARY KEY (`id`),
  ADD KEY `fk_period_av` (`period`),
  ADD KEY `fk_user_av` (`user`);

--
-- Index pour la table `category`
--
ALTER TABLE `category`
  ADD PRIMARY KEY (`id`),
  ADD KEY `fk_forum_cat` (`forum`);

--
-- Index pour la table `comment`
--
ALTER TABLE `comment`
  ADD PRIMARY KEY (`id`),
  ADD KEY `fk_user_comment` (`user`),
  ADD KEY `fk_post_comment` (`post`);

--
-- Index pour la table `document`
--
ALTER TABLE `document`
  ADD PRIMARY KEY (`id`),
  ADD KEY `fk_user_document` (`user`);

--
-- Index pour la table `evaluation`
--
ALTER TABLE `evaluation`
  ADD PRIMARY KEY (`id`),
  ADD KEY `fk_lesson_ev` (`lesson`);

--
-- Index pour la table `evaluation_plannings`
--
ALTER TABLE `evaluation_plannings`
  ADD PRIMARY KEY (`id`);

--
-- Index pour la table `evaluation_results`
--
ALTER TABLE `evaluation_results`
  ADD PRIMARY KEY (`id`),
  ADD KEY `promotion` (`promotion`),
  ADD KEY `fk_ev_results` (`evaluation`);

--
-- Index pour la table `e_answer`
--
ALTER TABLE `e_answer`
  ADD PRIMARY KEY (`id_aswr`),
  ADD KEY `question` (`id_qst`);

--
-- Index pour la table `e_build`
--
ALTER TABLE `e_build`
  ADD PRIMARY KEY (`id_bld`),
  ADD KEY `exercise` (`id_ex`),
  ADD KEY `e_test` (`id_test`);

--
-- Index pour la table `e_chapter`
--
ALTER TABLE `e_chapter`
  ADD PRIMARY KEY (`id_chap`),
  ADD KEY `id_lesson` (`id_lesson`),
  ADD KEY `id_user` (`id_user`);

--
-- Index pour la table `e_communication`
--
ALTER TABLE `e_communication`
  ADD PRIMARY KEY (`id_com`),
  ADD KEY `user` (`id_user`),
  ADD KEY `e_course_session` (`id_sess`);

--
-- Index pour la table `e_composed`
--
ALTER TABLE `e_composed`
  ADD PRIMARY KEY (`id_cmps`),
  ADD KEY `module_teach` (`id_mod`),
  ADD KEY `lesson` (`id_lesson`);

--
-- Index pour la table `e_composition`
--
ALTER TABLE `e_composition`
  ADD PRIMARY KEY (`id_compo`),
  ADD KEY `id_wave` (`id_wave`),
  ADD KEY `id_wave_2` (`id_wave`,`id_test`);

--
-- Index pour la table `e_content`
--
ALTER TABLE `e_content`
  ADD PRIMARY KEY (`id_cnt`),
  ADD KEY `wave` (`id_wv`),
  ADD KEY `user` (`id_user`);

--
-- Index pour la table `e_course_session`
--
ALTER TABLE `e_course_session`
  ADD PRIMARY KEY (`id_sess`),
  ADD KEY `e_wave` (`id_wv`),
  ADD KEY `user` (`id_user`),
  ADD KEY `e_module_teach` (`id_mod`);

--
-- Index pour la table `e_delay`
--
ALTER TABLE `e_delay`
  ADD PRIMARY KEY (`id_delay`),
  ADD KEY `id_wave` (`id_wave`);

--
-- Index pour la table `e_exercise`
--
ALTER TABLE `e_exercise`
  ADD PRIMARY KEY (`id_exercise`),
  ADD KEY `lesson` (`id_lesson`);

--
-- Index pour la table `e_manage`
--
ALTER TABLE `e_manage`
  ADD PRIMARY KEY (`id_mng`),
  ADD KEY `wave` (`id_wv`),
  ADD KEY `user` (`id_user`);

--
-- Index pour la table `e_module_teach`
--
ALTER TABLE `e_module_teach`
  ADD PRIMARY KEY (`id_mod`);

--
-- Index pour la table `e_operator`
--
ALTER TABLE `e_operator`
  ADD PRIMARY KEY (`id_op`);

--
-- Index pour la table `e_paid`
--
ALTER TABLE `e_paid`
  ADD PRIMARY KEY (`id_paid`),
  ADD KEY `slice` (`id_lesson`),
  ADD KEY `user` (`id_user`),
  ADD KEY `id_op` (`id_op`);

--
-- Index pour la table `e_presence`
--
ALTER TABLE `e_presence`
  ADD PRIMARY KEY (`id_prsc`),
  ADD KEY `user` (`id_user`),
  ADD KEY `e_course_session` (`id_sess`);

--
-- Index pour la table `e_product`
--
ALTER TABLE `e_product`
  ADD PRIMARY KEY (`id_prd`),
  ADD UNIQUE KEY `admit` (`id_prd`),
  ADD KEY `e_statement` (`id_state`);

--
-- Index pour la table `e_provided`
--
ALTER TABLE `e_provided`
  ADD PRIMARY KEY (`id_pvd`),
  ADD KEY `module_teach` (`id_mod`),
  ADD KEY `user` (`id_user`),
  ADD KEY `e_wave` (`id_wv`);

--
-- Index pour la table `e_question`
--
ALTER TABLE `e_question`
  ADD PRIMARY KEY (`id_question`);

--
-- Index pour la table `e_report`
--
ALTER TABLE `e_report`
  ADD PRIMARY KEY (`id_rpt`),
  ADD KEY `user` (`id_user`),
  ADD KEY `id_lesson` (`id_lesson`);

--
-- Index pour la table `e_request`
--
ALTER TABLE `e_request`
  ADD PRIMARY KEY (`id_rqst`),
  ADD KEY `user` (`id_user`),
  ADD KEY `lesson` (`id_lesson`);

--
-- Index pour la table `e_slices`
--
ALTER TABLE `e_slices`
  ADD PRIMARY KEY (`id_slc`),
  ADD KEY `lesson` (`id_lesson`);

--
-- Index pour la table `e_statement`
--
ALTER TABLE `e_statement`
  ADD PRIMARY KEY (`id_state`),
  ADD KEY `composition` (`id_compo`),
  ADD KEY `user` (`id_user`);

--
-- Index pour la table `e_test`
--
ALTER TABLE `e_test`
  ADD PRIMARY KEY (`id_test`),
  ADD KEY `type_test` (`id_type_test`),
  ADD KEY `user` (`id_user`),
  ADD KEY `e_wave` (`id_wave`);

--
-- Index pour la table `e_training`
--
ALTER TABLE `e_training`
  ADD PRIMARY KEY (`id_trng`),
  ADD KEY `index` (`id_user`),
  ADD KEY `lesson` (`id_lesson`);

--
-- Index pour la table `e_type_test`
--
ALTER TABLE `e_type_test`
  ADD PRIMARY KEY (`id_type_test`);

--
-- Index pour la table `e_wave`
--
ALTER TABLE `e_wave`
  ADD PRIMARY KEY (`id_wave`),
  ADD KEY `lesson` (`id_lesson`),
  ADD KEY `user` (`id_user`);

--
-- Index pour la table `e_week`
--
ALTER TABLE `e_week`
  ADD PRIMARY KEY (`id_week`);

--
-- Index pour la table `e_work_exo`
--
ALTER TABLE `e_work_exo`
  ADD PRIMARY KEY (`id_wk`),
  ADD KEY `exercise` (`id_ex`),
  ADD KEY `user` (`id_user`);

--
-- Index pour la table `forum`
--
ALTER TABLE `forum`
  ADD PRIMARY KEY (`id`);

--
-- Index pour la table `lesson`
--
ALTER TABLE `lesson`
  ADD PRIMARY KEY (`id`),
  ADD KEY `user` (`id_user`);

--
-- Index pour la table `lesson_allocation`
--
ALTER TABLE `lesson_allocation`
  ADD PRIMARY KEY (`id`),
  ADD KEY `fk_user_less_all` (`user`),
  ADD KEY `fk_lesson_less_all` (`lesson`);

--
-- Index pour la table `lesson_slip`
--
ALTER TABLE `lesson_slip`
  ADD PRIMARY KEY (`id`),
  ADD KEY `fk_session_less_slip` (`session`);

--
-- Index pour la table `log`
--
ALTER TABLE `log`
  ADD PRIMARY KEY (`id`),
  ADD KEY `fk_author_log` (`author`);

--
-- Index pour la table `mailing`
--
ALTER TABLE `mailing`
  ADD PRIMARY KEY (`id`),
  ADD UNIQUE KEY `email` (`email`);

--
-- Index pour la table `material`
--
ALTER TABLE `material`
  ADD PRIMARY KEY (`id`);

--
-- Index pour la table `message`
--
ALTER TABLE `message`
  ADD PRIMARY KEY (`id`);

--
-- Index pour la table `msoft_flash`
--
ALTER TABLE `msoft_flash`
  ADD PRIMARY KEY (`id`);

--
-- Index pour la table `news`
--
ALTER TABLE `news`
  ADD PRIMARY KEY (`id`);

--
-- Index pour la table `note`
--
ALTER TABLE `note`
  ADD PRIMARY KEY (`id`),
  ADD KEY `fk_ev_note` (`student`),
  ADD KEY `fk_eval_note` (`evaluation`);

--
-- Index pour la table `notification`
--
ALTER TABLE `notification`
  ADD PRIMARY KEY (`id`);

--
-- Index pour la table `notification_model`
--
ALTER TABLE `notification_model`
  ADD PRIMARY KEY (`id`);

--
-- Index pour la table `notification_views`
--
ALTER TABLE `notification_views`
  ADD PRIMARY KEY (`id`,`user`,`notification`),
  ADD KEY `fk_user_notif_view` (`user`),
  ADD KEY `fk_notif_notif_view` (`notification`);

--
-- Index pour la table `period`
--
ALTER TABLE `period`
  ADD PRIMARY KEY (`id`);

--
-- Index pour la table `post`
--
ALTER TABLE `post`
  ADD PRIMARY KEY (`id`),
  ADD KEY `fk_user_post` (`user`),
  ADD KEY `fk_cat_post` (`category`);

--
-- Index pour la table `promotion`
--
ALTER TABLE `promotion`
  ADD PRIMARY KEY (`id`),
  ADD KEY `fk_lesson_promo` (`lesson`);

--
-- Index pour la table `pws_sms`
--
ALTER TABLE `pws_sms`
  ADD PRIMARY KEY (`id`);

--
-- Index pour la table `registration`
--
ALTER TABLE `registration`
  ADD PRIMARY KEY (`id`),
  ADD KEY `fk_user_reg` (`user`);

--
-- Index pour la table `role`
--
ALTER TABLE `role`
  ADD PRIMARY KEY (`id`);

--
-- Index pour la table `sessions`
--
ALTER TABLE `sessions`
  ADD PRIMARY KEY (`id`),
  ADD KEY `fk_lesson_session` (`lesson`),
  ADD KEY `fk_user_session` (`user`),
  ADD KEY `fk_period_session` (`period`);

--
-- Index pour la table `test`
--
ALTER TABLE `test`
  ADD PRIMARY KEY (`id`);

--
-- Index pour la table `transaction`
--
ALTER TABLE `transaction`
  ADD PRIMARY KEY (`id`),
  ADD KEY `fk_user_trans` (`user`),
  ADD KEY `fk_mat_trans` (`material`);

--
-- Index pour la table `user`
--
ALTER TABLE `user`
  ADD PRIMARY KEY (`id`),
  ADD UNIQUE KEY `number_id` (`number_id`);

--
-- Index pour la table `user_role`
--
ALTER TABLE `user_role`
  ADD PRIMARY KEY (`id`),
  ADD KEY `fk_user_ur` (`user`);

--
-- Index pour la table `visitors`
--
ALTER TABLE `visitors`
  ADD PRIMARY KEY (`ip`);

--
-- AUTO_INCREMENT pour les tables déchargées
--

--
-- AUTO_INCREMENT pour la table `agenda`
--
ALTER TABLE `agenda`
  MODIFY `id` int(11) NOT NULL AUTO_INCREMENT, AUTO_INCREMENT=8;

--
-- AUTO_INCREMENT pour la table `availability`
--
ALTER TABLE `availability`
  MODIFY `id` int(11) NOT NULL AUTO_INCREMENT, AUTO_INCREMENT=91;

--
-- AUTO_INCREMENT pour la table `category`
--
ALTER TABLE `category`
  MODIFY `id` int(11) NOT NULL AUTO_INCREMENT, AUTO_INCREMENT=22;

--
-- AUTO_INCREMENT pour la table `comment`
--
ALTER TABLE `comment`
  MODIFY `id` int(11) NOT NULL AUTO_INCREMENT, AUTO_INCREMENT=5;

--
-- AUTO_INCREMENT pour la table `document`
--
ALTER TABLE `document`
  MODIFY `id` int(11) NOT NULL AUTO_INCREMENT, AUTO_INCREMENT=12;

--
-- AUTO_INCREMENT pour la table `evaluation`
--
ALTER TABLE `evaluation`
  MODIFY `id` int(11) NOT NULL AUTO_INCREMENT, AUTO_INCREMENT=73;

--
-- AUTO_INCREMENT pour la table `evaluation_plannings`
--
ALTER TABLE `evaluation_plannings`
  MODIFY `id` int(11) NOT NULL AUTO_INCREMENT, AUTO_INCREMENT=18;

--
-- AUTO_INCREMENT pour la table `evaluation_results`
--
ALTER TABLE `evaluation_results`
  MODIFY `id` int(11) NOT NULL AUTO_INCREMENT, AUTO_INCREMENT=79;

--
-- AUTO_INCREMENT pour la table `e_answer`
--
ALTER TABLE `e_answer`
  MODIFY `id_aswr` int(11) NOT NULL AUTO_INCREMENT, AUTO_INCREMENT=47;

--
-- AUTO_INCREMENT pour la table `e_build`
--
ALTER TABLE `e_build`
  MODIFY `id_bld` int(11) NOT NULL AUTO_INCREMENT, AUTO_INCREMENT=13;

--
-- AUTO_INCREMENT pour la table `e_chapter`
--
ALTER TABLE `e_chapter`
  MODIFY `id_chap` int(11) NOT NULL AUTO_INCREMENT, AUTO_INCREMENT=14;

--
-- AUTO_INCREMENT pour la table `e_communication`
--
ALTER TABLE `e_communication`
  MODIFY `id_com` int(11) NOT NULL AUTO_INCREMENT, AUTO_INCREMENT=33;

--
-- AUTO_INCREMENT pour la table `e_composed`
--
ALTER TABLE `e_composed`
  MODIFY `id_cmps` int(11) NOT NULL AUTO_INCREMENT, AUTO_INCREMENT=18;

--
-- AUTO_INCREMENT pour la table `e_composition`
--
ALTER TABLE `e_composition`
  MODIFY `id_compo` int(11) NOT NULL AUTO_INCREMENT, AUTO_INCREMENT=6;

--
-- AUTO_INCREMENT pour la table `e_content`
--
ALTER TABLE `e_content`
  MODIFY `id_cnt` int(11) NOT NULL AUTO_INCREMENT, AUTO_INCREMENT=18;

--
-- AUTO_INCREMENT pour la table `e_course_session`
--
ALTER TABLE `e_course_session`
  MODIFY `id_sess` int(11) NOT NULL AUTO_INCREMENT, AUTO_INCREMENT=4;

--
-- AUTO_INCREMENT pour la table `e_delay`
--
ALTER TABLE `e_delay`
  MODIFY `id_delay` int(11) NOT NULL AUTO_INCREMENT, AUTO_INCREMENT=9;

--
-- AUTO_INCREMENT pour la table `e_exercise`
--
ALTER TABLE `e_exercise`
  MODIFY `id_exercise` int(11) NOT NULL AUTO_INCREMENT, AUTO_INCREMENT=48;

--
-- AUTO_INCREMENT pour la table `e_manage`
--
ALTER TABLE `e_manage`
  MODIFY `id_mng` int(11) NOT NULL AUTO_INCREMENT;

--
-- AUTO_INCREMENT pour la table `e_module_teach`
--
ALTER TABLE `e_module_teach`
  MODIFY `id_mod` int(11) NOT NULL AUTO_INCREMENT, AUTO_INCREMENT=68;

--
-- AUTO_INCREMENT pour la table `e_operator`
--
ALTER TABLE `e_operator`
  MODIFY `id_op` int(11) NOT NULL AUTO_INCREMENT, AUTO_INCREMENT=6;

--
-- AUTO_INCREMENT pour la table `e_paid`
--
ALTER TABLE `e_paid`
  MODIFY `id_paid` int(11) NOT NULL AUTO_INCREMENT, AUTO_INCREMENT=12;

--
-- AUTO_INCREMENT pour la table `e_presence`
--
ALTER TABLE `e_presence`
  MODIFY `id_prsc` int(11) NOT NULL AUTO_INCREMENT, AUTO_INCREMENT=4;

--
-- AUTO_INCREMENT pour la table `e_product`
--
ALTER TABLE `e_product`
  MODIFY `id_prd` int(11) NOT NULL AUTO_INCREMENT;

--
-- AUTO_INCREMENT pour la table `e_provided`
--
ALTER TABLE `e_provided`
  MODIFY `id_pvd` int(11) NOT NULL AUTO_INCREMENT, AUTO_INCREMENT=5;

--
-- AUTO_INCREMENT pour la table `e_question`
--
ALTER TABLE `e_question`
  MODIFY `id_question` int(11) NOT NULL AUTO_INCREMENT, AUTO_INCREMENT=34;

--
-- AUTO_INCREMENT pour la table `e_report`
--
ALTER TABLE `e_report`
  MODIFY `id_rpt` int(11) NOT NULL AUTO_INCREMENT, AUTO_INCREMENT=14;

--
-- AUTO_INCREMENT pour la table `e_request`
--
ALTER TABLE `e_request`
  MODIFY `id_rqst` int(11) NOT NULL AUTO_INCREMENT, AUTO_INCREMENT=5;

--
-- AUTO_INCREMENT pour la table `e_slices`
--
ALTER TABLE `e_slices`
  MODIFY `id_slc` int(11) NOT NULL AUTO_INCREMENT, AUTO_INCREMENT=7;

--
-- AUTO_INCREMENT pour la table `e_statement`
--
ALTER TABLE `e_statement`
  MODIFY `id_state` int(11) NOT NULL AUTO_INCREMENT COMMENT 'L''id des relevés de note', AUTO_INCREMENT=5;

--
-- AUTO_INCREMENT pour la table `e_test`
--
ALTER TABLE `e_test`
  MODIFY `id_test` int(11) NOT NULL AUTO_INCREMENT, AUTO_INCREMENT=10;

--
-- AUTO_INCREMENT pour la table `e_training`
--
ALTER TABLE `e_training`
  MODIFY `id_trng` int(11) NOT NULL AUTO_INCREMENT, AUTO_INCREMENT=31;

--
-- AUTO_INCREMENT pour la table `e_type_test`
--
ALTER TABLE `e_type_test`
  MODIFY `id_type_test` int(11) NOT NULL AUTO_INCREMENT, AUTO_INCREMENT=8;

--
-- AUTO_INCREMENT pour la table `e_wave`
--
ALTER TABLE `e_wave`
  MODIFY `id_wave` int(11) NOT NULL AUTO_INCREMENT, AUTO_INCREMENT=17;

--
-- AUTO_INCREMENT pour la table `e_week`
--
ALTER TABLE `e_week`
  MODIFY `id_week` int(11) NOT NULL AUTO_INCREMENT;

--
-- AUTO_INCREMENT pour la table `e_work_exo`
--
ALTER TABLE `e_work_exo`
  MODIFY `id_wk` int(11) NOT NULL AUTO_INCREMENT, AUTO_INCREMENT=50;

--
-- AUTO_INCREMENT pour la table `forum`
--
ALTER TABLE `forum`
  MODIFY `id` int(11) NOT NULL AUTO_INCREMENT, AUTO_INCREMENT=3;

--
-- AUTO_INCREMENT pour la table `lesson`
--
ALTER TABLE `lesson`
  MODIFY `id` int(11) NOT NULL AUTO_INCREMENT, AUTO_INCREMENT=25;

--
-- AUTO_INCREMENT pour la table `lesson_allocation`
--
ALTER TABLE `lesson_allocation`
  MODIFY `id` int(11) NOT NULL AUTO_INCREMENT, AUTO_INCREMENT=51;

--
-- AUTO_INCREMENT pour la table `lesson_slip`
--
ALTER TABLE `lesson_slip`
  MODIFY `id` int(11) NOT NULL AUTO_INCREMENT, AUTO_INCREMENT=301;

--
-- AUTO_INCREMENT pour la table `log`
--
ALTER TABLE `log`
  MODIFY `id` int(11) NOT NULL AUTO_INCREMENT, AUTO_INCREMENT=602;

--
-- AUTO_INCREMENT pour la table `mailing`
--
ALTER TABLE `mailing`
  MODIFY `id` int(11) NOT NULL AUTO_INCREMENT, AUTO_INCREMENT=50;

--
-- AUTO_INCREMENT pour la table `material`
--
ALTER TABLE `material`
  MODIFY `id` int(11) NOT NULL AUTO_INCREMENT;

--
-- AUTO_INCREMENT pour la table `message`
--
ALTER TABLE `message`
  MODIFY `id` int(11) NOT NULL AUTO_INCREMENT, AUTO_INCREMENT=5;

--
-- AUTO_INCREMENT pour la table `msoft_flash`
--
ALTER TABLE `msoft_flash`
  MODIFY `id` int(11) NOT NULL AUTO_INCREMENT, AUTO_INCREMENT=14;

--
-- AUTO_INCREMENT pour la table `news`
--
ALTER TABLE `news`
  MODIFY `id` int(11) NOT NULL AUTO_INCREMENT, AUTO_INCREMENT=37;

--
-- AUTO_INCREMENT pour la table `note`
--
ALTER TABLE `note`
  MODIFY `id` int(11) NOT NULL AUTO_INCREMENT, AUTO_INCREMENT=126;

--
-- AUTO_INCREMENT pour la table `notification`
--
ALTER TABLE `notification`
  MODIFY `id` int(11) NOT NULL AUTO_INCREMENT, AUTO_INCREMENT=592;

--
-- AUTO_INCREMENT pour la table `notification_model`
--
ALTER TABLE `notification_model`
  MODIFY `id` int(11) NOT NULL AUTO_INCREMENT, AUTO_INCREMENT=2;

--
-- AUTO_INCREMENT pour la table `notification_views`
--
ALTER TABLE `notification_views`
  MODIFY `id` int(11) NOT NULL AUTO_INCREMENT, AUTO_INCREMENT=1153;

--
-- AUTO_INCREMENT pour la table `period`
--
ALTER TABLE `period`
  MODIFY `id` int(11) NOT NULL AUTO_INCREMENT, AUTO_INCREMENT=4;

--
-- AUTO_INCREMENT pour la table `post`
--
ALTER TABLE `post`
  MODIFY `id` int(11) NOT NULL AUTO_INCREMENT, AUTO_INCREMENT=7;

--
-- AUTO_INCREMENT pour la table `promotion`
--
ALTER TABLE `promotion`
  MODIFY `id` int(10) UNSIGNED NOT NULL AUTO_INCREMENT, AUTO_INCREMENT=21;

--
-- AUTO_INCREMENT pour la table `pws_sms`
--
ALTER TABLE `pws_sms`
  MODIFY `id` int(11) NOT NULL AUTO_INCREMENT, AUTO_INCREMENT=2;

--
-- AUTO_INCREMENT pour la table `registration`
--
ALTER TABLE `registration`
  MODIFY `id` int(11) NOT NULL AUTO_INCREMENT, AUTO_INCREMENT=40;

--
-- AUTO_INCREMENT pour la table `role`
--
ALTER TABLE `role`
  MODIFY `id` int(11) NOT NULL AUTO_INCREMENT, AUTO_INCREMENT=7;

--
-- AUTO_INCREMENT pour la table `sessions`
--
ALTER TABLE `sessions`
  MODIFY `id` int(11) NOT NULL AUTO_INCREMENT, AUTO_INCREMENT=301;

--
-- AUTO_INCREMENT pour la table `test`
--
ALTER TABLE `test`
  MODIFY `id` int(11) NOT NULL AUTO_INCREMENT, AUTO_INCREMENT=5;

--
-- AUTO_INCREMENT pour la table `transaction`
--
ALTER TABLE `transaction`
  MODIFY `id` int(11) NOT NULL AUTO_INCREMENT;

--
-- AUTO_INCREMENT pour la table `user`
--
ALTER TABLE `user`
  MODIFY `id` int(11) NOT NULL AUTO_INCREMENT, AUTO_INCREMENT=79;

--
-- AUTO_INCREMENT pour la table `user_role`
--
ALTER TABLE `user_role`
  MODIFY `id` int(11) NOT NULL AUTO_INCREMENT, AUTO_INCREMENT=175;

--
-- Contraintes pour les tables déchargées
--

--
-- Contraintes pour la table `availability`
--
ALTER TABLE `availability`
  ADD CONSTRAINT `fk_period_av` FOREIGN KEY (`period`) REFERENCES `period` (`id`),
  ADD CONSTRAINT `fk_user_av` FOREIGN KEY (`user`) REFERENCES `user` (`id`);

--
-- Contraintes pour la table `category`
--
ALTER TABLE `category`
  ADD CONSTRAINT `fk_forum_cat` FOREIGN KEY (`forum`) REFERENCES `forum` (`id`);

--
-- Contraintes pour la table `comment`
--
ALTER TABLE `comment`
  ADD CONSTRAINT `fk_post_comment` FOREIGN KEY (`post`) REFERENCES `post` (`id`),
  ADD CONSTRAINT `fk_user_comment` FOREIGN KEY (`user`) REFERENCES `user` (`id`);

--
-- Contraintes pour la table `document`
--
ALTER TABLE `document`
  ADD CONSTRAINT `fk_user_document` FOREIGN KEY (`user`) REFERENCES `user` (`id`);

--
-- Contraintes pour la table `evaluation`
--
ALTER TABLE `evaluation`
  ADD CONSTRAINT `fk_lesson_ev` FOREIGN KEY (`lesson`) REFERENCES `lesson` (`id`);

--
-- Contraintes pour la table `lesson_allocation`
--
ALTER TABLE `lesson_allocation`
  ADD CONSTRAINT `fk_lesson_less_all` FOREIGN KEY (`lesson`) REFERENCES `lesson` (`id`),
  ADD CONSTRAINT `fk_user_less_all` FOREIGN KEY (`user`) REFERENCES `user` (`id`);

--
-- Contraintes pour la table `lesson_slip`
--
ALTER TABLE `lesson_slip`
  ADD CONSTRAINT `fk_session_less_slip` FOREIGN KEY (`session`) REFERENCES `sessions` (`id`);

--
-- Contraintes pour la table `log`
--
ALTER TABLE `log`
  ADD CONSTRAINT `fk_author_log` FOREIGN KEY (`author`) REFERENCES `user` (`id`);

--
-- Contraintes pour la table `note`
--
ALTER TABLE `note`
  ADD CONSTRAINT `fk_ev_note` FOREIGN KEY (`student`) REFERENCES `user` (`id`),
  ADD CONSTRAINT `fk_eval_note` FOREIGN KEY (`evaluation`) REFERENCES `evaluation` (`id`);

--
-- Contraintes pour la table `notification_views`
--
ALTER TABLE `notification_views`
  ADD CONSTRAINT `fk_notif_notif_view` FOREIGN KEY (`notification`) REFERENCES `notification` (`id`),
  ADD CONSTRAINT `fk_user_notif_view` FOREIGN KEY (`user`) REFERENCES `user` (`id`);

--
-- Contraintes pour la table `post`
--
ALTER TABLE `post`
  ADD CONSTRAINT `fk_cat_post` FOREIGN KEY (`category`) REFERENCES `category` (`id`),
  ADD CONSTRAINT `fk_user_post` FOREIGN KEY (`user`) REFERENCES `user` (`id`);

--
-- Contraintes pour la table `promotion`
--
ALTER TABLE `promotion`
  ADD CONSTRAINT `fk_lesson_promo` FOREIGN KEY (`lesson`) REFERENCES `lesson` (`id`);

--
-- Contraintes pour la table `registration`
--
ALTER TABLE `registration`
  ADD CONSTRAINT `fk_user_reg` FOREIGN KEY (`user`) REFERENCES `user` (`id`);

--
-- Contraintes pour la table `sessions`
--
ALTER TABLE `sessions`
  ADD CONSTRAINT `fk_lesson_session` FOREIGN KEY (`lesson`) REFERENCES `lesson` (`id`),
  ADD CONSTRAINT `fk_period_session` FOREIGN KEY (`period`) REFERENCES `period` (`id`),
  ADD CONSTRAINT `fk_user_session` FOREIGN KEY (`user`) REFERENCES `user` (`id`);

--
-- Contraintes pour la table `transaction`
--
ALTER TABLE `transaction`
  ADD CONSTRAINT `fk_mat_trans` FOREIGN KEY (`material`) REFERENCES `material` (`id`),
  ADD CONSTRAINT `fk_user_trans` FOREIGN KEY (`user`) REFERENCES `user` (`id`);

--
-- Contraintes pour la table `user_role`
--
ALTER TABLE `user_role`
  ADD CONSTRAINT `fk_user_ur` FOREIGN KEY (`user`) REFERENCES `user` (`id`);
COMMIT;

/*!40101 SET CHARACTER_SET_CLIENT=@OLD_CHARACTER_SET_CLIENT */;
/*!40101 SET CHARACTER_SET_RESULTS=@OLD_CHARACTER_SET_RESULTS */;
/*!40101 SET COLLATION_CONNECTION=@OLD_COLLATION_CONNECTION */;
